id,lat,long,timezone,yr,mon,day,hr,temp,rh,ws,prec,grass_fuel_load,percent_cured,solrad,sunrise,sunset,sunlight_hours,mcffmc,ffmc,dmc,dc,isi,bui,fwi,dsr,mcgfmc_matted,mcgfmc_standing,gfmc,gsi,gfwi,prec_cumulative,canopy_drying
PRF,45.996,-77.427,-4,2007,5,10,8,14.78,94.9,2.7324,0.0,0.35,84.4,0.0586,5.7464,20.4498,14.7034,18.4563,83.1265,6.0167,15.4092,1.8814,6.0893,0.8842,0.0219,20.5278,22.2388,79.9891,0.0,0.0,0.0,0.0
PRF,45.996,-77.427,-4,2007,5,10,9,17.44,79.11,3.6663,0.0,0.35,84.4,0.2937,5.7464,20.4498,14.7034,18.4679,83.1165,6.0976,15.8583,1.9695,6.218,0.9346,0.0241,18.1412,22.0928,81.817,0.8514,3.2216,0.0,0.0
PRF,45.996,-77.427,-4,2007,5,10,10,21.21,62.95,4.359,0.0,0.35,84.4,0.539,5.7464,20.4498,14.7034,17.9781,83.5392,6.2721,16.3639,2.1545,6.4059,1.2034,0.0377,12.7284,19.4418,85.9941,3.9279,13.0239,0.0,0.0
PRF,45.996,-77.427,-4,2007,5,10,11,23.6,46.17,8.21,0.0,0.35,84.4,0.6955,5.7464,20.4498,14.7034,16.4232,84.8979,6.5541,16.9054,3.1394,6.6565,2.5077,0.1384,8.6081,15.5152,88.7254,19.4806,24.462,0.0,0.0
PRF,45.996,-77.427,-4,2007,5,10,12,24.55,41.53,9.42,0.0,0.35,84.4,0.7681,5.7464,20.4498,14.7034,14.8799,86.2722,6.8728,17.4612,4.0407,6.9282,3.5302,0.2536,7.0091,13.41,89.6781,27.709,26.9787,0.0,0.0
PRF,45.996,-77.427,-4,2007,5,10,13,22.37,47.13,6.737,0.0,0.35,84.4,0.7731,5.7464,20.4498,14.7034,14.3306,86.7677,7.1353,17.9842,3.7861,7.1644,3.3337,0.2292,7.0091,13.41,90.0286,17.2066,23.5754,0.0,0.0
PRF,45.996,-77.427,-4,2007,5,10,14,18.11,88.2,2.116,0.5,0.35,84.4,0.3302,5.7464,20.4498,14.7034,16.0334,85.2425,7.1828,18.4434,2.4216,7.2788,1.7965,0.0767,82.5753,22.3593,42.846,0.0,0.0,0.5,0.0
PRF,45.996,-77.427,-4,2007,5,10,15,21.55,65.61,2.478,0.0,0.35,84.4,0.6294,5.7464,20.4498,14.7034,16.0334,85.2425,7.3473,18.9541,2.4662,7.4626,1.8937,0.0842,29.0321,20.0109,73.5717,0.0,0.0,0.5,1.0
PRF,45.996,-77.427,-4,2007,5,10,16,23.02,51.56,4.689,0.0,0.35,84.4,0.6084,5.7464,20.4498,14.7034,15.4214,85.787,7.5948,19.4869,2.9738,7.6935,2.5661,0.1442,12.9975,16.7369,85.7658,4.0527,13.2474,0.5,2.0
PRF,45.996,-77.427,-4,2007,5,10,17,23.94,47.2,2.393,0.0,0.35,84.4,0.5001,5.7464,20.4498,14.7034,14.7324,86.4049,7.8755,20.0335,2.8894,7.9438,2.522,0.1398,9.5251,14.8732,88.6065,3.2446,11.6589,0.5,3.0
PRF,45.996,-77.427,-4,2007,5,10,18,25.37,46.1,6.836,0.0,0.35,84.4,0.363,5.7464,20.4498,14.7034,13.958,87.1057,8.179,20.6016,3.9925,8.2097,3.8352,0.2937,9.5251,13.6208,88.2107,13.432,21.8064,0.5,4.0
PRF,45.996,-77.427,-4,2007,5,10,19,23.84,50.09,4.198,0.0,0.35,84.4,0.2054,5.7464,20.4498,14.7034,13.7303,87.3129,8.4432,21.1467,3.6004,8.4509,3.4654,0.2454,9.7767,13.6208,88.2649,5.3073,15.1738,0.0,0.0
PRF,45.996,-77.427,-4,2007,5,10,20,20.53,68.85,6.274,0.0,0.35,84.4,0.0448,5.7464,20.4498,14.7034,14.1963,86.8893,8.5851,21.6421,3.7633,8.6209,3.6908,0.2744,13.4382,15.2658,85.3277,7.2612,17.4128,0.0,0.0
PRF,45.996,-77.427,-4,2007,5,10,21,18.15,77.97,3.545,0.0,0.35,84.4,0.0,5.7464,20.4498,14.7034,15.1119,86.0639,8.5851,21.6421,2.9184,8.6209,2.7048,0.1583,16.7877,17.5243,82.877,1.4278,5.7957,0.0,0.0
PRF,45.996,-77.427,-4,2007,5,10,22,15.81,87.8,1.713,0.0,0.35,84.4,0.0,5.7464,20.4498,14.7034,16.5477,84.7882,8.5851,21.6421,2.2292,8.6209,1.8055,0.0774,20.2588,20.5886,80.2229,0.0,0.0,0.0,0.0
PRF,45.996,-77.427,-4,2007,5,10,23,15.6,89.7,2.605,0.0,0.35,84.4,0.0,5.7464,20.4498,14.7034,17.9266,83.5838,8.5851,21.6421,1.9838,8.6209,1.4326,0.0514,22.3568,22.4998,78.5808,0.0,0.0,0.0,0.0
PRF,45.996,-77.427,-4,2007,5,11,0,14.1,92.6,2.403,0.0,0.35,83.77,0.0,5.7243,20.4706,14.7463,19.3511,82.3606,8.5851,21.6421,1.6798,8.6209,0.9367,0.0242,24.2293,24.2941,77.0669,0.0,0.0,0.0,0.0
PRF,45.996,-77.427,-4,2007,5,11,1,14.62,89.5,5.118,0.0,0.35,83.77,0.0,5.7243,20.4706,14.7463,20.1618,81.6737,8.5851,21.6421,1.7722,8.6209,0.9882,0.0266,24.2293,24.2941,77.0178,0.0,0.0,0.0,0.0
PRF,45.996,-77.427,-4,2007,5,11,2,12.78,95.8,2.899,0.0,0.35,83.77,0.0,5.7243,20.4706,14.7463,21.6169,80.4575,8.5851,21.6421,1.3802,8.6209,0.7696,0.0171,26.2275,26.2575,75.5595,0.0,0.0,0.0,0.0
PRF,45.996,-77.427,-4,2007,5,11,3,13.46,95.4,4.189,0.0,0.35,83.77,0.0,5.7243,20.4706,14.7463,22.7487,79.5258,8.5851,21.6421,1.337,8.6209,0.7455,0.0162,26.9534,26.9665,75.0035,0.0,0.0,0.0,0.0
PRF,45.996,-77.427,-4,2007,5,11,4,12.54,98.0,2.675,0.0,0.35,83.77,0.0,5.7243,20.4706,14.7463,24.0639,78.4586,8.5851,21.6421,1.1205,8.6209,0.6248,0.0118,28.2646,28.2707,74.0559,0.0,0.0,0.0,0.0
PRF,45.996,-77.427,-4,2007,5,11,5,11.05,99.8,3.53,0.0,0.35,83.77,0.0,5.7243,20.4706,14.7463,25.5192,77.2967,8.5851,21.6421,1.0628,8.6209,0.5927,0.0108,29.745,29.7479,72.9683,0.0,0.0,0.0,0.0
PRF,45.996,-77.427,-4,2007,5,11,6,11.22,99.8,4.528,0.0,0.35,83.77,0.0002,5.7243,20.4706,14.7463,26.7184,76.3539,8.5856,21.9979,1.0444,8.6911,0.5849,0.0105,30.434,30.4423,72.4619,0.0,0.0,0.0,0.0
PRF,45.996,-77.427,-4,2007,5,11,7,13.19,92.4,7.526,0.0,0.35,83.77,0.0416,5.7243,20.4706,14.7463,26.7184,76.3539,8.6079,22.3833,1.2148,8.7772,0.6838,0.0139,29.5866,30.2254,73.0404,0.0,0.0,0.0,0.0
PRF,45.996,-77.427,-4,2007,5,11,8,14.04,89.1,9.25,0.0,0.35,83.77,0.1097,5.7243,20.4706,14.7463,26.5555,76.4812,8.6419,22.7814,1.3365,8.871,0.7565,0.0166,27.1446,29.3796,74.7856,0.0,0.0,0.0,0.0
PRF,45.996,-77.427,-4,2007,5,11,9,14.61,87.6,8.08,0.0,0.35,83.77,0.1796,5.7243,20.4706,14.7463,26.317,76.6681,8.6821,23.1881,1.2764,8.9689,0.7266,0.0155,24.3342,28.4457,76.8774,0.0,0.0,0.0,0.0
PRF,45.996,-77.427,-4,2007,5,11,10,14.1,81.1,9.8,0.0,0.35,83.77,0.3029,5.7243,20.4706,14.7463,25.7137,77.143,8.7412,23.5871,1.4408,9.0748,0.8253,0.0194,20.8883,26.5971,79.395,4.3475,13.749,0.0,0.0
PRF,45.996,-77.427,-4,2007,5,11,11,14.17,63.28,11.33,0.0,0.35,83.77,0.5255,5.7243,20.4706,14.7463,24.1534,78.3867,8.8568,23.9871,1.7221,9.211,0.9942,0.0269,16.1606,22.7753,82.8168,13.019,21.5833,0.0,0.0
PRF,45.996,-77.427,-4,2007,5,11,12,14.44,59.49,10.53,0.0,0.35,83.77,0.6041,5.7243,20.4706,14.7463,22.686,79.5771,8.9866,24.3912,1.8497,9.3557,1.3416,0.0458,13.6117,20.4154,84.7247,15.8523,22.9898,0.0,0.0
PRF,45.996,-77.427,-4,2007,5,11,13,14.61,51.85,14.21,0.0,0.35,83.77,0.6709,5.7243,20.4706,14.7463,20.9999,80.9706,9.1428,24.7979,2.5829,9.5152,2.459,0.1337,12.2096,18.3867,85.3551,25.0956,26.2711,0.0,0.0
PRF,45.996,-77.427,-4,2007,5,11,14,16.81,36.79,13.26,0.0,0.35,83.77,0.7378,5.7243,20.4706,14.7463,18.617,82.9883,9.3787,25.2375,3.1417,9.7237,3.2171,0.2152,9.5784,15.4775,87.2132,30.8462,27.7448,0.0,0.0
PRF,45.996,-77.427,-4,2007,5,11,15,17.46,32.67,13.17,0.0,0.35,83.77,0.6977,5.7243,20.4706,14.7463,16.5139,84.8179,9.6397,25.6869,3.9869,9.9471,4.2781,0.3564,8.6053,13.7897,87.8513,34.0138,28.443,0.0,0.0
PRF,45.996,-77.427,-4,2007,5,11,16,16.78,30.83,13.27,0.0,0.35,83.77,0.6074,5.7243,20.4706,14.7463,14.9153,86.2404,9.8973,26.1261,4.8838,10.1664,5.3405,0.5277,8.6053,13.0948,87.8369,34.2921,28.5012,0.0,0.0
PRF,45.996,-77.427,-4,2007,5,11,17,16.44,30.42,12.19,0.0,0.35,83.77,0.4892,5.7243,20.4706,14.7463,13.7563,87.2892,10.1513,26.5602,5.3676,10.3823,5.9236,0.6339,8.6053,12.857,87.9904,31.2569,27.8393,0.0,0.0
PRF,45.996,-77.427,-4,2007,5,11,18,15.62,32.02,11.04,0.0,0.35,83.77,0.3473,5.7243,20.4706,14.7463,13.0561,87.9303,10.387,26.982,5.5519,10.586,6.1806,0.6834,8.9019,12.857,87.9504,27.0643,26.8105,0.0,0.0
PRF,45.996,-77.427,-4,2007,5,11,19,14.24,33.6,14.13,0.0,0.35,83.77,0.1963,5.7243,20.4706,14.7463,12.6712,88.2851,10.5969,27.3831,6.8259,10.7721,7.5462,0.9731,9.9193,12.857,86.8763,31.814,27.9655,0.0,0.0
PRF,45.996,-77.427,-4,2007,5,11,20,11.92,37.01,11.48,0.0,0.35,83.77,0.0499,5.7243,20.4706,14.7463,12.6533,88.3017,10.7636,27.7494,5.9868,10.9291,6.7443,0.7976,11.3451,13.0743,86.2389,21.7379,25.2451,0.0,0.0
PRF,45.996,-77.427,-4,2007,5,11,21,10.37,40.74,9.28,0.0,0.35,83.77,0.0,5.7243,20.4706,14.7463,12.6533,88.3017,10.7636,27.7494,5.3586,10.9291,6.0764,0.6632,12.6739,13.6229,85.506,14.3777,22.2924,0.0,0.0
PRF,45.996,-77.427,-4,2007,5,11,22,9.31,43.82,7.82,0.0,0.35,83.77,0.0,5.7243,20.4706,14.7463,12.6749,88.2817,10.7636,27.7494,4.9643,10.9291,5.6438,0.5819,13.7057,14.2392,84.8626,9.8246,19.5725,0.0,0.0
PRF,45.996,-77.427,-4,2007,5,11,23,7.876,43.54,11.58,0.0,0.35,83.77,0.0,5.7243,20.4706,14.7463,12.7266,88.234,10.7636,27.7494,5.9589,10.9291,6.7151,0.7915,14.4533,14.7477,84.0353,16.2555,23.1692,0.0,0.0
PRF,45.996,-77.427,-4,2007,5,12,0,6.11,47.0,7.308,0.0,0.35,83.14,0.0,5.7026,20.4912,14.7887,12.9038,88.0705,10.7636,27.7494,4.6935,10.9291,5.34,0.5276,15.2303,15.4047,83.6046,6.6709,16.8072,0.0,0.0
PRF,45.996,-77.427,-4,2007,5,12,1,4.922,50.38,6.712,0.0,0.35,83.14,0.0,5.7026,20.4912,14.7887,13.1699,87.8258,10.7636,27.7494,4.3976,10.9291,5.0016,0.4699,16.0118,16.1166,83.0563,4.8702,14.56,0.0,0.0
PRF,45.996,-77.427,-4,2007,5,12,2,3.796,54.38,4.913,0.0,0.35,83.14,0.0,5.7026,20.4912,14.7887,13.5114,87.5129,10.7636,27.7494,3.8406,10.9291,4.3433,0.366,16.8116,16.8765,82.5445,1.8901,7.7992,0.0,0.0
PRF,45.996,-77.427,-4,2007,5,12,3,2.785,54.8,4.528,0.0,0.35,83.14,0.0,5.7026,20.4912,14.7887,13.8279,87.224,10.7636,27.7494,3.6146,10.9291,4.0673,0.3259,17.4135,17.4545,82.1031,1.4186,5.7493,0.0,0.0
PRF,45.996,-77.427,-4,2007,5,12,4,1.523,60.37,4.488,0.0,0.35,83.14,0.0,5.7026,20.4912,14.7887,14.2649,86.8271,10.7636,27.7494,3.4091,10.9291,3.8114,0.2905,18.2569,18.2828,81.4607,0.947,3.5831,0.0,0.0
PRF,45.996,-77.427,-4,2007,5,12,5,0.339,65.48,3.366,0.0,0.35,83.14,0.0,5.7026,20.4912,14.7887,14.7762,86.3655,10.7636,27.7494,3.0178,10.9291,3.3092,0.2262,19.2145,19.2313,80.7686,0.3245,1.2279,0.0,0.0
PRF,45.996,-77.427,-4,2007,5,12,6,0.581,66.2,4.098,0.0,0.35,83.14,0.0119,5.7026,20.4912,14.7887,15.2551,85.9357,10.768,27.9456,2.9473,10.9693,3.2243,0.216,19.7998,19.891,80.2967,0.0972,0.3679,0.0,0.0
PRF,45.996,-77.427,-4,2007,5,12,7,1.25,64.54,5.846,0.0,0.35,83.14,0.0766,5.7026,20.4912,14.7887,15.6398,85.5922,10.7778,28.1519,3.0677,11.014,3.3917,0.2363,19.7998,20.1389,80.2372,0.1838,0.6954,0.0,0.0
PRF,45.996,-77.427,-4,2007,5,12,8,3.182,57.38,5.836,0.0,0.35,83.14,0.1777,5.7026,20.4912,14.7887,15.7445,85.4991,10.8079,28.3871,3.0267,11.0746,3.35,0.2312,19.2889,20.1389,80.6242,0.6645,2.5142,0.0,0.0
PRF,45.996,-77.427,-4,2007,5,12,9,4.122,52.0,6.84,0.0,0.35,83.14,0.2865,5.7026,20.4912,14.7887,15.7445,85.4991,10.8518,28.6364,3.1837,11.1451,3.5694,0.2586,17.9817,19.962,81.5694,2.5392,9.9078,0.0,0.0
PRF,45.996,-77.427,-4,2007,5,12,10,6.611,42.82,5.524,0.0,0.35,83.14,0.4403,5.7026,20.4912,14.7887,15.5857,85.6404,10.9358,28.9231,3.0387,11.2436,3.3996,0.2372,15.2932,18.9157,83.6644,3.9119,12.9948,0.0,0.0
PRF,45.996,-77.427,-4,2007,5,12,11,7.417,36.16,11.05,0.0,0.35,83.14,0.5529,5.7026,20.4912,14.7887,15.1501,86.0297,11.0409,29.2218,4.2393,11.3556,4.9238,0.457,13.1448,17.5505,84.8282,17.3503,23.6348,0.0,0.0
PRF,45.996,-77.427,-4,2007,5,12,12,9.26,26.33,11.26,0.0,0.35,83.14,0.6687,5.7026,20.4912,14.7887,14.2418,86.848,11.1923,29.5482,4.8099,11.4973,5.6253,0.5785,10.4376,15.512,86.665,23.2229,25.7171,0.0,0.0
PRF,45.996,-77.427,-4,2007,5,12,13,10.55,26.33,7.758,0.0,0.35,83.14,0.7089,5.7026,20.4912,14.7887,13.4876,87.5346,11.3649,29.894,4.4465,11.6537,5.2437,0.5109,8.7976,14.4057,88.1982,17.2925,23.6109,0.0,0.0
PRF,45.996,-77.427,-4,2007,5,12,14,10.96,23.5,9.74,0.0,0.35,83.14,0.7073,5.7026,20.4912,14.7887,12.6874,88.2701,11.551,30.2459,5.4595,11.8183,6.4462,0.7363,8.0979,13.4546,88.4108,25.1853,26.2965,0.0,0.0
PRF,45.996,-77.427,-4,2007,5,12,15,11.3,23.33,9.26,0.0,0.35,83.14,0.661,5.7026,20.4912,14.7887,12.0347,88.8756,11.7433,30.6029,5.813,11.9871,6.8846,0.8272,7.9611,12.9603,88.5669,24.002,25.9528,0.0,0.0
PRF,45.996,-77.427,-4,2007,5,12,16,13.15,20.13,7.014,0.0,0.35,83.14,0.5994,5.7026,20.4912,14.7887,11.259,89.6015,11.9765,30.9876,5.7613,12.1822,6.886,0.8275,7.3354,12.032,89.2889,17.3965,23.6537,0.0,0.0
PRF,45.996,-77.427,-4,2007,5,12,17,12.43,18.59,10.59,0.0,0.35,83.14,0.4818,5.7026,20.4912,14.7887,10.5602,90.2616,12.2011,31.3616,7.5836,12.3705,8.8627,1.2935,7.3354,11.4819,88.7773,30.2365,27.6022,0.0,0.0
PRF,45.996,-77.427,-4,2007,5,12,18,12.53,18.56,9.79,0.0,0.35,83.14,0.3482,5.7026,20.4912,14.7887,10.0221,90.774,12.4277,31.737,7.8375,12.5598,9.1848,1.3778,7.4438,11.2373,88.828,27.1987,26.8459,0.0,0.0
PRF,45.996,-77.427,-4,2007,5,12,19,12.16,20.67,11.95,0.0,0.35,83.14,0.2007,5.7026,20.4912,14.7887,9.7453,91.0388,12.6418,32.1069,9.0752,12.7415,10.4615,1.7348,8.0864,11.2373,88.0984,32.0172,28.0109,0.0,0.0
PRF,45.996,-77.427,-4,2007,5,12,20,10.32,21.22,8.55,0.0,0.35,83.14,0.0543,5.7026,20.4912,14.7887,9.6476,91.1326,12.8223,32.4492,7.7491,12.9005,9.2165,1.3863,8.922,11.2373,88.0166,19.5119,24.4734,0.0,0.0
PRF,45.996,-77.427,-4,2007,5,12,21,8.39,23.85,6.17,0.0,0.35,83.14,0.0,5.7026,20.4912,14.7887,9.6476,91.1326,12.8223,32.4492,6.8734,12.9005,8.3092,1.1539,9.8918,11.4785,87.6066,10.5789,20.1008,0.0,0.0
PRF,45.996,-77.427,-4,2007,5,12,22,4.92,35.02,3.47,0.0,0.35,83.14,0.0,5.7026,20.4912,14.7887,9.8793,90.9105,12.8223,32.4492,5.8121,12.9005,7.1534,0.8852,11.4343,12.5294,86.714,3.6416,12.4833,0.0,0.0
PRF,45.996,-77.427,-4,2007,5,12,23,2.649,41.45,3.45,0.0,0.35,83.14,0.0,5.7026,20.4912,14.7887,10.2653,90.542,12.8223,32.4492,5.5086,12.9005,6.8098,0.8114,13.0101,13.762,85.5227,2.9744,11.0378,0.0,0.0
PRF,45.996,-77.427,-4,2007,5,13,0,0.567,50.5,3.459,0.0,0.35,82.51,0.0,5.6813,20.5118,14.8304,10.8474,89.9896,12.8223,32.4492,5.0921,12.9005,6.3278,0.7125,14.739,15.2488,84.0526,2.2202,8.949,0.0,0.0
PRF,45.996,-77.427,-4,2007,5,13,1,-0.376,60.12,5.17,0.0,0.35,82.51,0.0,5.6813,20.5118,14.8304,11.6629,89.2226,12.8223,32.4492,4.9722,12.9005,6.1865,0.6846,16.6613,16.9909,82.5068,2.284,9.1514,0.0,0.0
PRF,45.996,-77.427,-4,2007,5,13,2,-1.23,67.36,4.769,0.0,0.35,82.51,0.0,5.6813,20.5118,14.8304,12.5754,88.3737,12.8223,32.4492,4.3134,12.9005,5.3894,0.5363,18.4722,18.6846,81.1588,0.8696,3.2904,0.0,0.0
PRF,45.996,-77.427,-4,2007,5,13,3,-2.652,72.92,5.806,0.0,0.35,82.51,0.0,5.6813,20.5118,14.8304,13.5628,87.4659,12.8223,32.4492,3.9905,12.9005,4.9841,0.467,20.223,20.3592,79.7996,0.0,0.0,0.0,0.0
PRF,45.996,-77.427,-4,2007,5,13,4,-3.403,73.64,4.57,0.0,0.35,82.51,0.0,5.6813,20.5118,14.8304,14.417,86.6895,12.8223,32.4492,3.357,12.9005,4.156,0.3386,21.4231,21.5128,78.9372,0.0,0.0,0.0,0.0
PRF,45.996,-77.427,-4,2007,5,13,5,-3.608,81.1,4.434,0.0,0.35,82.51,0.0,5.6813,20.5118,14.8304,15.4296,85.7797,12.8223,32.4492,2.9328,12.9005,3.5725,0.259,22.971,23.0293,77.7779,0.0,0.0,0.0,0.0
PRF,45.996,-77.427,-4,2007,5,13,6,-3.062,77.7,5.35,0.0,0.35,82.51,0.0073,5.6813,20.5118,14.8304,16.2157,85.0811,12.8223,32.4492,2.7874,12.9005,3.366,0.2331,23.5159,23.6264,77.3485,0.0,0.0,0.0,0.0
PRF,45.996,-77.427,-4,2007,5,13,7,0.39,63.52,5.402,0.0,0.35,82.51,0.0757,5.6813,20.5118,14.8304,16.4535,84.8711,12.8255,32.6426,2.7152,12.9402,3.2691,0.2214,22.8555,23.3445,77.8398,0.0,0.0,0.0,0.0
PRF,45.996,-77.427,-4,2007,5,13,8,4.072,48.34,6.56,0.0,0.35,82.51,0.2111,5.6813,20.5118,14.8304,16.4226,84.8984,12.8722,32.8912,2.8891,13.0128,3.5313,0.2538,20.1098,21.6788,79.8566,0.0,0.0,0.0,0.0
PRF,45.996,-77.427,-4,2007,5,13,9,7.023,36.41,5.806,0.0,0.35,82.51,0.3748,5.6813,20.5118,14.8304,15.92,85.3431,12.9713,33.184,2.9573,13.1207,3.6477,0.2687,16.0749,19.2613,82.9124,3.6146,12.4303,0.0,0.0
PRF,45.996,-77.427,-4,2007,5,13,10,9.09,32.34,6.654,0.0,0.35,82.51,0.5131,5.6813,20.5118,14.8304,15.2252,85.9624,13.1079,33.5079,3.365,13.2539,4.2379,0.3504,12.678,17.1729,85.3594,8.7261,18.7255,0.0,0.0
PRF,45.996,-77.427,-4,2007,5,13,11,11.24,26.91,12.04,0.0,0.35,82.51,0.6399,5.6813,20.5118,14.8304,14.1867,86.898,13.2902,33.864,5.0384,13.4167,6.4004,0.727,10.1755,15.0173,86.5055,25.4978,26.3846,0.0,0.0
PRF,45.996,-77.427,-4,2007,5,13,12,12.59,26.06,10.13,0.0,0.35,82.51,0.7155,5.6813,20.5118,14.8304,13.2657,87.7378,13.4969,34.2403,5.1588,13.5958,6.5911,0.7658,8.5459,13.7691,87.8138,24.9061,26.2169,0.0,0.0
PRF,45.996,-77.427,-4,2007,5,13,13,13.64,23.39,11.26,0.0,0.35,82.51,0.7552,5.6813,20.5118,14.8304,12.3121,88.6177,13.7289,34.6324,6.1956,13.7906,7.8457,1.0425,7.5505,12.702,88.267,31.3907,27.8698,0.0,0.0
PRF,45.996,-77.427,-4,2007,5,13,14,15.41,22.64,11.25,0.0,0.35,82.51,0.7565,5.6813,20.5118,14.8304,11.421,89.4493,13.9935,35.0511,6.978,14.007,8.777,1.2714,6.9241,11.8732,88.6478,33.5538,28.3458,0.0,0.0
PRF,45.996,-77.427,-4,2007,5,13,15,16.16,21.14,11.34,0.0,0.35,82.51,0.7095,5.6813,20.5118,14.8304,10.6063,90.218,14.2764,35.481,7.8266,14.2736,9.7705,1.5372,6.6701,11.2141,88.7839,34.8023,28.6067,0.0,0.0
PRF,45.996,-77.427,-4,2007,5,13,16,16.78,19.78,16.51,0.0,0.35,82.51,0.6245,5.6813,20.5118,14.8304,9.8234,90.9641,14.5753,35.9202,11.2985,14.5683,13.2926,2.6507,6.6701,10.6366,87.8157,52.0021,31.4753,0.0,0.0
PRF,45.996,-77.427,-4,2007,5,13,17,17.49,19.88,12.96,0.0,0.35,82.51,0.5079,5.6813,20.5118,14.8304,9.2487,91.5165,14.8864,36.37,10.2206,14.8752,12.4002,2.3439,6.6701,10.3529,88.4974,40.3692,29.6666,0.0,0.0
PRF,45.996,-77.427,-4,2007,5,13,18,17.63,19.13,10.15,0.0,0.35,82.51,0.368,5.6813,20.5118,14.8304,8.7894,91.9609,15.2029,36.822,9.4481,15.1875,11.7595,2.1338,6.6701,10.1174,88.9847,30.5713,27.6808,0.0,0.0
PRF,45.996,-77.427,-4,2007,5,13,19,17.36,21.28,12.27,0.0,0.35,82.51,0.2147,5.6813,20.5118,14.8304,8.6092,92.136,15.5063,37.2699,10.7769,15.4871,13.1803,2.6112,7.2619,10.1174,88.2742,35.6681,28.7822,0.0,0.0
PRF,45.996,-77.427,-4,2007,5,13,20,15.38,25.51,6.279,0.0,0.35,82.51,0.0606,5.6813,20.5118,14.8304,8.6092,92.136,15.7606,37.6881,7.9687,15.7389,10.4125,1.7204,8.381,10.2869,88.4331,12.7345,21.4255,0.0,0.0
PRF,45.996,-77.427,-4,2007,5,13,21,9.98,41.28,4.659,0.0,0.35,82.51,0.0,5.6813,20.5118,14.8304,9.119,91.6417,15.7606,37.6881,6.8476,15.7389,9.1657,1.3728,10.8402,11.977,86.868,5.068,14.8443,0.0,0.0
PRF,45.996,-77.427,-4,2007,5,13,22,6.717,53.51,3.655,0.0,0.35,82.51,0.0,5.6813,20.5118,14.8304,9.947,90.8458,15.7606,37.6881,5.8126,15.7389,7.9483,1.0667,13.3589,14.0445,85.0825,2.9511,10.9817,0.0,0.0
PRF,45.996,-77.427,-4,2007,5,13,23,6.39,53.76,3.188,0.0,0.35,82.51,0.0,5.6813,20.5118,14.8304,10.6544,90.1723,15.7606,37.6881,5.1562,15.7389,7.137,0.8816,14.8931,15.3127,83.9512,1.998,8.1958,0.0,0.0
PRF,45.996,-77.427,-4,2007,5,14,0,5.776,59.4,3.136,0.0,0.35,81.88,0.0,5.6606,20.5321,14.8715,11.4421,89.4296,15.7606,37.6881,4.6231,15.7389,6.4516,0.7374,16.28,16.5334,82.7545,1.4172,5.7423,0.0,0.0
PRF,45.996,-77.427,-4,2007,5,14,1,5.264,62.23,4.028,0.0,0.35,81.88,0.0,5.6606,20.5321,14.8715,12.2354,88.6888,15.7606,37.6881,4.3477,15.7389,6.0872,0.6652,17.4005,17.5505,81.8653,1.2497,4.844,0.0,0.0
PRF,45.996,-77.427,-4,2007,5,14,2,3.523,69.5,2.864,0.0,0.35,81.88,0.0,5.6606,20.5321,14.8715,13.1201,87.8715,15.7606,37.6881,3.6463,15.7389,5.1224,0.4902,18.7731,18.8645,80.8777,0.4286,1.6217,0.0,0.0
PRF,45.996,-77.427,-4,2007,5,14,3,2.308,74.2,2.814,0.0,0.35,81.88,0.0,5.6606,20.5321,14.8715,14.0411,87.0301,15.7606,37.6881,3.2252,15.7389,4.5137,0.3918,20.1413,20.1976,79.8426,0.0,0.0,0.0,0.0
PRF,45.996,-77.427,-4,2007,5,14,4,1.284,79.67,3.357,0.0,0.35,81.88,0.0,5.6606,20.5321,14.8715,15.0651,86.1059,15.7606,37.6881,2.908,15.7389,4.0379,0.3217,21.6782,21.7126,78.6664,0.0,0.0,0.0,0.0
PRF,45.996,-77.427,-4,2007,5,14,5,0.27,84.5,1.858,0.0,0.35,81.88,0.0,5.6606,20.5321,14.8715,16.1073,85.1771,15.7606,37.6881,2.3688,15.7389,3.1869,0.2116,23.2454,23.2673,77.5258,0.0,0.0,0.0,0.0
PRF,45.996,-77.427,-4,2007,5,14,6,-0.41,88.4,2.027,0.0,0.35,81.88,0.0053,5.6606,20.5321,14.8715,17.2343,84.186,15.7606,37.6881,2.0873,15.7389,2.7155,0.1594,24.7744,24.8833,76.3787,0.0,0.0,0.0,0.0
PRF,45.996,-77.427,-4,2007,5,14,7,3.001,80.8,0.681,0.0,0.35,81.88,0.0531,5.6606,20.5321,14.8715,17.7876,83.7043,15.7734,37.9206,1.8293,15.7543,2.2622,0.1154,24.7078,24.8833,76.4526,0.0,0.0,0.0,0.0
PRF,45.996,-77.427,-4,2007,5,14,8,8.6,58.8,2.066,0.0,0.35,81.88,0.2239,5.6606,20.5321,14.8715,17.7416,83.7442,15.852,38.2371,1.9719,15.8346,2.5278,0.1404,21.0857,23.039,79.1503,0.0,0.0,0.0,0.0
PRF,45.996,-77.427,-4,2007,5,14,9,12.6,45.4,3.18,0.0,0.35,81.88,0.4128,5.6606,20.5321,14.8715,17.134,84.2736,16.0048,38.6136,2.2383,15.9874,3.0067,0.1909,15.6287,19.9343,83.2441,1.6873,6.9885,0.0,0.0
PRF,45.996,-77.427,-4,2007,5,14,10,15.11,32.81,4.444,0.0,0.35,81.88,0.5777,5.6606,20.5321,14.8715,15.8825,85.3764,16.2301,39.0277,2.774,16.2112,3.909,0.3038,10.635,16.4298,86.8376,4.9009,14.6048,0.0,0.0
PRF,45.996,-77.427,-4,2007,5,14,11,17.56,26.46,9.38,0.0,0.35,81.88,0.6984,5.6606,20.5321,14.8715,14.1834,86.9009,16.5168,39.4786,4.4082,16.4949,6.336,0.7141,7.7766,13.3944,88.1499,24.358,26.058,0.0,0.0
PRF,45.996,-77.427,-4,2007,5,14,12,19.88,18.99,14.35,0.0,0.35,81.88,0.7782,5.6606,20.5321,14.8715,12.0352,88.8751,16.8744,39.9643,7.5121,16.8478,10.2604,1.6762,5.9737,10.5842,88.2936,47.9899,30.9018,0.0,0.0
PRF,45.996,-77.427,-4,2007,5,14,13,20.66,17.9,14.86,0.0,0.35,81.88,0.8054,5.6606,20.5321,14.8715,10.3683,90.444,17.2509,40.4617,9.6527,17.2196,12.7119,2.4492,5.3388,9.4167,88.5095,53.3068,31.6523,0.0,0.0
PRF,45.996,-77.427,-4,2007,5,14,14,19.95,18.72,15.92,0.0,0.35,81.88,0.7864,5.6606,20.5321,14.8715,9.3408,91.4277,17.6109,40.9485,11.7158,17.5752,14.928,3.255,5.3388,9.3584,88.2748,57.2299,32.1595,0.0,0.0
PRF,45.996,-77.427,-4,2007,5,14,15,19.71,20.05,13.87,0.0,0.35,81.88,0.7288,5.6606,20.5321,14.8715,8.769,91.9807,17.9607,41.4316,11.428,17.921,14.7814,3.1987,5.3388,9.3584,88.7227,49.583,31.135,0.0,0.0
PRF,45.996,-77.427,-4,2007,5,14,16,18.31,24.01,12.23,0.0,0.35,81.88,0.6295,5.6606,20.5321,14.8715,8.73,92.0185,18.2696,41.8938,10.5781,18.2269,14.0385,2.9196,5.6787,9.4392,88.8788,41.7057,29.8992,0.0,0.0
PRF,45.996,-77.427,-4,2007,5,14,17,17.39,24.83,9.76,0.0,0.35,81.88,0.506,5.6606,20.5321,14.8715,8.73,92.0185,18.5598,42.3421,9.3401,18.5145,12.8317,2.4902,6.1627,9.6518,89.0661,30.4583,27.6544,0.0,0.0
PRF,45.996,-77.427,-4,2007,5,14,18,17.09,25.27,6.086,0.0,0.35,81.88,0.3655,5.6606,20.5321,14.8715,8.73,92.0185,18.8433,42.786,7.7616,18.7956,11.1427,1.9397,6.6727,9.822,89.3474,14.2791,22.2432,0.0,0.0
PRF,45.996,-77.427,-4,2007,5,14,19,16.21,32.5,4.424,0.0,0.35,81.88,0.21,5.6606,20.5321,14.8715,8.8286,91.9229,19.0862,43.2166,7.0421,19.037,10.3533,1.7032,7.957,10.5376,88.7186,6.5168,16.6403,0.0,0.0
PRF,45.996,-77.427,-4,2007,5,14,20,15.26,41.72,2.77,0.0,0.35,81.88,0.0599,5.6606,20.5321,14.8715,9.2231,91.5412,19.2837,43.633,6.1376,19.234,9.2736,1.4015,9.9449,11.6729,87.4971,3.4005,11.9941,0.0,0.0
PRF,45.996,-77.427,-4,2007,5,14,21,10.49,96.0,3.869,1.8,0.35,81.88,0.0,5.6606,20.5321,14.8715,45.1859,63.3183,17.6163,43.633,0.5956,17.6117,0.4987,0.0079,231.816,41.7168,2.6118,0.0,0.0,1.8,0.0
PRF,45.996,-77.427,-4,2007,5,14,22,10.84,89.7,4.837,0.6,0.35,81.88,0.0,5.6606,20.5321,14.8715,58.7116,55.2538,15.4676,43.633,0.3638,16.4005,0.2917,0.0031,207.3631,47.4274,6.8768,0.0,0.0,2.4,0.0
PRF,45.996,-77.427,-4,2007,5,14,23,10.49,90.8,5.11,0.0,0.35,81.88,0.0,5.6606,20.5321,14.8715,56.8888,56.2783,15.4676,43.633,0.4031,16.4005,0.3231,0.0037,175.6902,44.1488,13.3565,0.0,0.0,2.4,1.0
PRF,45.996,-77.427,-4,2007,5,15,0,10.16,88.5,8.17,0.0,0.35,81.25,0.0,5.6403,20.5523,14.912,54.4975,57.6504,15.4676,43.633,0.5246,16.4005,0.4206,0.0059,141.3334,40.3328,21.9558,0.0,0.0,2.4,2.0
PRF,45.996,-77.427,-4,2007,5,15,1,9.99,89.2,6.088,0.0,0.35,81.25,0.0,5.6403,20.5523,14.912,52.5947,58.7657,15.4676,43.633,0.5122,16.4005,0.4106,0.0056,118.1416,37.8357,29.0311,0.0,0.0,2.4,3.0
PRF,45.996,-77.427,-4,2007,5,15,2,9.62,93.3,5.455,0.3,0.35,81.25,0.0,5.6403,20.5523,14.912,58.9146,55.1408,14.353,43.633,0.3715,15.752,0.2907,0.0031,180.0499,41.3143,12.3675,0.0,0.0,2.7,0.0
PRF,45.996,-77.427,-4,2007,5,15,3,9.38,96.2,6.472,1.3,0.35,81.25,0.0,5.6403,20.5523,14.912,89.909,40.1601,10.9823,39.1576,0.0494,12.9115,0.0344,0.0001,230.6381,60.8922,2.7874,0.0,0.0,4.0,0.0
PRF,45.996,-77.427,-4,2007,5,15,4,8.9,97.0,9.35,1.0,0.35,81.25,0.0,5.6403,20.5523,14.912,110.737,32.1151,8.5358,37.3598,0.0096,10.8654,0.0061,0.0,232.701,74.5181,2.4507,0.0,0.0,5.0,0.0
PRF,45.996,-77.427,-4,2007,5,15,5,8.93,98.2,4.96,0.0,0.35,81.25,0.0,5.6403,20.5523,14.912,109.7676,32.4606,8.5358,37.3598,0.0084,10.8654,0.0053,0.0,224.5817,72.9057,3.7976,0.0,0.0,5.0,1.0
PRF,45.996,-77.427,-4,2007,5,15,6,9.31,98.9,4.031,0.7,0.35,81.25,0.0011,5.6403,20.5523,14.912,123.7519,27.7157,6.8305,36.4332,0.0022,9.3014,0.0013,0.0,244.2046,83.7052,0.6376,0.0,0.0,5.7,0.0
PRF,45.996,-77.427,-4,2007,5,15,7,9.71,98.6,2.586,0.0,0.35,81.25,0.0072,5.6403,20.5523,14.912,122.9972,27.9592,6.8335,36.7664,0.0022,9.3312,0.0013,0.0,235.3644,82.3718,2.0212,0.0,0.0,5.7,1.0
PRF,45.996,-77.427,-4,2007,5,15,8,10.26,97.9,2.925,0.0,0.35,81.25,0.0199,5.6403,20.5523,14.912,121.8213,28.3414,6.8383,37.1078,0.0025,9.363,0.0014,0.0,218.915,80.3276,4.7729,0.0,0.0,5.7,2.0
PRF,45.996,-77.427,-4,2007,5,15,9,11.21,94.8,5.421,0.0,0.35,81.25,0.0709,5.6403,20.5523,14.912,118.422,29.4652,6.8512,37.4634,0.0039,9.4033,0.0023,0.0,175.7889,74.5783,13.3108,0.0,0.0,5.7,3.0
PRF,45.996,-77.427,-4,2007,5,15,10,11.75,93.4,1.83,0.0,0.35,81.25,0.1143,5.6403,20.5523,14.912,115.29,30.5264,6.8684,37.8272,0.0043,9.4481,0.0025,0.0,138.0372,69.6419,22.8917,0.0,0.0,5.7,4.0
PRF,45.996,-77.427,-4,2007,5,15,11,12.26,90.9,2.107,0.0,0.35,81.25,0.1812,5.6403,20.5523,14.912,111.0348,32.0094,6.8932,38.1986,0.0065,9.5004,0.0038,0.0,99.2924,63.4054,35.7557,0.0,0.0,0.0,0.0
PRF,45.996,-77.427,-4,2007,5,15,12,12.6,91.8,3.976,0.0,0.35,81.25,0.1836,5.6403,20.5523,14.912,106.662,33.5852,6.9161,38.5751,0.0106,9.5512,0.0062,0.0,71.5213,57.7715,47.7577,0.0,0.0,0.0,0.0
PRF,45.996,-77.427,-4,2007,5,15,13,13.32,91.9,4.268,0.0,0.35,81.25,0.1952,5.6403,20.5523,14.912,102.3666,35.1869,6.9401,38.9624,0.0157,9.6036,0.0092,0.0,52.6099,52.8847,57.8127,0.0,0.0,0.0,0.0
PRF,45.996,-77.427,-4,2007,5,15,14,13.42,89.2,3.634,0.0,0.35,81.25,0.2455,5.6403,20.5523,14.912,97.3469,37.1299,6.9723,39.3512,0.0233,9.6639,0.0138,0.0,38.6968,47.6993,66.4558,0.0,0.0,0.0,0.0
PRF,45.996,-77.427,-4,2007,5,15,15,13.15,89.4,4.869,0.0,0.35,81.25,0.2213,5.6403,20.5523,14.912,92.4154,39.1179,7.0032,39.7359,0.0373,9.7226,0.0221,0.0,31.0422,43.4004,71.6928,0.0,0.0,0.0,0.0
PRF,45.996,-77.427,-4,2007,5,15,16,12.02,94.8,4.76,0.1,0.35,81.25,0.0967,5.6403,20.5523,14.912,90.1091,40.0761,7.0171,40.1037,0.0446,9.7634,0.0266,0.0,50.911,43.5093,58.8067,0.0,0.0,0.1,0.0
PRF,45.996,-77.427,-4,2007,5,15,17,12.29,89.6,5.365,0.0,0.35,81.25,0.1474,5.6403,20.5523,14.912,85.7717,41.9293,7.0455,40.4756,0.0646,9.8183,0.0386,0.0001,40.7039,40.2284,65.1315,0.0,0.0,0.1,1.0
PRF,45.996,-77.427,-4,2007,5,15,18,12.06,91.7,3.899,0.0,0.35,81.25,0.087,5.6403,20.5523,14.912,82.7537,43.2601,7.0677,40.844,0.0754,9.8669,0.0452,0.0001,36.3926,38.4312,67.9982,0.0,0.0,0.1,2.0
PRF,45.996,-77.427,-4,2007,5,15,19,11.61,93.3,3.35,0.1,0.35,81.25,0.0415,5.6403,20.5523,14.912,80.5347,44.261,7.0849,41.2056,0.0864,9.91,0.0519,0.0001,57.8733,38.8762,54.8328,0.0,0.0,0.2,0.0
PRF,45.996,-77.427,-4,2007,5,15,20,11.13,95.9,4.072,0.3,0.35,81.25,0.0079,5.6403,20.5523,14.912,79.1577,44.892,7.0951,41.5601,0.099,9.9455,0.0595,0.0002,132.0237,43.0021,24.6556,0.0,0.0,0.5,0.0
PRF,45.996,-77.427,-4,2007,5,15,21,10.59,97.8,1.67,0.0,0.35,81.25,0.0,5.6403,20.5523,14.912,78.5977,45.1508,7.0951,41.5601,0.0913,9.9455,0.0549,0.0002,128.1904,42.6668,25.82,0.0,0.0,0.5,1.0
PRF,45.996,-77.427,-4,2007,5,15,22,10.63,93.9,5.66,0.1,0.35,81.25,0.0,5.6403,20.5523,14.912,78.7872,45.0631,7.0951,41.5601,0.1101,9.9455,0.0662,0.0002,139.983,42.6032,22.3366,0.0,0.0,0.6,0.0
PRF,45.996,-77.427,-4,2007,5,15,23,10.12,91.6,5.134,0.0,0.35,81.25,0.0,5.6403,20.5523,14.912,76.0992,46.3214,7.0951,41.5601,0.1296,9.9455,0.0779,0.0003,121.8678,40.4652,27.8126,0.0,0.0,0.6,1.0
PRF,45.996,-77.427,-4,2007,5,16,0,9.71,93.3,2.605,0.4,0.35,80.62,0.0,5.6206,20.5724,14.9518,83.6596,42.857,7.0951,41.5601,0.066,9.9455,0.0397,0.0001,212.7044,45.4422,5.8569,0.0,0.0,1.0,0.0
PRF,45.996,-77.427,-4,2007,5,16,1,9.88,91.2,4.52,0.0,0.35,80.62,0.0,5.6206,20.5724,14.9518,80.7266,44.1737,7.0951,41.5601,0.0904,9.9455,0.0544,0.0002,182.8005,42.8218,11.7478,0.0,0.0,1.0,1.0
PRF,45.996,-77.427,-4,2007,5,16,2,9.27,94.7,5.684,1.5,0.35,80.62,0.0,5.6206,20.5724,14.9518,112.7633,31.4012,5.0073,41.5601,0.0066,7.6964,0.0035,0.0,225.2181,64.3879,3.6712,0.0,0.0,2.5,0.0
PRF,45.996,-77.427,-4,2007,5,16,3,8.83,98.4,3.106,2.9,0.35,80.62,0.0,5.6206,20.5724,14.9518,165.7799,16.007,2.5282,34.6058,0.0,4.2754,0.0,0.0,243.1347,111.5875,0.7847,0.0,0.0,5.4,0.0
PRF,45.996,-77.427,-4,2007,5,16,4,8.63,94.5,7.217,1.3,0.35,80.62,0.0,5.6206,20.5724,14.9518,177.3237,13.3217,1.1819,32.2965,0.0,2.1657,0.0,0.0,223.1996,121.3536,4.0138,0.0,0.0,6.7,0.0
PRF,45.996,-77.427,-4,2007,5,16,5,7.296,90.3,7.726,1.6,0.35,80.62,0.0,5.6206,20.5724,14.9518,185.999,11.4261,0.1332,29.4725,0.0,0.2634,0.0,0.0,209.1185,126.6682,6.5114,0.0,0.0,8.3,0.0
PRF,45.996,-77.427,-4,2007,5,16,6,6.613,92.1,9.6,0.9,0.35,80.62,0.0068,5.6206,20.5724,14.9518,187.215,11.1683,0.0116,28.1794,0.0,0.0232,0.0,0.0,211.5511,123.6169,6.0659,0.0,0.0,9.2,0.0
PRF,45.996,-77.427,-4,2007,5,16,7,5.931,89.5,11.37,1.2,0.35,80.62,0.0386,5.6206,20.5724,14.9518,188.4033,10.9181,0.0138,26.3577,0.0,0.0276,0.0,0.0,194.9039,120.1922,9.2401,0.0,0.0,10.4,0.0
PRF,45.996,-77.427,-4,2007,5,16,8,5.658,90.0,9.94,0.7,0.35,80.62,0.0649,5.6206,20.5724,14.9518,185.827,11.4628,0.0126,25.4103,0.0,0.0251,0.0,0.0,192.6022,112.4508,9.7032,0.0,0.0,11.1,0.0
PRF,45.996,-77.427,-4,2007,5,16,9,5.521,90.1,6.819,0.2,0.35,80.62,0.0901,5.6206,20.5724,14.9518,179.7343,12.7849,0.0121,25.3326,0.0,0.0242,0.0,0.0,191.7105,101.1336,9.8844,0.0,0.0,11.3,0.0
PRF,45.996,-77.427,-4,2007,5,16,10,6.408,87.6,5.961,0.1,0.35,80.62,0.1458,5.6206,20.5724,14.9518,171.2402,14.7126,0.0176,25.4422,0.0,0.0352,0.0,0.0,157.8428,87.9771,17.5434,0.0,0.0,11.4,0.0
PRF,45.996,-77.427,-4,2007,5,16,11,7.671,82.1,4.861,0.0,0.35,80.62,0.2473,5.6206,20.5724,14.9518,159.1024,17.6526,0.0481,25.7447,0.0001,0.0958,0.0,0.0,102.5741,72.3647,34.4711,0.0,0.0,11.4,1.0
PRF,45.996,-77.427,-4,2007,5,16,12,8.49,77.26,9.6,0.0,0.35,80.62,0.3385,5.6206,20.5724,14.9518,143.1733,21.8839,0.091,26.0596,0.0004,0.1804,0.0001,0.0,61.2343,55.8635,52.9443,0.0,0.0,11.4,2.0
PRF,45.996,-77.427,-4,2007,5,16,13,8.82,70.01,8.16,0.0,0.35,80.62,0.4317,5.6206,20.5724,14.9518,127.0719,26.6603,0.1497,26.3794,0.002,0.2952,0.0004,0.0,37.0136,43.0634,67.4712,0.0,0.0,11.4,3.0
PRF,45.996,-77.427,-4,2007,5,16,14,9.03,66.87,5.75,0.0,0.35,80.62,0.4557,5.6206,20.5724,14.9518,113.2143,31.2438,0.2161,26.7023,0.0064,0.4237,0.0015,0.0,25.1444,34.9075,75.8115,0.0,0.0,11.4,4.0
PRF,45.996,-77.427,-4,2007,5,16,15,7.291,86.7,6.676,0.4,0.35,80.62,0.1929,5.6206,20.5724,14.9518,114.5322,30.787,0.0215,26.3011,0.0059,0.043,0.0012,0.0,96.7633,38.6255,36.6931,0.0,0.0,11.8,0.0
PRF,45.996,-77.427,-4,2007,5,16,16,8.08,69.54,5.91,0.3,0.35,80.62,0.3361,5.6206,20.5724,14.9518,108.6064,32.8779,0.0546,26.0867,0.0098,0.1087,0.0021,0.0,102.0719,36.1307,34.659,0.0,0.0,12.1,0.0
PRF,45.996,-77.427,-4,2007,5,16,17,9.03,52.82,8.69,0.1,0.35,80.62,0.3696,5.6206,20.5724,14.9518,95.1839,37.9919,0.0946,26.2353,0.036,0.1875,0.0078,0.0,66.0245,29.0717,50.4423,0.0,0.0,12.2,0.0
PRF,45.996,-77.427,-4,2007,5,16,18,9.85,44.45,7.543,0.0,0.35,80.62,0.2985,5.6206,20.5724,14.9518,80.9554,44.0697,0.2161,26.5706,0.1035,0.4235,0.0239,0.0,36.9501,23.2437,67.5179,0.0,0.0,12.2,1.0
PRF,45.996,-77.427,-4,2007,5,16,19,8.48,70.01,2.602,0.0,0.35,80.62,0.1193,5.6206,20.5724,14.9518,74.6629,47.0062,0.2725,26.8853,0.1259,0.5315,0.0299,0.0001,30.5635,22.8059,71.9639,0.0,0.0,12.2,2.0
PRF,45.996,-77.427,-4,2007,5,16,20,7.328,81.2,2.606,0.0,0.35,80.62,0.0252,5.6206,20.5724,14.9518,70.8822,48.8519,0.3031,27.1827,0.1616,0.5897,0.0389,0.0001,29.053,22.8671,73.0418,0.0,0.0,12.2,3.0
PRF,45.996,-77.427,-4,2007,5,16,21,6.238,90.8,2.414,0.0,0.35,80.62,0.0,5.6206,20.5724,14.9518,69.1306,49.7289,0.3031,27.1827,0.1788,0.5897,0.0431,0.0001,29.053,24.7136,73.0443,0.0,0.0,12.2,4.0
PRF,45.996,-77.427,-4,2007,5,16,22,5.658,92.5,2.196,0.0,0.35,80.62,0.0,5.6206,20.5724,14.9518,67.8109,50.3991,0.3031,27.1827,0.1919,0.5897,0.0462,0.0001,29.053,26.1565,73.0472,0.0,0.0,0.0,0.0
PRF,45.996,-77.427,-4,2007,5,16,23,5.316,93.0,1.214,0.0,0.35,80.62,0.0,5.6206,20.5724,14.9518,66.7767,50.9301,0.3031,27.1827,0.1944,0.5897,0.0468,0.0001,29.053,27.0789,73.0594,0.0,0.0,0.0,0.0
PRF,45.996,-77.427,-4,2007,5,17,0,5.078,96.4,2.183,0.0,0.35,79.99,0.0,5.6013,20.5922,14.9909,66.1965,51.2302,0.3031,27.1827,0.2113,0.5897,0.0509,0.0001,29.6318,28.512,72.5335,0.0,0.0,0.0,0.0
PRF,45.996,-77.427,-4,2007,5,17,1,4.737,98.0,2.388,0.0,0.35,79.99,0.0,5.6013,20.5922,14.9909,65.8804,51.3945,0.3031,27.1827,0.2175,0.5897,0.0524,0.0001,30.448,29.8122,71.9511,0.0,0.0,0.0,0.0
PRF,45.996,-77.427,-4,2007,5,17,2,5.082,95.3,3.758,0.0,0.35,79.99,0.0,5.6013,20.5922,14.9909,65.0253,51.8411,0.3031,27.1827,0.245,0.5897,0.059,0.0002,30.448,29.8122,71.9345,0.0,0.0,0.0,0.0
PRF,45.996,-77.427,-4,2007,5,17,3,4.709,96.2,5.126,0.0,0.35,79.99,0.0,5.6013,20.5922,14.9909,64.2996,52.223,0.3031,27.1827,0.2737,0.5897,0.0659,0.0002,30.448,30.0672,71.9167,0.0,0.0,0.0,0.0
PRF,45.996,-77.427,-4,2007,5,17,4,4.403,95.6,2.33,0.0,0.35,79.99,0.0,5.6013,20.5922,14.9909,63.6451,52.5697,0.3031,27.1827,0.2467,0.5897,0.0594,0.0002,30.448,30.0739,71.9518,0.0,0.0,0.0,0.0
PRF,45.996,-77.427,-4,2007,5,17,5,2.737,98.7,1.951,0.0,0.35,79.99,0.0,5.6013,20.5922,14.9909,63.4814,52.6567,0.3031,27.1827,0.2442,0.5897,0.0588,0.0002,31.2917,31.0684,71.36,0.0,0.0,0.0,0.0
PRF,45.996,-77.427,-4,2007,5,17,6,1.345,99.7,1.688,0.0,0.35,79.99,0.0002,5.6013,20.5922,14.9909,63.4479,52.6746,0.3032,27.3904,0.2415,0.59,0.0582,0.0002,32.1828,32.0525,70.737,0.0,0.0,0.0,0.0
PRF,45.996,-77.427,-4,2007,5,17,7,2.265,99.3,1.798,0.0,0.35,79.99,0.0022,5.6013,20.5922,14.9909,63.3647,52.7188,0.3035,27.6118,0.244,0.5908,0.0588,0.0002,32.4642,32.4641,70.5394,0.0,0.0,0.0,0.0
PRF,45.996,-77.427,-4,2007,5,17,8,7.331,73.57,4.141,0.0,0.35,79.99,0.161,5.6013,20.5922,14.9909,59.1103,55.0321,0.3465,27.9093,0.3443,0.6722,0.0845,0.0003,27.6583,29.6362,73.9166,0.0,0.0,0.0,0.0
PRF,45.996,-77.427,-4,2007,5,17,9,9.57,53.35,4.583,0.0,0.35,79.99,0.3572,5.6013,20.5922,14.9909,52.7272,58.6873,0.4457,28.2403,0.4722,0.8575,0.1205,0.0006,20.51,24.9494,79.1109,0.0,0.0,0.0,0.0
PRF,45.996,-77.427,-4,2007,5,17,10,10.14,48.81,4.315,0.0,0.35,79.99,0.4765,5.6013,20.5922,14.9909,46.8397,62.272,0.5609,28.5799,0.5786,1.0693,0.154,0.001,15.7941,21.7102,82.5687,2.0818,8.4892,0.0,0.0
PRF,45.996,-77.427,-4,2007,5,17,11,12.22,38.47,7.528,0.0,0.35,79.99,0.6257,5.6013,20.5922,14.9909,40.0947,66.6555,0.7278,28.9507,0.8194,1.3696,0.23,0.002,11.8243,18.3342,85.0514,11.2645,20.5494,0.0,0.0
PRF,45.996,-77.427,-4,2007,5,17,12,13.03,34.78,9.23,0.0,0.35,79.99,0.7039,5.6013,20.5922,14.9909,34.0376,70.8699,0.9165,29.3337,1.0243,1.7001,0.3034,0.0033,9.7977,16.1514,86.1303,18.4996,24.0929,0.0,0.0
PRF,45.996,-77.427,-4,2007,5,17,13,13.57,32.26,8.28,0.0,0.35,79.99,0.74,5.6013,20.5922,14.9909,29.0826,74.5327,1.1205,29.7247,1.1333,2.0481,0.3534,0.0043,8.5888,14.8375,87.0107,18.2816,24.0082,0.0,0.0
PRF,45.996,-77.427,-4,2007,5,17,14,15.14,27.83,10.23,0.0,0.35,79.99,0.7519,5.6013,20.5922,14.9909,24.4781,78.126,1.3631,30.1393,1.593,2.4493,0.5244,0.0087,7.718,13.4527,87.1997,26.2794,26.6003,0.0,0.0
PRF,45.996,-77.427,-4,2007,5,17,15,15.92,28.92,9.2,0.0,0.35,79.99,0.7034,5.6013,20.5922,14.9909,21.0033,80.9678,1.6143,30.5656,2.006,2.8521,0.6944,0.0143,7.5934,12.9141,87.4503,23.3755,25.7639,0.0,0.0
PRF,45.996,-77.427,-4,2007,5,17,16,16.33,29.05,8.35,0.0,0.35,79.99,0.6187,5.6013,20.5922,14.9909,18.3682,83.2023,1.8715,30.9981,2.5215,3.2522,0.9141,0.0232,7.5934,12.6536,87.5945,20.5904,24.8577,0.0,0.0
PRF,45.996,-77.427,-4,2007,5,17,17,16.44,27.72,11.55,0.0,0.35,79.99,0.505,5.6013,20.5922,14.9909,16.1647,85.1263,2.1353,31.4322,3.8334,3.6507,2.3073,0.1195,7.5934,12.3634,87.0301,30.6705,27.704,0.0,0.0
PRF,45.996,-77.427,-4,2007,5,17,18,15.21,35.4,10.39,0.0,0.35,79.99,0.3549,5.6013,20.5922,14.9909,15.1114,86.0644,2.3535,31.8478,4.1207,3.973,2.6701,0.1547,8.6239,12.3634,86.6531,24.2745,26.0334,0.0,0.0
PRF,45.996,-77.427,-4,2007,5,17,19,13.88,37.17,12.99,0.0,0.35,79.99,0.2065,5.6013,20.5922,14.9909,14.4539,86.6561,2.5471,32.2435,5.107,4.254,3.5988,0.2624,10.0354,12.5952,85.4146,26.8324,26.749,0.0,0.0
PRF,45.996,-77.427,-4,2007,5,17,20,11.78,45.88,9.47,0.0,0.35,79.99,0.061,5.6013,20.5922,14.9909,14.4385,86.6701,2.6886,32.6077,4.2854,4.4582,2.9833,0.1883,12.0363,13.6103,84.6867,14.9807,22.5858,0.0,0.0
PRF,45.996,-77.427,-4,2007,5,17,21,9.57,56.5,9.35,0.0,0.35,79.99,0.0,5.6013,20.5922,14.9909,14.5578,86.5623,2.6886,32.6077,4.195,4.4582,2.9039,0.1795,14.4271,15.2261,83.1213,10.3141,19.9198,0.0,0.0
PRF,45.996,-77.427,-4,2007,5,17,22,7.671,65.76,4.195,0.0,0.35,79.99,0.0,5.6013,20.5922,14.9909,14.9821,86.1804,2.6886,32.6077,3.0654,4.4582,1.8386,0.0799,16.482,16.9247,82.0771,1.6951,7.0215,0.0,0.0
PRF,45.996,-77.427,-4,2007,5,17,23,3.999,82.9,3.13,0.0,0.35,79.99,0.0,5.6013,20.5922,14.9909,16.0467,85.2308,2.6886,32.6077,2.5444,4.4582,1.2251,0.039,19.8135,20.07,79.683,0.0663,0.251,0.0,0.0
PRF,45.996,-77.427,-4,2007,5,18,0,2.0,90.8,3.142,0.0,0.35,79.36,0.0,5.5826,20.6119,15.0293,17.4524,83.9957,2.6886,32.6077,2.1524,4.4582,0.882,0.0218,23.198,23.3503,77.0574,0.0,0.0,0.0,0.0
PRF,45.996,-77.427,-4,2007,5,18,1,0.977,93.1,1.733,0.0,0.35,79.36,0.0,5.5826,20.6119,15.0293,18.7638,82.8623,2.6886,32.6077,1.7296,4.4582,0.7087,0.0148,25.6153,25.7101,75.3276,0.0,0.0,0.0,0.0
PRF,45.996,-77.427,-4,2007,5,18,2,0.06,95.2,2.84,0.0,0.35,79.36,0.0,5.5826,20.6119,15.0293,20.1451,81.6878,2.6886,32.6077,1.5827,4.4582,0.6485,0.0126,27.6887,27.7471,73.8072,0.0,0.0,0.0,0.0
PRF,45.996,-77.427,-4,2007,5,18,3,0.477,95.5,5.343,0.0,0.35,79.36,0.0,5.5826,20.6119,15.0293,21.4723,80.5774,2.6886,32.6077,1.5816,4.4582,0.6481,0.0126,29.0881,29.1224,72.7674,0.0,0.0,0.0,0.0
PRF,45.996,-77.427,-4,2007,5,18,4,-0.07,97.4,2.949,0.0,0.35,79.36,0.0,5.5826,20.6119,15.0293,22.7449,79.5289,2.6886,32.6077,1.2564,4.4582,0.5148,0.0084,30.369,30.3902,71.8979,0.0,0.0,0.0,0.0
PRF,45.996,-77.427,-4,2007,5,18,5,-1.196,97.4,2.586,0.0,0.35,79.36,0.0,5.5826,20.6119,15.0293,23.8172,78.6576,2.6886,32.6077,1.1356,4.4582,0.4653,0.007,31.2361,31.2495,71.2924,0.0,0.0,0.0,0.0
PRF,45.996,-77.427,-4,2007,5,18,6,-1.64,98.4,1.716,0.0,0.35,79.36,0.0009,5.5826,20.6119,15.0293,24.8322,77.8428,2.6886,32.6077,1.013,4.4582,0.4151,0.0057,32.011,32.0481,70.7592,0.0,0.0,0.0,0.0
PRF,45.996,-77.427,-4,2007,5,18,7,0.751,94.3,1.689,0.0,0.35,79.36,0.0159,5.5826,20.6119,15.0293,25.2822,77.4847,2.6895,32.8065,0.9829,4.4641,0.403,0.0054,32.011,32.0481,70.7594,0.0,0.0,0.0,0.0
PRF,45.996,-77.427,-4,2007,5,18,8,6.049,83.7,2.552,0.0,0.35,79.36,0.1031,5.5826,20.6119,15.0293,25.1955,77.5535,2.7114,33.0847,1.0322,4.5007,0.4246,0.006,29.5817,30.9736,72.4603,0.0,0.0,0.0,0.0
PRF,45.996,-77.427,-4,2007,5,18,9,8.83,70.84,5.521,0.0,0.35,79.36,0.2627,5.5826,20.6119,15.0293,24.5597,78.0606,2.7686,33.4047,1.2495,4.5868,0.5181,0.0085,24.1363,27.8514,76.305,0.0,0.0,0.0,0.0
PRF,45.996,-77.427,-4,2007,5,18,10,10.83,61.78,9.39,0.0,0.35,79.36,0.422,5.5826,20.6119,15.0293,23.4314,78.9698,2.8605,33.7546,1.6467,4.7208,0.6911,0.0141,18.808,24.1311,79.9257,2.1798,8.8179,0.0,0.0
PRF,45.996,-77.427,-4,2007,5,18,11,13.37,48.63,9.28,0.0,0.35,79.36,0.6046,5.5826,20.6119,15.0293,21.6791,80.406,3.013,34.1427,1.893,4.9368,0.8099,0.0187,13.7034,20.1942,83.3986,11.391,20.6291,0.0,0.0
PRF,45.996,-77.427,-4,2007,5,18,12,14.15,46.31,11.46,0.0,0.35,79.36,0.6795,5.5826,20.6119,15.0293,20.0291,81.7857,3.1816,34.5424,2.4723,5.1722,1.3498,0.0463,11.5186,17.8826,84.5077,19.63,24.5165,0.0,0.0
PRF,45.996,-77.427,-4,2007,5,18,13,15.65,38.81,10.18,0.0,0.35,79.36,0.7475,5.5826,20.6119,15.0293,18.23,83.3215,3.3942,34.9647,2.808,5.4627,1.8381,0.0799,9.4382,15.8408,85.9336,21.4064,25.1353,0.0,0.0
PRF,45.996,-77.427,-4,2007,5,18,14,17.02,32.46,10.69,0.0,0.35,79.36,0.7608,5.5826,20.6119,15.0293,16.3325,84.9779,3.6494,35.4075,3.5966,5.8034,2.7614,0.1642,8.0626,14.0287,86.628,26.3153,26.6101,0.0,0.0
PRF,45.996,-77.427,-4,2007,5,18,15,18.01,24.28,9.23,0.0,0.35,79.36,0.7253,5.5826,20.6119,15.0293,14.3264,86.7714,3.9522,35.8651,4.2952,6.1971,3.563,0.2578,6.7298,12.1318,87.6283,25.4225,26.3635,0.0,0.0
PRF,45.996,-77.427,-4,2007,5,18,16,19.1,23.8,7.894,0.0,0.35,79.36,0.6405,5.5826,20.6119,15.0293,12.7522,88.2103,4.2753,36.3391,4.9321,6.6072,4.2982,0.3593,6.4485,11.205,88.0342,21.2712,25.0901,0.0,0.0
PRF,45.996,-77.427,-4,2007,5,18,17,19.03,22.71,8.01,0.0,0.35,79.36,0.5216,5.5826,20.6119,15.0293,11.5287,89.3483,4.6018,36.8121,5.8416,7.0121,5.2749,0.5163,6.4485,10.7368,88.0126,21.712,25.2366,0.0,0.0
PRF,45.996,-77.427,-4,2007,5,18,18,19.54,22.13,8.0,0.0,0.35,79.36,0.3824,5.5826,20.6119,15.0293,10.5569,90.2648,4.9396,37.2927,6.6587,7.4216,6.1578,0.679,6.4485,10.4032,88.0145,21.6741,25.2241,0.0,0.0
PRF,45.996,-77.427,-4,2007,5,18,19,18.14,26.26,9.11,0.0,0.35,79.36,0.2269,5.5826,20.6119,15.0293,10.1946,90.6094,5.2365,37.7523,7.3975,7.7764,6.9442,0.8399,7.3724,10.4032,87.2958,23.327,25.7491,0.0,0.0
PRF,45.996,-77.427,-4,2007,5,18,20,16.06,34.2,6.806,0.0,0.35,79.36,0.0728,5.5826,20.6119,15.0293,10.1946,90.6094,5.4711,38.1807,6.5866,8.0562,6.3374,0.7144,9.154,11.0514,86.6169,12.6777,21.3936,0.0,0.0
PRF,45.996,-77.427,-4,2007,5,18,21,11.1,54.51,3.459,0.0,0.35,79.36,0.0,5.5826,20.6119,15.0293,10.8835,89.9555,5.4711,38.1807,5.0673,8.0562,4.899,0.453,12.2937,13.341,84.9381,3.061,11.2428,0.0,0.0
PRF,45.996,-77.427,-4,2007,5,18,22,7.33,70.91,2.127,0.0,0.35,79.36,0.0,5.5826,20.6119,15.0293,12.0138,88.895,5.4711,38.1807,4.0693,8.0562,3.8758,0.2992,15.6592,16.2606,82.6367,1.1057,3.9696,0.0,0.0
PRF,45.996,-77.427,-4,2007,5,18,23,5.568,76.56,2.98,0.0,0.35,79.36,0.0,5.5826,20.6119,15.0293,13.2285,87.7719,5.4711,38.1807,3.6158,8.0562,3.3838,0.2353,18.396,18.7401,80.5857,0.5534,2.094,0.0,0.0
PRF,45.996,-77.427,-4,2007,5,19,0,3.728,88.0,2.938,0.0,0.35,78.73,0.0,5.5644,20.6313,15.067,14.863,86.2874,5.4711,38.1807,2.921,8.0562,2.5848,0.1461,21.7729,21.9722,77.9693,0.0,0.0,0.0,0.0
PRF,45.996,-77.427,-4,2007,5,19,1,3.126,89.9,3.283,0.0,0.35,78.73,0.0,5.5644,20.6313,15.067,16.4014,84.9171,5.4711,38.1807,2.4557,8.0562,2.0033,0.093,24.1438,24.2595,76.2348,0.0,0.0,0.0,0.0
PRF,45.996,-77.427,-4,2007,5,19,2,2.103,94.7,2.653,0.0,0.35,78.73,0.0,5.5644,20.6313,15.067,18.101,83.4329,5.4711,38.1807,1.9497,8.0562,1.252,0.0405,26.5801,26.649,74.4909,0.0,0.0,0.0,0.0
PRF,45.996,-77.427,-4,2007,5,19,3,1.318,96.3,2.293,0.0,0.35,78.73,0.0,5.5644,20.6313,15.067,19.6965,82.0672,5.4711,38.1807,1.6115,8.0562,0.8679,0.0212,28.4444,28.4864,73.1627,0.0,0.0,0.0,0.0
PRF,45.996,-77.427,-4,2007,5,19,4,0.533,95.8,2.524,0.0,0.35,78.73,0.0,5.5644,20.6313,15.067,21.0116,80.9608,5.4711,38.1807,1.4319,8.0562,0.7711,0.0172,29.5254,29.5512,72.3916,0.0,0.0,0.0,0.0
PRF,45.996,-77.427,-4,2007,5,19,5,-0.002,95.5,1.544,0.0,0.35,78.73,0.0,5.5644,20.6313,15.067,22.0634,80.0884,5.4711,38.1807,1.2394,8.0562,0.6675,0.0133,30.1428,30.1592,71.9687,0.0,0.0,0.0,0.0
PRF,45.996,-77.427,-4,2007,5,19,6,-0.002,95.5,2.839,0.0,0.35,78.73,0.003,5.5644,20.6313,15.067,23.0336,79.2933,5.4711,38.1807,1.2208,8.0562,0.6575,0.0129,30.4708,30.5628,71.7208,0.0,0.0,0.0,0.0
PRF,45.996,-77.427,-4,2007,5,19,7,3.094,90.3,1.143,0.0,0.35,78.73,0.031,5.5644,20.6313,15.067,23.3532,79.0333,5.4778,38.4146,1.0933,8.0764,0.5895,0.0107,30.2312,30.5628,71.9113,0.0,0.0,0.0,0.0
PRF,45.996,-77.427,-4,2007,5,19,8,9.17,71.01,1.524,0.0,0.35,78.73,0.19,5.5644,20.6313,15.067,23.0143,79.309,5.5368,38.7397,1.1443,8.1585,0.6203,0.0117,25.6486,28.0828,75.1875,0.0,0.0,0.0,0.0
PRF,45.996,-77.427,-4,2007,5,19,9,11.95,48.92,8.41,0.0,0.35,78.73,0.4038,5.5644,20.6313,15.067,21.5104,80.5458,5.6723,39.1064,1.8395,8.3256,1.0689,0.0306,18.0616,22.5814,80.3344,3.0354,11.1827,0.0,0.0
PRF,45.996,-77.427,-4,2007,5,19,10,14.7,41.67,3.801,0.0,0.35,78.73,0.5625,5.5644,20.6313,15.067,19.895,81.8991,5.8627,39.5144,1.7037,8.5529,0.9461,0.0247,12.4141,18.8,84.6092,3.2442,11.658,0.0,0.0
PRF,45.996,-77.427,-4,2007,5,19,11,16.57,37.78,6.134,0.0,0.35,78.73,0.68,5.5644,20.6313,15.067,18.1225,83.4143,6.0915,39.9505,2.3179,8.8207,1.968,0.0902,9.3055,16.0599,86.3568,10.232,19.8627,0.0,0.0
PRF,45.996,-77.427,-4,2007,5,19,12,19.23,30.9,6.233,0.0,0.35,78.73,0.7725,5.5644,20.6313,15.067,16.0796,85.2016,6.3865,40.4264,2.9631,9.1567,2.8744,0.1763,6.8606,13.5763,87.7987,13.7332,21.9648,0.0,0.0
PRF,45.996,-77.427,-4,2007,5,19,13,21.55,27.83,8.23,0.0,0.35,78.73,0.8101,5.5644,20.6313,15.067,14.0401,87.0311,6.7318,40.9372,4.2378,9.5412,4.4581,0.3833,5.7214,11.7576,88.0443,24.0405,25.9642,0.0,0.0
PRF,45.996,-77.427,-4,2007,5,19,14,23.01,25.68,6.192,0.0,0.35,78.73,0.7993,5.5644,20.6313,15.067,12.3506,88.5819,7.1114,41.4698,4.7747,9.955,5.162,0.4969,4.8833,10.6217,88.9018,16.7935,23.4018,0.0,0.0
PRF,45.996,-77.427,-4,2007,5,19,15,23.9,21.62,7.45,0.0,0.35,78.73,0.7464,5.5644,20.6313,15.067,10.733,90.0979,7.5273,42.0158,6.3237,10.3977,6.9167,0.834,4.587,9.4914,88.7931,23.577,25.8252,0.0,0.0
PRF,45.996,-77.427,-4,2007,5,19,16,23.66,19.91,5.582,0.0,0.35,78.73,0.6547,5.5644,20.6313,15.067,9.5498,91.2265,7.948,42.5582,6.7625,10.8365,7.5053,0.9638,4.587,8.9548,89.1847,13.9562,22.0799,0.0,0.0
PRF,45.996,-77.427,-4,2007,5,19,17,24.24,20.29,6.422,0.0,0.35,78.73,0.5336,5.5644,20.6313,15.067,8.6903,92.0572,8.3769,43.1093,7.9373,11.276,8.8118,1.2804,4.587,8.7484,89.0112,18.5364,24.1071,0.0,0.0
PRF,45.996,-77.427,-4,2007,5,19,18,24.65,20.53,4.482,0.0,0.35,78.73,0.3909,5.5644,20.6313,15.067,8.1117,92.6215,8.8118,43.6666,7.7945,11.714,8.8362,1.2866,4.6832,8.6568,89.3522,8.8125,18.7959,0.0,0.0
PRF,45.996,-77.427,-4,2007,5,19,19,24.35,22.47,4.214,0.0,0.35,78.73,0.236,5.5644,20.6313,15.067,7.8623,92.866,9.2309,44.2193,7.9587,12.1309,9.1497,1.3686,5.3002,8.6568,89.0564,7.7783,17.9042,0.0,0.0
PRF,45.996,-77.427,-4,2007,5,19,20,19.64,39.97,2.046,0.0,0.35,78.73,0.0771,5.5644,20.6313,15.067,8.2653,92.4713,9.4927,44.7014,6.7498,12.4015,8.0164,1.083,7.9196,10.0802,87.812,3.0202,11.147,0.0,0.0
PRF,45.996,-77.427,-4,2007,5,19,21,15.29,60.28,1.807,0.0,0.35,78.73,0.0,5.5644,20.6313,15.067,9.4434,91.3289,9.4927,44.7014,5.6731,12.4015,6.8527,0.8204,11.8654,12.9682,85.1834,1.7677,7.321,0.0,0.0
PRF,45.996,-77.427,-4,2007,5,19,22,17.96,38.82,7.295,0.0,0.35,78.73,0.0,5.5644,20.6313,15.067,9.6106,91.1682,9.4927,44.7014,7.3112,12.4015,8.5974,1.2257,11.9239,12.9682,84.5517,10.3421,19.9391,0.0,0.0
PRF,45.996,-77.427,-4,2007,5,19,23,18.08,36.7,9.99,0.0,0.35,78.73,0.0,5.5644,20.6313,15.067,9.6632,91.1176,9.4927,44.7014,8.3145,12.4015,9.5981,1.4895,11.9239,12.9682,84.2103,15.7749,22.9548,0.0,0.0
PRF,45.996,-77.427,-4,2007,5,20,0,14.07,51.41,13.3,0.0,0.35,78.1,0.0,5.5467,20.6506,15.1039,10.4662,90.3509,9.4927,44.7014,8.8049,12.4015,10.0713,1.6219,13.5892,14.0457,82.5146,18.4951,24.0912,0.0,0.0
PRF,45.996,-77.427,-4,2007,5,20,1,12.53,57.21,7.634,0.0,0.35,78.1,0.0,5.5467,20.6506,15.1039,11.2909,89.5716,9.4927,44.7014,5.9186,12.4015,7.1243,0.8789,14.9473,15.1671,82.3145,6.8212,16.9663,0.0,0.0
PRF,45.996,-77.427,-4,2007,5,20,2,11.65,60.18,6.327,0.0,0.35,78.1,0.0,5.5467,20.6506,15.1039,12.0632,88.849,9.4927,44.7014,4.9953,12.4015,6.0814,0.6641,15.9522,16.0614,81.7536,4.0338,13.214,0.0,0.0
PRF,45.996,-77.427,-4,2007,5,20,3,10.77,64.93,8.56,0.0,0.35,78.1,0.0,5.5467,20.6506,15.1039,12.9321,88.0445,9.4927,44.7014,4.9805,12.4015,6.0642,0.6608,17.0417,17.0938,80.8316,4.6784,14.2729,0.0,0.0
PRF,45.996,-77.427,-4,2007,5,20,4,10.19,65.27,6.962,0.0,0.35,78.1,0.0,5.5467,20.6506,15.1039,13.6279,87.4064,9.4927,44.7014,4.1941,12.4015,5.1229,0.4903,17.6542,17.6801,80.5357,2.7481,10.4726,0.0,0.0
PRF,45.996,-77.427,-4,2007,5,20,5,9.82,63.87,6.7,0.0,0.35,78.1,0.0,5.5467,20.6506,15.1039,14.1408,86.9396,9.4927,44.7014,3.8726,12.4015,4.7217,0.4243,17.8718,17.885,80.4035,2.3408,9.3266,0.0,0.0
PRF,45.996,-77.427,-4,2007,5,20,6,9.55,63.3,5.85,0.0,0.35,78.1,0.0332,5.5467,20.6506,15.1039,14.5356,86.5823,9.5705,45.0322,3.5267,12.4997,4.2984,0.3593,17.8718,17.9708,80.461,1.818,7.5212,0.0,0.0
PRF,45.996,-77.427,-4,2007,5,20,7,8.63,66.78,7.801,0.0,0.35,78.1,0.1167,5.5467,20.6506,15.1039,15.0272,86.1398,9.6341,45.3491,3.6553,12.5845,4.4839,0.3873,17.8718,18.4665,80.3257,2.9595,11.0019,0.0,0.0
PRF,45.996,-77.427,-4,2007,5,20,8,7.944,64.36,9.9,0.0,0.35,78.1,0.2071,5.5467,20.6506,15.1039,15.3652,85.8372,9.697,45.6558,3.894,12.6676,4.8088,0.4383,17.8718,18.5787,80.1662,7.7748,17.901,0.0,0.0
PRF,45.996,-77.427,-4,2007,5,20,9,7.534,65.79,9.5,0.0,0.35,78.1,0.2776,5.5467,20.6506,15.1039,15.702,85.5369,9.7542,45.9563,3.6596,12.7454,4.5242,0.3934,17.8012,18.8227,80.2452,7.4755,17.6206,0.0,0.0
PRF,45.996,-77.427,-4,2007,5,20,10,7.773,68.28,9.32,0.0,0.35,78.1,0.3331,5.5467,20.6506,15.1039,16.0674,85.2124,9.8089,46.2604,3.4669,12.8213,4.2868,0.3576,17.582,19.1649,80.4068,4.2663,13.6143,0.0,0.0
PRF,45.996,-77.427,-4,2007,5,20,11,8.38,64.76,11.85,0.0,0.35,78.1,0.4234,5.5467,20.6506,15.1039,16.2217,85.0758,9.8745,46.5736,3.8648,12.9074,4.8249,0.4409,16.8355,19.1649,80.6764,11.2099,20.5147,0.0,0.0
PRF,45.996,-77.427,-4,2007,5,20,12,9.13,60.55,11.81,0.0,0.35,78.1,0.5081,5.5467,20.6506,15.1039,16.2217,85.0758,9.9544,46.898,3.857,13.0069,4.8369,0.4428,15.6475,19.1649,81.4381,13.0214,21.5847,0.0,0.0
PRF,45.996,-77.427,-4,2007,5,20,13,9.33,60.38,12.21,0.0,0.35,78.1,0.529,5.5467,20.6506,15.1039,16.2217,85.0758,10.0365,47.2255,3.9355,13.1084,4.9606,0.4631,15.0438,19.1649,81.7716,14.4918,22.3488,0.0,0.0
PRF,45.996,-77.427,-4,2007,5,20,14,7.492,66.36,11.35,0.0,0.35,78.1,0.4335,5.5467,20.6506,15.1039,16.432,84.8901,10.0925,47.5253,3.6737,13.185,4.6366,0.4109,15.0438,19.1825,81.8686,13.3501,21.7627,0.0,0.0
PRF,45.996,-77.427,-4,2007,5,20,15,7.499,65.11,10.3,0.0,0.35,78.1,0.4133,5.5467,20.6506,15.1039,16.5534,84.7832,10.1505,47.8253,3.4337,13.2634,4.3328,0.3645,15.0438,19.1825,81.9824,11.9227,20.955,0.0,0.0
PRF,45.996,-77.427,-4,2007,5,20,16,7.875,63.71,12.09,0.0,0.35,78.1,0.3781,5.5467,20.6506,15.1039,16.5915,84.7495,10.214,48.131,3.7406,13.347,4.7592,0.4303,15.0438,19.1825,81.7853,14.3338,22.2705,0.0,0.0
PRF,45.996,-77.427,-4,2007,5,20,17,7.734,63.74,13.23,0.0,0.35,78.1,0.3062,5.5467,20.6506,15.1039,16.6289,84.7167,10.2762,48.4345,3.9441,13.4293,5.0429,0.4768,15.2763,19.1825,81.5102,15.4076,22.7866,0.0,0.0
PRF,45.996,-77.427,-4,2007,5,20,18,7.909,63.98,8.76,0.0,0.35,78.1,0.2253,5.5467,20.6506,15.1039,16.6598,84.6895,10.3395,48.7406,3.137,13.5127,3.9736,0.3127,15.5682,19.1825,81.7965,7.23,17.3821,0.0,0.0
PRF,45.996,-77.427,-4,2007,5,20,19,9.4,57.35,6.438,0.0,0.35,78.1,0.1606,5.5467,20.6506,15.1039,16.6598,84.6895,10.4285,49.0691,2.7906,13.6203,3.4977,0.2495,15.5682,19.1667,82.006,4.5571,14.0852,0.0,0.0
PRF,45.996,-77.427,-4,2007,5,20,20,9.64,55.1,2.921,0.0,0.35,78.1,0.0581,5.5467,20.6506,15.1039,16.6399,84.707,10.5246,49.4012,2.343,13.7342,2.8412,0.1727,15.6966,18.9856,82.1942,1.4194,5.7534,0.0,0.0
PRF,45.996,-77.427,-4,2007,5,20,21,7.636,62.85,5.225,0.0,0.35,78.1,0.0,5.5467,20.6506,15.1039,16.6399,84.707,10.5246,49.4012,2.6314,13.7342,3.2818,0.2229,16.9564,18.9856,81.1435,1.9674,8.0855,0.0,0.0
PRF,45.996,-77.427,-4,2007,5,20,22,7.398,56.17,6.911,0.0,0.35,78.1,0.0,5.5467,20.6506,15.1039,16.6399,84.707,10.5246,49.4012,2.8647,13.7342,3.6258,0.2659,17.1648,18.9856,80.8765,3.2838,11.7447,0.0,0.0
PRF,45.996,-77.427,-4,2007,5,20,23,4.301,70.61,4.824,0.0,0.35,78.1,0.0,5.5467,20.6506,15.1039,16.9652,84.4213,10.5246,49.4012,2.4806,13.7342,3.0538,0.1962,18.7644,19.8154,79.8955,0.6493,2.4567,0.0,0.0
PRF,45.996,-77.427,-4,2007,5,21,0,5.025,62.4,7.381,0.0,0.35,77.16,0.0,5.5296,20.6695,15.14,16.9732,84.4144,10.5246,49.4012,2.8191,13.7342,3.5593,0.2573,18.9201,19.8154,79.3612,1.349,5.3902,0.0,0.0
PRF,45.996,-77.427,-4,2007,5,21,1,5.809,55.84,8.25,0.0,0.35,77.16,0.0,5.5296,20.6695,15.14,16.9732,84.4144,10.5246,49.4012,2.9453,13.7342,3.7423,0.2812,18.9201,19.8154,79.3008,1.5819,6.5275,0.0,0.0
PRF,45.996,-77.427,-4,2007,5,21,2,4.786,59.63,6.6,0.0,0.35,77.16,0.0,5.5296,20.6695,15.14,16.9732,84.4144,10.5246,49.4012,2.7103,13.7342,3.3992,0.2372,18.9201,19.8154,79.4135,1.128,4.1122,0.0,0.0
PRF,45.996,-77.427,-4,2007,5,21,3,2.261,70.08,6.816,0.0,0.35,77.16,0.0,5.5296,20.6695,15.14,17.2797,84.1463,10.5246,49.4012,2.6428,13.7342,3.2989,0.2249,19.9425,20.466,78.695,0.0573,0.2167,0.0,0.0
PRF,45.996,-77.427,-4,2007,5,21,4,2.069,67.37,4.72,0.0,0.35,77.16,0.0,5.5296,20.6695,15.14,17.4499,83.9979,10.5246,49.4012,2.3312,13.7342,2.8228,0.1707,20.3027,20.6218,78.5605,0.0,0.0,0.0,0.0
PRF,45.996,-77.427,-4,2007,5,21,5,-0.287,79.36,7.296,0.0,0.35,77.16,0.0,5.5296,20.6695,15.14,18.065,83.464,10.5246,49.4012,2.4737,13.7342,3.0432,0.195,21.969,22.1593,77.264,0.0,0.0,0.0,0.0
PRF,45.996,-77.427,-4,2007,5,21,6,0.954,73.23,7.516,0.0,0.35,77.16,0.0179,5.5296,20.6695,15.14,18.3441,83.2231,10.5302,49.603,2.4242,13.7585,2.9711,0.1869,22.0155,22.2811,77.2209,0.0,0.0,0.0,0.0
PRF,45.996,-77.427,-4,2007,5,21,7,3.64,65.15,8.03,0.0,0.35,77.16,0.0961,5.5296,20.6695,15.14,18.3441,83.2231,10.5584,49.8451,2.4878,13.8058,3.0764,0.1988,21.5182,22.2215,77.5383,0.0,0.0,0.0,0.0
PRF,45.996,-77.427,-4,2007,5,21,8,6.511,53.44,6.135,0.0,0.35,77.16,0.2309,5.5296,20.6695,15.14,18.1214,83.4153,10.6257,50.1303,2.3184,13.8907,2.8268,0.1711,19.1905,21.042,79.2567,0.7397,2.7987,0.0,0.0
PRF,45.996,-77.427,-4,2007,5,21,9,8.31,45.58,7.272,0.0,0.35,77.16,0.3751,5.5296,20.6695,15.14,17.5961,83.8707,10.7261,50.4424,2.6066,14.0064,3.2898,0.2239,16.201,19.4338,81.2021,4.6579,14.2416,0.0,0.0
PRF,45.996,-77.427,-4,2007,5,21,10,10.45,41.28,8.32,0.0,0.35,77.16,0.5154,5.5296,20.6695,15.14,16.8701,84.5048,10.8623,50.7867,2.9921,14.1556,3.886,0.3006,13.355,17.824,82.9263,9.8911,19.6207,0.0,0.0
PRF,45.996,-77.427,-4,2007,5,21,11,11.8,32.06,9.16,0.0,0.35,77.16,0.6456,5.5296,20.6695,15.14,15.7597,85.4855,11.0403,51.1512,3.5718,14.3419,4.7393,0.4271,10.5526,15.8686,84.4816,15.8111,22.9712,0.0,0.0
PRF,45.996,-77.427,-4,2007,5,21,12,14.05,24.38,10.38,0.0,0.35,77.16,0.7469,5.5296,20.6695,15.14,14.2575,86.8338,11.2762,51.5494,4.592,14.5794,6.1394,0.6754,8.0739,13.6184,85.5991,24.0909,25.9792,0.0,0.0
PRF,45.996,-77.427,-4,2007,5,21,13,15.11,22.64,9.13,0.0,0.35,77.16,0.7826,5.5296,20.6695,15.14,12.9438,88.0337,11.5357,51.9636,5.1177,14.837,6.8622,0.8225,6.776,12.3026,86.5017,23.6748,25.8548,0.0,0.0
PRF,45.996,-77.427,-4,2007,5,21,14,16.13,20.39,10.68,0.0,0.35,77.16,0.778,5.5296,20.6695,15.14,11.6944,89.1931,11.8207,52.393,6.5356,15.1156,8.6234,1.2323,6.2206,11.2647,86.4328,30.4348,27.6489,0.0,0.0
PRF,45.996,-77.427,-4,2007,5,21,15,16.4,17.32,11.24,0.0,0.35,77.16,0.729,5.5296,20.6695,15.14,10.5198,90.3,12.1218,52.8265,7.8793,15.4058,10.2058,1.6605,5.8883,10.3267,86.4559,33.4696,28.3278,0.0,0.0
PRF,45.996,-77.427,-4,2007,5,21,16,16.95,16.3,9.21,0.0,0.35,77.16,0.6433,5.5296,20.6695,15.14,9.5702,91.2069,12.4367,53.2683,8.0964,15.7061,10.5394,1.7577,5.7351,9.7339,86.9883,26.7869,26.7369,0.0,0.0
PRF,45.996,-77.427,-4,2007,5,21,17,17.29,13.98,8.21,0.0,0.35,77.16,0.5274,5.5296,20.6695,15.14,8.6845,92.0628,12.7669,53.7151,8.6926,16.0167,11.2802,1.9823,5.6526,9.0328,87.2482,23.2327,25.7201,0.0,0.0
PRF,45.996,-77.427,-4,2007,5,21,18,17.39,15.41,5.907,0.0,0.35,77.16,0.3872,5.5296,20.6695,15.14,8.1585,92.5757,13.0935,54.1635,8.321,16.3225,10.9873,1.8921,5.6526,9.0328,87.7348,13.5575,21.8728,0.0,0.0
PRF,45.996,-77.427,-4,2007,5,21,19,16.71,17.53,5.923,0.0,0.35,77.16,0.2346,5.5296,20.6695,15.14,7.9422,92.7876,13.3994,54.6016,8.5795,16.609,11.3624,2.0079,6.1116,9.0328,87.4921,12.9736,21.5584,0.0,0.0
PRF,45.996,-77.427,-4,2007,5,21,20,14.6,25.07,3.582,0.0,0.35,77.16,0.0807,5.5296,20.6695,15.14,7.9613,92.7688,13.6422,55.0081,7.6047,16.8422,10.3636,1.7062,7.4574,9.6042,87.1699,5.0923,14.8785,0.0,0.0
PRF,45.996,-77.427,-4,2007,5,21,21,8.48,47.22,2.961,0.0,0.35,77.16,0.0,5.5296,20.6695,15.14,8.72,92.0283,13.6422,55.0081,6.6399,16.8422,9.2464,1.3943,10.6653,11.9823,85.2849,3.0189,11.144,0.0,0.0
PRF,45.996,-77.427,-4,2007,5,21,22,5.425,62.8,2.774,0.0,0.35,77.16,0.0,5.5296,20.6695,15.14,9.8742,90.9154,13.6422,55.0081,5.6157,16.8422,7.995,1.0779,13.9974,14.7932,83.0894,1.8452,7.6275,0.0,0.0
PRF,45.996,-77.427,-4,2007,5,21,23,4.069,69.06,3.026,0.0,0.35,77.16,0.0,5.5296,20.6695,15.14,11.0821,89.7681,13.6422,55.0081,4.8264,16.8422,6.9754,0.8466,16.6526,17.132,81.2303,1.1136,4.0206,0.0,0.0
PRF,45.996,-77.427,-4,2007,5,22,0,2.577,75.93,3.132,0.0,0.35,76.22,0.0,5.513,20.6883,15.1753,12.3647,88.5688,13.6422,55.0081,4.0847,16.8422,5.9642,0.6416,19.0375,19.3277,79.2743,0.3209,1.2144,0.0,0.0
PRF,45.996,-77.427,-4,2007,5,22,1,1.796,81.7,2.944,0.0,0.35,76.22,0.0,5.513,20.6883,15.1753,13.7025,87.3383,13.6422,55.0081,3.3922,16.8422,4.9631,0.4635,21.2167,21.3932,77.7507,0.0,0.0,0.0,0.0
PRF,45.996,-77.427,-4,2007,5,22,2,3.601,79.38,3.415,0.0,0.35,76.22,0.0,5.513,20.6883,15.1753,14.7869,86.3558,13.6422,55.0081,3.0211,16.8422,4.399,0.3744,22.1161,22.2194,77.0947,0.0,0.0,0.0,0.0
PRF,45.996,-77.427,-4,2007,5,22,3,4.206,79.88,1.352,0.0,0.35,76.22,0.0,5.513,20.6883,15.1753,15.6581,85.5759,13.6422,55.0081,2.4405,16.8422,3.4683,0.2458,22.6098,22.6726,76.8259,0.0,0.0,0.0,0.0
PRF,45.996,-77.427,-4,2007,5,22,4,3.216,82.6,1.88,0.0,0.35,76.22,0.0,5.513,20.6883,15.1753,16.5552,84.7815,13.6422,55.0081,2.246,16.8422,3.1399,0.2061,23.3605,23.3984,76.2716,0.0,0.0,0.0,0.0
PRF,45.996,-77.427,-4,2007,5,22,5,2.136,88.7,2.34,0.0,0.35,76.22,0.0,5.513,20.6883,15.1753,17.6951,83.7846,13.6422,55.0081,2.01,16.8422,2.7275,0.1606,24.8612,24.8841,75.1905,0.0,0.0,0.0,0.0
PRF,45.996,-77.427,-4,2007,5,22,6,3.091,87.7,2.438,0.0,0.35,76.22,0.0109,5.513,20.6883,15.1753,18.6186,82.987,13.6507,55.242,1.8208,16.876,2.3868,0.1269,25.3107,25.5275,74.8692,0.0,0.0,0.0,0.0
PRF,45.996,-77.427,-4,2007,5,22,7,5.639,74.55,2.496,0.0,0.35,76.22,0.0852,5.513,20.6883,15.1753,18.7425,82.8807,13.6825,55.5141,1.8015,16.932,2.3577,0.1241,24.2171,25.0573,75.6423,0.0,0.0,0.0,0.0
PRF,45.996,-77.427,-4,2007,5,22,8,8.87,59.89,1.573,0.0,0.35,76.22,0.2338,5.513,20.6883,15.1753,18.6067,82.9972,13.7615,55.8346,1.7454,17.0298,2.2633,0.1155,20.8014,23.2572,78.1081,0.0,0.0,0.0,0.0
PRF,45.996,-77.427,-4,2007,5,22,9,12.09,41.38,2.673,0.0,0.35,76.22,0.4316,5.513,20.6883,15.1753,17.7401,83.7456,13.9189,56.2035,2.0335,17.193,2.8152,0.1699,15.1495,19.8218,81.9949,1.4053,5.682,0.0,0.0
PRF,45.996,-77.427,-4,2007,5,22,10,14.5,37.48,5.934,0.0,0.35,76.22,0.5756,5.513,20.6883,15.1753,16.5972,84.7446,14.1201,56.6085,2.7411,17.3937,4.0455,0.3228,11.193,16.9354,84.1786,7.3358,17.4859,0.0,0.0
PRF,45.996,-77.427,-4,2007,5,22,11,16.2,26.09,5.652,0.0,0.35,76.22,0.7032,5.513,20.6883,15.1753,14.95,86.2092,14.3859,57.039,3.3123,17.6457,4.9872,0.4675,7.7696,13.9941,86.1841,9.5609,19.3782,0.0,0.0
PRF,45.996,-77.427,-4,2007,5,22,12,18.31,22.78,9.03,0.0,0.35,76.22,0.7814,5.513,20.6883,15.1753,13.1816,87.815,14.6998,57.5011,4.9349,17.9363,7.3731,0.9339,6.1811,11.8442,86.3016,24.275,26.0336,0.0,0.0
PRF,45.996,-77.427,-4,2007,5,22,13,19.88,20.97,7.158,0.0,0.35,76.22,0.8138,5.513,20.6883,15.1753,11.6666,89.2191,15.0486,57.9868,5.4933,18.2541,8.1911,1.1251,5.0864,10.5537,87.2318,19.7296,24.5527,0.0,0.0
PRF,45.996,-77.427,-4,2007,5,22,14,19.47,22.06,10.13,0.0,0.35,76.22,0.7953,5.513,20.6883,15.1753,10.622,90.203,15.3855,58.4664,7.3479,18.5605,10.5847,1.7711,5.0864,10.3374,86.53,31.5077,27.8963,0.0,0.0
PRF,45.996,-77.427,-4,2007,5,22,15,20.15,22.68,5.126,0.0,0.35,76.22,0.7423,5.513,20.6883,15.1753,9.9359,90.8564,15.7314,58.9561,6.2693,18.873,9.348,1.4215,5.0864,10.249,87.6821,9.7865,19.5447,0.0,0.0
PRF,45.996,-77.427,-4,2007,5,22,16,20.43,19.91,9.75,0.0,0.35,76.22,0.6543,5.513,20.6883,15.1753,9.1648,91.5974,16.0946,59.4501,8.7946,19.1967,12.4545,2.3621,5.0864,9.7382,86.6226,30.0791,27.5649,0.0,0.0
PRF,45.996,-77.427,-4,2007,5,22,17,20.84,19.68,8.83,0.0,0.35,76.22,0.5353,5.513,20.6883,15.1753,8.5835,92.161,16.4662,59.9502,9.0938,19.5252,12.8976,2.5129,5.0873,9.473,86.8429,26.5397,26.6707,0.0,0.0
PRF,45.996,-77.427,-4,2007,5,22,18,20.46,17.29,8.26,0.0,0.35,76.22,0.3942,5.513,20.6883,15.1753,8.0211,92.7102,16.8419,60.4446,9.5473,19.8539,13.5116,2.7285,5.2343,9.0542,86.9107,23.9002,25.9224,0.0,0.0
PRF,45.996,-77.427,-4,2007,5,22,19,20.05,19.71,5.827,0.0,0.35,76.22,0.2407,5.513,20.6883,15.1753,7.8284,92.8994,17.1993,60.9328,8.6731,20.1672,12.6248,2.4196,5.7944,9.0542,87.1808,12.6543,21.3804,0.0,0.0
PRF,45.996,-77.427,-4,2007,5,22,20,18.35,25.1,3.863,0.0,0.35,76.22,0.0861,5.513,20.6883,15.1753,7.8284,92.8994,17.5044,61.3956,7.8559,20.4398,11.7435,2.1287,7.0602,9.314,86.8969,5.5628,15.5097,0.0,0.0
PRF,45.996,-77.427,-4,2007,5,22,21,14.71,42.57,4.155,0.0,0.35,76.22,0.0,5.513,20.6883,15.1753,8.4537,92.2874,17.5044,61.3956,7.3145,20.4398,11.0825,1.9212,9.9608,11.1831,85.1724,4.3549,13.7611,0.0,0.0
PRF,45.996,-77.427,-4,2007,5,22,22,11.58,56.91,1.257,0.0,0.35,76.22,0.0,5.513,20.6883,15.1753,9.4088,91.3622,17.5044,61.3956,5.5442,20.4398,8.7829,1.2729,12.6849,13.3915,83.7912,1.096,3.9067,0.0,0.0
PRF,45.996,-77.427,-4,2007,5,22,23,9.41,59.61,1.654,0.0,0.35,76.22,0.0,5.513,20.6883,15.1753,10.3324,90.4781,17.5044,61.3956,4.9862,20.4398,8.0055,1.0804,14.6575,15.0716,82.4177,1.0099,3.8212,0.0,0.0
PRF,45.996,-77.427,-4,2007,5,23,0,8.11,64.08,2.699,0.0,0.35,75.28,0.0,5.497,20.7067,15.2098,11.3204,89.5438,17.5044,61.3956,4.5972,20.4398,7.4456,0.9502,16.3447,16.5814,80.8649,1.0396,3.9338,0.0,0.0
PRF,45.996,-77.427,-4,2007,5,23,1,7.536,66.3,3.344,0.0,0.35,75.28,0.0,5.497,20.7067,15.2098,12.259,88.6669,17.5044,61.3956,4.1872,20.4398,6.8376,0.8172,17.578,17.7116,79.9789,0.8384,3.1724,0.0,0.0
PRF,45.996,-77.427,-4,2007,5,23,2,7.44,74.91,4.688,0.0,0.35,75.28,0.0,5.497,20.7067,15.2098,13.4436,87.5748,17.5044,61.3956,3.8311,20.4398,6.2929,0.7056,19.2305,19.3018,78.7618,0.3638,1.3767,0.0,0.0
PRF,45.996,-77.427,-4,2007,5,23,3,7.098,79.52,4.026,0.0,0.35,75.28,0.0,5.497,20.7067,15.2098,14.6311,86.4962,17.5044,61.3956,3.178,20.4398,5.2474,0.5115,20.7363,20.7746,77.7692,0.0,0.0,0.0,0.0
PRF,45.996,-77.427,-4,2007,5,23,4,7.573,78.32,5.148,0.0,0.35,75.28,0.0,5.497,20.7067,15.2098,15.586,85.6402,17.5044,61.3956,2.9816,20.4398,4.9195,0.4563,21.3425,21.3625,77.2911,0.0,0.0,0.0,0.0
PRF,45.996,-77.427,-4,2007,5,23,5,6.92,81.9,4.82,0.0,0.35,75.28,0.0,5.497,20.7067,15.2098,16.5633,84.7744,17.5044,61.3956,2.6021,20.4398,4.265,0.3544,22.2566,22.2672,76.6788,0.0,0.0,0.0,0.0
PRF,45.996,-77.427,-4,2007,5,23,6,7.535,82.0,4.907,0.0,0.35,75.28,0.0204,5.497,20.7067,15.2098,17.3765,84.0618,17.5345,61.6961,2.3735,20.502,3.8639,0.2976,22.3807,22.6894,76.589,0.0,0.0,0.0,0.0
PRF,45.996,-77.427,-4,2007,5,23,7,10.88,68.55,5.525,0.0,0.35,75.28,0.1278,5.497,20.7067,15.2098,17.3765,84.0618,17.6105,62.0468,2.4485,20.6023,4.0135,0.3183,20.7995,21.9917,77.6413,0.0,0.0,0.0,0.0
PRF,45.996,-77.427,-4,2007,5,23,8,13.32,54.65,10.16,0.0,0.35,75.28,0.2901,5.497,20.7067,15.2098,17.0677,84.3316,17.7446,62.4341,3.2068,20.7474,5.345,0.5285,17.2088,19.762,79.6265,8.2445,18.32,0.0,0.0
PRF,45.996,-77.427,-4,2007,5,23,9,15.76,46.11,8.35,0.0,0.35,75.28,0.4549,5.497,20.7067,15.2098,16.3452,84.9667,17.9331,62.858,3.1916,20.9347,5.3502,0.5294,13.3316,17.4393,82.1832,9.4686,19.3088,0.0,0.0
PRF,45.996,-77.427,-4,2007,5,23,10,18.14,38.36,9.54,0.0,0.35,75.28,0.605,5.497,20.7067,15.2098,15.2006,85.9844,18.1813,63.3176,3.9038,21.1674,6.5402,0.7554,10.053,15.1103,83.8117,16.671,23.3495,0.0,0.0
PRF,45.996,-77.427,-4,2007,5,23,11,20.22,35.12,10.13,0.0,0.35,75.28,0.7165,5.497,20.7067,15.2098,13.9766,87.0887,18.4726,63.8084,4.702,21.433,7.8055,1.033,7.9712,13.4366,84.7199,22.4606,25.4787,0.0,0.0
PRF,45.996,-77.427,-4,2007,5,23,12,22.54,32.67,13.54,0.0,0.35,75.28,0.7912,5.497,20.7067,15.2098,12.6766,88.2801,18.8095,64.334,6.6212,21.7334,10.5448,1.7593,6.9062,12.0693,84.4008,34.963,28.6396,0.0,0.0
PRF,45.996,-77.427,-4,2007,5,23,13,23.73,30.52,14.78,0.0,0.35,75.28,0.8204,5.497,20.7067,15.2098,11.5078,89.3679,19.1755,64.8775,8.2397,22.0546,12.6817,2.4389,6.3051,11.1484,84.3173,40.9217,29.7637,0.0,0.0
PRF,45.996,-77.427,-4,2007,5,23,14,26.08,29.6,14.81,0.0,0.35,75.28,0.8091,5.497,20.7067,15.2098,10.4511,90.3652,19.5831,65.4562,9.5205,22.407,14.3138,3.0217,5.7121,10.2963,84.5232,43.7205,30.2362,0.0,0.0
PRF,45.996,-77.427,-4,2007,5,23,15,26.83,29.19,15.19,0.0,0.35,75.28,0.7544,5.497,20.7067,15.2098,9.6722,91.109,20.0049,66.0461,10.792,22.7686,15.8787,3.6309,5.7121,9.8878,84.4211,44.8848,30.424,0.0,0.0
PRF,45.996,-77.427,-4,2007,5,23,16,28.02,29.19,16.54,0.0,0.35,75.28,0.6638,5.497,20.7067,15.2098,9.0746,91.6846,20.4453,66.6539,12.5367,23.1433,17.9032,4.4901,5.7121,9.548,84.0525,48.9686,31.046,0.0,0.0
PRF,45.996,-77.427,-4,2007,5,23,17,28.46,29.97,15.46,0.0,0.35,75.28,0.5428,5.497,20.7067,15.2098,8.7412,92.0077,20.8878,67.2683,12.4287,23.5185,17.9265,4.5004,5.7121,9.502,84.3481,45.708,30.5538,0.0,0.0
PRF,45.996,-77.427,-4,2007,5,23,18,28.22,31.54,13.12,0.0,0.35,75.28,0.4001,5.497,20.7067,15.2098,8.6806,92.0666,21.3167,67.8791,11.1387,23.8829,16.645,3.9468,5.8395,9.502,84.9202,37.9262,29.2207,0.0,0.0
PRF,45.996,-77.427,-4,2007,5,23,19,27.25,35.02,6.793,0.0,0.35,75.28,0.2455,5.497,20.7067,15.2098,8.6806,92.0666,21.7098,68.4754,8.0979,24.2214,13.1221,2.5908,6.6157,9.502,86.0687,14.975,22.5831,0.0,0.0
PRF,45.996,-77.427,-4,2007,5,23,20,25.34,45.49,2.934,0.0,0.35,75.28,0.0895,5.497,20.7067,15.2098,9.0394,91.7187,22.0164,69.043,6.3464,24.5008,10.8536,1.8515,8.6323,10.365,85.7174,3.5395,12.2803,0.0,0.0
PRF,45.996,-77.427,-4,2007,5,23,21,20.05,63.26,1.981,0.0,0.35,75.28,0.0,5.497,20.7067,15.2098,10.2269,90.5786,22.0164,69.043,5.1424,24.5008,9.0999,1.3554,12.3458,13.1022,83.5783,1.6498,6.8281,0.0,0.0
PRF,45.996,-77.427,-4,2007,5,23,22,21.06,53.76,3.535,0.0,0.35,75.28,0.0,5.497,20.7067,15.2098,10.7401,90.0912,22.0164,69.043,5.1866,24.5008,9.1666,1.373,12.9275,13.2503,83.0287,2.5822,10.0278,0.0,0.0
PRF,45.996,-77.427,-4,2007,5,23,23,22.51,49.31,6.94,0.0,0.35,75.28,0.0,5.497,20.7067,15.2098,10.9157,89.9251,22.0164,69.043,6.0126,24.5008,10.3804,1.7111,12.9275,13.2503,82.6096,7.6567,17.7917,0.0,0.0
PRF,45.996,-77.427,-4,2007,5,24,0,21.11,53.88,3.46,0.0,0.35,74.34,0.0,5.4815,20.7249,15.2434,11.2778,89.5839,22.0164,69.043,4.8045,24.5008,8.582,1.2219,13.1787,13.3165,82.5044,2.372,9.4213,0.0,0.0
PRF,45.996,-77.427,-4,2007,5,24,1,16.08,76.79,1.63,0.0,0.35,74.34,0.0,5.4815,20.7249,15.2434,12.6786,88.2782,22.0164,69.043,3.6323,24.5008,6.6768,0.7835,16.4554,16.5192,80.5543,0.6255,2.3666,0.0,0.0
PRF,45.996,-77.427,-4,2007,5,24,2,14.0,83.7,2.201,0.0,0.35,74.34,0.0,5.4815,20.7249,15.2434,14.2718,86.8209,22.0164,69.043,3.0354,24.5008,5.6268,0.5788,19.3942,19.4241,78.5142,0.1381,0.5225,0.0,0.0
PRF,45.996,-77.427,-4,2007,5,24,3,13.53,84.6,2.828,0.0,0.35,74.34,0.0,5.4815,20.7249,15.2434,15.6416,85.5906,22.0164,69.043,2.6344,24.5008,4.8827,0.4503,21.0238,21.0377,77.3578,0.0,0.0,0.0,0.0
PRF,45.996,-77.427,-4,2007,5,24,4,12.34,88.9,3.384,0.0,0.35,74.34,0.0,5.4815,20.7249,15.2434,17.1348,84.2729,22.0164,69.043,2.2612,24.5008,4.1561,0.3386,22.8692,22.8757,76.0583,0.0,0.0,0.0,0.0
PRF,45.996,-77.427,-4,2007,5,24,5,11.25,97.5,1.154,0.0,0.35,74.34,0.0,5.4815,20.7249,15.2434,19.287,82.4152,22.0164,69.043,1.5881,24.5008,2.7321,0.1611,26.0833,26.0866,73.9038,0.0,0.0,0.0,0.0
PRF,45.996,-77.427,-4,2007,5,24,6,10.57,94.1,1.285,0.0,0.35,74.34,0.0096,5.4815,20.7249,15.2434,20.5458,81.3508,22.0303,69.389,1.4066,24.5637,2.3166,0.1203,26.4998,26.7918,73.6097,0.0,0.0,0.0,0.0
PRF,45.996,-77.427,-4,2007,5,24,7,14.39,83.9,0.531,0.0,0.35,74.34,0.0956,5.4815,20.7249,15.2434,20.5499,81.3473,22.0817,69.7924,1.3536,24.6588,2.1972,0.1096,24.9521,26.3106,74.7139,0.0,0.0,0.0,0.0
PRF,45.996,-77.427,-4,2007,5,24,8,18.39,69.31,4.818,0.0,0.35,74.34,0.2832,5.4815,20.7249,15.2434,20.0931,81.7317,22.207,70.2557,1.7577,24.8092,3.1395,0.2061,19.0296,23.0105,78.5879,0.4583,1.7341,0.0,0.0
PRF,45.996,-77.427,-4,2007,5,24,9,20.66,62.1,5.573,0.0,0.35,74.34,0.4503,5.4815,20.7249,15.2434,19.2452,82.4508,22.3808,70.7531,1.993,24.9952,3.6634,0.2708,13.9527,19.7955,81.7764,4.1852,13.4772,0.0,0.0
PRF,45.996,-77.427,-4,2007,5,24,10,23.46,52.24,7.476,0.0,0.35,74.34,0.6137,5.4815,20.7249,15.2434,17.7693,83.7202,22.6296,71.2925,2.5816,25.2344,4.878,0.4495,9.9101,16.4594,83.7953,11.8401,20.9054,0.0,0.0
PRF,45.996,-77.427,-4,2007,5,24,11,26.05,45.9,8.06,0.0,0.35,74.34,0.7295,5.4815,20.7249,15.2434,16.0115,85.262,22.9424,71.8708,3.276,25.5193,6.2136,0.6899,7.2923,13.9209,84.9687,17.5005,23.6963,0.0,0.0
PRF,45.996,-77.427,-4,2007,5,24,12,28.26,41.94,9.17,0.0,0.35,74.34,0.8005,5.4815,20.7249,15.2434,14.2414,86.8484,23.3067,72.4822,4.3293,25.8407,8.0772,1.0975,5.8381,12.1733,85.3511,24.3004,26.0411,0.0,0.0
PRF,45.996,-77.427,-4,2007,5,24,13,30.75,35.6,8.98,0.0,0.35,74.34,0.8295,5.4815,20.7249,15.2434,12.303,88.626,23.7463,73.1309,5.5298,26.2133,10.0456,1.6146,4.4125,10.3543,85.9688,27.5964,26.9496,0.0,0.0
PRF,45.996,-77.427,-4,2007,5,24,14,32.55,24.38,14.22,0.0,0.35,74.34,0.8146,5.4815,20.7249,15.2434,9.7114,91.0714,24.2927,73.8067,10.2223,26.6536,16.4717,3.8743,3.6136,7.8538,84.7777,51.0675,31.3457,0.0,0.0
PRF,45.996,-77.427,-4,2007,5,24,15,32.52,23.01,16.9,0.0,0.35,74.34,0.7588,5.4815,20.7249,15.2434,8.066,92.6662,24.8486,74.482,14.6647,27.097,21.627,6.2735,3.6136,7.2624,83.9659,60.9964,32.6148,0.0,0.0
PRF,45.996,-77.427,-4,2007,5,24,16,32.08,21.89,15.12,0.0,0.35,74.34,0.6671,5.4815,20.7249,15.2434,7.1021,93.6163,25.4049,75.1507,15.313,27.5372,22.4738,6.7149,3.6136,7.0936,84.5085,54.4466,31.8034,0.0,0.0
PRF,45.996,-77.427,-4,2007,5,24,17,32.22,22.98,12.57,0.0,0.35,74.34,0.5459,5.4815,20.7249,15.2434,6.6618,94.0542,25.9558,75.8215,14.3111,27.9723,21.576,6.2474,3.6136,7.0936,85.2618,44.7331,30.3998,0.0,0.0
PRF,45.996,-77.427,-4,2007,5,24,18,31.2,23.7,16.35,0.0,0.35,74.34,0.4032,5.4815,20.7249,15.2434,6.5451,94.1708,26.4842,76.477,17.5956,28.3898,25.1349,8.1858,4.1821,7.0936,83.9761,55.4773,31.9374,0.0,0.0
PRF,45.996,-77.427,-4,2007,5,24,19,29.91,26.19,13.75,0.0,0.35,74.34,0.2489,5.4815,20.7249,15.2434,6.5451,94.1708,26.9743,77.1131,15.4349,28.7802,23.0758,7.0365,5.1488,7.0936,84.4234,41.753,29.9073,0.0,0.0
PRF,45.996,-77.427,-4,2007,5,24,20,27.72,29.7,4.894,0.0,0.35,74.34,0.0936,5.4815,20.7249,15.2434,6.6005,94.1154,27.407,77.7164,9.8033,29.131,16.6864,3.9642,6.367,7.6238,86.0811,7.0894,17.2418,0.0,0.0
PRF,45.996,-77.427,-4,2007,5,24,21,21.32,50.4,2.044,0.0,0.35,74.34,0.0,5.4815,20.7249,15.2434,7.676,93.0492,27.407,77.7164,7.3199,29.131,13.3389,2.6671,9.8093,10.3912,84.7367,2.1843,8.8327,0.0,0.0
PRF,45.996,-77.427,-4,2007,5,24,22,17.75,64.13,2.35,0.0,0.35,74.34,0.0,5.4815,20.7249,15.2434,9.2079,91.5559,27.407,77.7164,6.0216,29.131,11.4155,2.0246,13.171,13.4372,82.6372,1.6658,6.8968,0.0,0.0
PRF,45.996,-77.427,-4,2007,5,24,23,15.81,75.49,1.508,0.0,0.35,74.34,0.0,5.4815,20.7249,15.2434,10.9374,89.9046,27.407,77.7164,4.5594,29.131,9.0538,1.3433,16.2557,16.3812,80.6985,0.6181,2.3386,0.0,0.0
PRF,45.996,-77.427,-4,2007,5,25,0,15.2,77.31,1.456,0.0,0.35,73.4,0.0,5.4667,20.7428,15.2761,12.4149,88.5223,27.407,77.7164,3.729,29.131,7.5914,0.9834,18.0363,18.0962,79.1789,0.3047,1.1528,0.0,0.0
PRF,45.996,-77.427,-4,2007,5,25,1,14.59,79.9,0.952,0.0,0.35,73.4,0.0,5.4667,20.7428,15.2761,13.7128,87.329,27.407,77.7164,3.0642,29.131,6.3376,0.7145,19.3261,19.3556,78.3366,0.0734,0.2777,0.0,0.0
PRF,45.996,-77.427,-4,2007,5,25,2,13.26,85.9,2.456,0.0,0.35,73.4,0.0,5.4667,20.7428,15.2761,15.28,85.9134,27.407,77.7164,2.7048,29.131,5.6218,0.5779,21.2676,21.2815,76.9237,0.0,0.0,0.0,0.0
PRF,45.996,-77.427,-4,2007,5,25,3,13.16,84.8,1.549,0.0,0.35,73.4,0.0,5.4667,20.7428,15.2761,16.3979,84.9202,27.407,77.7164,2.2512,29.131,4.6715,0.4164,21.951,21.9578,76.5012,0.0,0.0,0.0,0.0
PRF,45.996,-77.427,-4,2007,5,25,4,12.21,91.1,1.35,0.0,0.35,73.4,0.0,5.4667,20.7428,15.2761,17.8541,83.6467,27.407,77.7164,1.8777,29.131,3.8408,0.2944,23.7521,23.7555,75.2656,0.0,0.0,0.0,0.0
PRF,45.996,-77.427,-4,2007,5,25,5,11.66,97.8,0.586,0.0,0.35,73.4,0.0,5.4667,20.7428,15.2761,19.8608,81.928,27.407,77.7164,1.4539,29.131,2.8268,0.1711,26.5203,26.522,73.3721,0.0,0.0,0.0,0.0
PRF,45.996,-77.427,-4,2007,5,25,6,11.42,97.5,1.042,0.0,0.35,73.4,0.0046,5.4667,20.7428,15.2761,21.5111,80.5452,27.4133,78.0752,1.2689,29.1975,2.3546,0.1238,27.7489,27.9226,72.511,0.0,0.0,0.0,0.0
PRF,45.996,-77.427,-4,2007,5,25,7,16.19,79.84,5.371,0.0,0.35,73.4,0.1221,5.4667,20.7428,15.2761,21.4228,80.6185,27.4858,78.5056,1.591,29.3138,3.1811,0.2109,24.1025,25.9697,74.856,0.0,0.0,0.0,0.0
PRF,45.996,-77.427,-4,2007,5,25,8,19.62,70.26,4.61,0.0,0.35,73.4,0.2902,5.4667,20.7428,15.2761,20.812,81.1277,27.6153,78.9874,1.621,29.4714,3.268,0.2212,18.3719,22.7285,78.7179,0.7169,2.7126,0.0,0.0
PRF,45.996,-77.427,-4,2007,5,25,9,22.78,62.2,5.412,0.0,0.35,73.4,0.4679,5.4667,20.7428,15.2761,19.6787,82.0823,27.8065,79.5166,1.8892,29.6723,3.9207,0.3054,13.0324,19.2108,81.9524,4.3489,13.7513,0.0,0.0
PRF,45.996,-77.427,-4,2007,5,25,10,26.91,44.02,10.02,0.0,0.35,73.4,0.6377,5.4667,20.7428,15.2761,17.0133,84.3792,28.1409,80.1077,3.2048,29.9655,6.7273,0.794,8.2095,14.1745,83.6132,20.3587,24.7769,0.0,0.0
PRF,45.996,-77.427,-4,2007,5,25,11,28.78,39.25,13.06,0.0,0.35,73.4,0.7404,5.4667,20.7428,15.2761,14.4941,86.6198,28.529,80.7269,5.0987,30.2936,10.1737,1.6512,6.4277,11.6917,83.5861,33.3748,28.3075,0.0,0.0
PRF,45.996,-77.427,-4,2007,5,25,12,27.04,43.51,20.65,0.0,0.35,73.4,0.7983,5.4667,20.7428,15.2761,13.2845,87.7206,28.8681,81.32,8.7438,30.589,15.6907,3.5551,6.4277,11.6917,81.4709,53.1925,31.6369,0.0,0.0
PRF,45.996,-77.427,-4,2007,5,25,13,28.54,41.5,18.07,0.0,0.35,73.4,0.8269,5.4667,20.7428,15.2761,12.2479,88.6772,29.2388,81.9356,8.8071,30.9057,15.86,3.6233,6.4277,11.4734,82.219,46.6737,30.7031,0.0,0.0
PRF,45.996,-77.427,-4,2007,5,25,14,26.84,45.93,16.5,0.0,0.35,73.4,0.8041,5.4667,20.7428,15.2761,12.0552,88.8565,29.561,82.5257,8.3494,31.1905,15.3015,3.4006,6.4277,11.4734,82.6601,42.6096,30.0524,0.0,0.0
PRF,45.996,-77.427,-4,2007,5,25,15,25.58,49.68,21.04,0.0,0.35,73.4,0.7405,5.4667,20.7428,15.2761,12.0552,88.8565,29.8467,83.0969,10.4956,31.4515,18.2404,4.6409,7.2979,11.5109,81.123,49.3041,31.0947,0.0,0.0
PRF,45.996,-77.427,-4,2007,5,25,16,25.51,44.47,23.43,0.0,0.35,73.4,0.6567,5.4667,20.7428,15.2761,11.9085,88.9932,30.1612,83.6671,12.0736,31.7281,20.2911,5.604,7.5789,11.5109,80.3551,53.013,31.6128,0.0,0.0
PRF,45.996,-77.427,-4,2007,5,25,17,25.61,39.11,17.12,0.0,0.35,73.4,0.5412,5.4667,20.7428,15.2761,11.4483,89.4237,30.5074,84.2387,9.3454,32.0223,16.8864,4.0486,7.5789,11.5109,82.1228,39.0541,29.43,0.0,0.0
PRF,45.996,-77.427,-4,2007,5,25,18,25.37,34.92,14.85,0.0,0.35,73.4,0.4016,5.4667,20.7428,15.2761,10.8775,89.9612,30.8739,84.8068,9.0035,32.3266,16.5002,3.8862,7.5789,11.2538,82.714,33.7725,28.3922,0.0,0.0
PRF,45.996,-77.427,-4,2007,5,25,19,24.86,24.76,16.7,0.0,0.35,73.4,0.2501,5.4667,20.7428,15.2761,9.7413,91.0427,31.2892,85.3672,11.5357,32.6556,19.9122,5.4201,7.5789,9.8529,82.2341,38.0894,29.2514,0.0,0.0
PRF,45.996,-77.427,-4,2007,5,25,20,23.63,22.23,12.41,0.0,0.35,73.4,0.0957,5.4667,20.7428,15.2761,8.9415,91.8135,31.6971,85.9091,10.369,32.9766,18.5107,4.7633,7.5789,9.3945,83.3203,27.876,27.0216,0.0,0.0
PRF,45.996,-77.427,-4,2007,5,25,21,19.82,28.65,8.26,0.0,0.35,73.4,0.0,5.4667,20.7428,15.2761,8.9415,91.8135,31.6971,85.9091,8.4124,32.9766,15.8371,3.6141,8.7464,9.6602,83.7433,15.004,22.5969,0.0,0.0
PRF,45.996,-77.427,-4,2007,5,25,22,18.23,39.84,10.29,0.0,0.35,73.4,0.0,5.4667,20.7428,15.2761,9.2631,91.5026,31.6971,85.9091,8.9164,32.9766,16.5475,3.906,10.5835,10.9901,82.4705,16.2652,23.1735,0.0,0.0
PRF,45.996,-77.427,-4,2007,5,25,23,15.64,53.01,4.213,0.0,0.35,73.4,0.0,5.4667,20.7428,15.2761,10.0445,90.7526,31.6971,85.9091,5.8994,32.9766,12.0124,2.2157,12.6834,12.8828,82.3174,2.9673,11.0208,0.0,0.0
PRF,45.996,-77.427,-4,2007,5,26,0,14.61,56.93,6.842,0.0,0.35,72.46,0.0,5.4524,20.7604,15.308,10.9088,89.9317,31.6971,85.9091,5.9886,32.9766,12.1577,2.2634,14.2521,14.3444,80.6475,5.5456,15.4876,0.0,0.0
PRF,45.996,-77.427,-4,2007,5,26,1,12.24,68.41,4.17,0.0,0.35,72.46,0.0,5.4524,20.7604,15.308,12.0491,88.8621,31.6971,85.9091,4.4892,32.9766,9.5944,1.4885,16.3259,16.3713,79.7158,1.4273,5.793,0.0,0.0
PRF,45.996,-77.427,-4,2007,5,26,2,9.55,79.99,5.43,0.0,0.35,72.46,0.0,5.4524,20.7604,15.308,13.5951,87.4363,31.6971,85.9091,3.8991,32.9766,8.5025,1.2019,19.1911,19.2134,77.7887,0.4898,1.8532,0.0,0.0
PRF,45.996,-77.427,-4,2007,5,26,3,10.61,77.87,7.862,0.0,0.35,72.46,0.0,5.4524,20.7604,15.308,14.7873,86.3554,31.6971,85.9091,3.7797,32.9766,8.2746,1.1455,20.1963,20.2066,76.9544,0.0,0.0,0.0,0.0
PRF,45.996,-77.427,-4,2007,5,26,4,10.37,79.41,8.06,0.0,0.35,72.46,0.0,5.4524,20.7604,15.308,15.8326,85.4208,31.6971,85.9091,3.349,32.9766,7.4307,0.9469,20.9362,20.941,76.4716,0.0,0.0,0.0,0.0
PRF,45.996,-77.427,-4,2007,5,26,5,9.48,83.4,5.382,0.0,0.35,72.46,0.0,5.4524,20.7604,15.308,16.8766,84.4991,31.6971,85.9091,2.5783,32.9766,5.8212,0.6147,22.0408,22.0431,75.9388,0.0,0.0,0.0,0.0
PRF,45.996,-77.427,-4,2007,5,26,6,8.97,85.5,5.194,0.0,0.35,72.46,0.0204,5.4524,20.7604,15.308,17.8711,83.6319,31.726,86.2312,2.2746,33.0514,5.1517,0.4951,22.6666,23.0324,75.5364,0.0,0.0,0.0,0.0
PRF,45.996,-77.427,-4,2007,5,26,7,10.88,74.8,7.345,0.0,0.35,72.46,0.1134,5.4524,20.7604,15.308,18.0123,83.5097,31.7869,86.5819,2.4947,33.1488,5.6569,0.5843,21.6134,22.7785,76.0908,0.0,0.0,0.0,0.0
PRF,45.996,-77.427,-4,2007,5,26,8,12.43,62.97,8.02,0.0,0.35,72.46,0.2597,5.4524,20.7604,15.308,17.9326,83.5786,31.889,86.9558,2.6044,33.2729,5.9127,0.6319,18.6521,21.2249,77.9012,1.6459,6.811,0.0,0.0
PRF,45.996,-77.427,-4,2007,5,26,9,14.75,52.8,7.772,0.0,0.35,72.46,0.4299,5.4524,20.7604,15.308,17.3939,84.0467,32.0436,87.3646,2.7365,33.4318,6.2185,0.6909,14.7997,19.0141,80.2126,6.0939,16.161,0.0,0.0
PRF,45.996,-77.427,-4,2007,5,26,10,15.56,49.59,8.94,0.0,0.35,72.46,0.5562,5.4524,20.7604,15.308,16.7655,84.5966,32.2177,87.7855,3.1258,33.6037,7.0613,0.8652,12.2982,17.475,81.3934,10.9181,20.3263,0.0,0.0
PRF,45.996,-77.427,-4,2007,5,26,11,17.49,43.72,8.02,0.0,0.35,72.46,0.6828,5.4524,20.7604,15.308,15.886,85.3733,32.4363,88.2353,3.3203,33.8049,7.4865,0.9595,9.7924,15.877,82.8006,12.4544,21.2666,0.0,0.0
PRF,45.996,-77.427,-4,2007,5,26,12,18.07,39.59,9.1,0.0,0.35,72.46,0.7577,5.4524,20.7604,15.308,14.9371,86.2207,32.6786,88.6939,3.9473,34.0206,8.7533,1.2654,8.42,14.6694,83.2031,17.0929,23.528,0.0,0.0
PRF,45.996,-77.427,-4,2007,5,26,13,19.16,36.18,7.893,0.0,0.35,72.46,0.7968,5.4524,20.7604,15.308,13.9747,87.0905,32.9501,89.1688,4.2018,34.255,9.2725,1.4012,7.245,13.6476,83.9775,16.0347,23.0715,0.0,0.0
PRF,45.996,-77.427,-4,2007,5,26,14,20.26,36.62,8.38,0.0,0.35,72.46,0.7879,5.4524,20.7604,15.308,13.1977,87.8002,33.2351,89.6602,4.7658,34.4996,10.3503,1.7023,6.9579,13.1143,83.9853,17.9656,23.8837,0.0,0.0
PRF,45.996,-77.427,-4,2007,5,26,15,20.66,32.43,9.52,0.0,0.35,72.46,0.7417,5.4524,20.7604,15.308,12.3326,88.5986,33.545,90.1576,5.66,34.7585,11.9596,2.1985,6.8228,12.358,83.7682,21.4983,25.1659,0.0,0.0
PRF,45.996,-77.427,-4,2007,5,26,16,21.07,32.36,8.99,0.0,0.35,72.46,0.6544,5.4524,20.7604,15.308,11.6814,89.2053,33.8614,90.6611,6.0126,35.0218,12.6026,2.412,6.8228,12.0244,83.8958,19.997,24.6488,0.0,0.0
PRF,45.996,-77.427,-4,2007,5,26,17,21.72,31.75,10.7,0.0,0.35,72.46,0.5386,5.4524,20.7604,15.308,11.1167,89.7355,34.1905,91.1744,7.0718,35.2934,14.3693,3.0425,6.8228,11.7163,83.4785,24.7478,26.1714,0.0,0.0
PRF,45.996,-77.427,-4,2007,5,26,18,21.72,30.55,7.71,0.0,0.35,72.46,0.3998,5.4524,20.7604,15.308,10.6635,90.1637,34.5254,91.6877,6.4678,35.5678,13.4611,2.7105,6.8816,11.4771,84.1732,16.1267,23.1124,0.0,0.0
PRF,45.996,-77.427,-4,2007,5,26,19,21.28,32.36,6.329,0.0,0.35,72.46,0.2478,5.4524,20.7604,15.308,10.4772,90.3405,34.8449,92.1944,6.1877,35.8325,13.0533,2.5668,7.5703,11.4771,84.1804,10.9029,20.3163,0.0,0.0
PRF,45.996,-77.427,-4,2007,5,26,20,19.06,40.03,1.353,0.0,0.35,72.46,0.0933,5.4524,20.7604,15.308,10.4772,90.3405,35.0987,92.6678,4.8154,36.0561,10.7039,1.8066,9.0315,11.6477,84.3955,1.5609,6.4321,0.0,0.0
PRF,45.996,-77.427,-4,2007,5,26,21,13.52,66.04,2.004,0.0,0.35,72.46,0.0,5.4524,20.7604,15.308,11.5072,89.3685,35.0987,92.6678,4.3287,36.0561,9.796,1.5443,13.1634,14.5047,81.9055,1.3578,5.4367,0.0,0.0
PRF,45.996,-77.427,-4,2007,5,26,22,11.01,72.48,2.569,0.0,0.35,72.46,0.0,5.4524,20.7604,15.308,12.6552,88.2999,35.0987,92.6678,3.8201,36.0561,8.8071,1.2791,16.2366,16.9338,79.9274,0.9335,3.532,0.0,0.0
PRF,45.996,-77.427,-4,2007,5,26,23,9.68,81.9,3.243,0.0,0.35,72.46,0.0,5.4524,20.7604,15.308,14.1183,86.9601,35.0987,92.6678,3.2629,36.0561,7.6685,1.0012,19.3166,19.6728,77.8733,0.2085,0.7887,0.0,0.0
PRF,45.996,-77.427,-4,2007,5,27,0,8.56,87.4,2.82,0.0,0.35,71.52,0.0,5.4387,20.7776,15.3389,15.6725,85.5631,35.0987,92.6678,2.6232,36.0561,6.2745,0.7019,21.9604,22.1468,75.8299,0.0,0.0,0.0,0.0
PRF,45.996,-77.427,-4,2007,5,27,1,7.979,91.7,2.492,0.0,0.35,71.52,0.0,5.4387,20.7776,15.3389,17.3213,84.11,35.0987,92.6678,2.1151,36.0561,5.0837,0.4836,24.3136,24.4125,74.2724,0.0,0.0,0.0,0.0
PRF,45.996,-77.427,-4,2007,5,27,2,7.881,88.9,1.436,0.0,0.35,71.52,0.0,5.4387,20.7776,15.3389,18.3723,83.1988,35.0987,92.6678,1.7789,36.0561,4.2437,0.3513,24.9293,24.9839,73.9,0.0,0.0,0.0,0.0
PRF,45.996,-77.427,-4,2007,5,27,3,9.0,87.5,2.205,0.0,0.35,71.52,0.0,5.4387,20.7776,15.3389,19.1688,82.5159,35.0987,92.6678,1.6956,36.0561,4.0276,0.3203,24.9293,24.9839,73.8698,0.0,0.0,0.0,0.0
PRF,45.996,-77.427,-4,2007,5,27,4,9.07,87.0,2.554,0.0,0.35,71.52,0.0,5.4387,20.7776,15.3389,19.7964,81.9825,35.0987,92.6678,1.6161,36.0561,3.8183,0.2914,24.9293,24.9839,73.8557,0.0,0.0,0.0,0.0
PRF,45.996,-77.427,-4,2007,5,27,5,9.68,81.4,3.845,0.0,0.35,71.52,0.0,5.4387,20.7776,15.3389,19.9411,81.8601,35.0987,92.6678,1.6995,36.0561,4.0378,0.3217,24.8689,24.9094,73.8417,0.0,0.0,0.0,0.0
PRF,45.996,-77.427,-4,2007,5,27,6,12.35,63.4,8.6,0.0,0.35,71.52,0.0469,5.4387,20.7776,15.3389,19.5616,82.1816,35.199,93.0406,2.2455,36.1795,5.4102,0.54,22.0069,22.431,75.426,0.0,0.0,0.0,0.0
PRF,45.996,-77.427,-4,2007,5,27,7,12.03,72.23,3.76,0.0,0.35,71.52,0.128,5.4387,20.7776,15.3389,19.559,82.1838,35.2732,93.4085,1.76,36.2882,4.215,0.3471,20.7301,22.0632,76.5822,0.0,0.0,0.0,0.0
PRF,45.996,-77.427,-4,2007,5,27,8,12.5,76.04,6.738,0.0,0.35,71.52,0.2015,5.4387,20.7776,15.3389,19.559,82.1838,35.3397,93.7835,2.0449,36.3941,4.9446,0.4605,19.7039,22.0632,77.012,0.264,0.9991,0.0,0.0
PRF,45.996,-77.427,-4,2007,5,27,9,12.64,84.7,10.34,0.0,0.35,71.52,0.2033,5.4387,20.7776,15.3389,19.9366,81.8639,35.3826,94.1606,2.3586,36.4878,5.7104,0.5941,19.7039,22.4452,76.6825,4.6894,14.2896,0.0,0.0
PRF,45.996,-77.427,-4,2007,5,27,10,13.45,84.9,10.64,0.0,0.35,71.52,0.2602,5.4387,20.7776,15.3389,20.2178,81.6265,35.4277,94.5499,2.3277,36.5848,5.6475,0.5826,19.5281,22.517,76.7562,5.0493,14.818,0.0,0.0
PRF,45.996,-77.427,-4,2007,5,27,11,12.53,91.5,9.29,0.2,0.35,71.52,0.1777,5.4387,20.7776,15.3389,21.1797,80.8207,35.4513,94.9253,1.9822,36.6675,4.8145,0.4392,55.3905,25.9456,54.8284,0.0,0.0,0.2,0.0
PRF,45.996,-77.427,-4,2007,5,27,12,12.43,83.0,5.826,0.0,0.35,71.52,0.3381,5.4387,20.7776,15.3389,21.1797,80.8207,35.4983,95.2993,1.6647,36.7623,4.0054,0.3171,36.4431,25.54,66.1605,0.0,0.0,0.2,1.0
PRF,45.996,-77.427,-4,2007,5,27,13,11.41,92.5,10.51,0.3,0.35,71.52,0.1667,5.4387,20.7776,15.3389,22.0904,80.0662,35.5173,95.6579,1.9427,36.8391,4.7311,0.4258,85.6062,30.5191,40.2728,0.0,0.0,0.5,0.0
PRF,45.996,-77.427,-4,2007,5,27,14,11.95,96.0,7.577,0.0,0.35,71.52,0.0949,5.4387,20.7776,15.3389,23.3138,79.0653,35.5279,96.0247,1.5165,36.9127,3.6179,0.2649,70.4387,30.5191,47.0936,0.0,0.0,0.5,1.0
PRF,45.996,-77.427,-4,2007,5,27,15,12.26,94.6,11.05,0.1,0.35,71.52,0.1192,5.4387,20.7776,15.3389,26.141,76.8063,35.5426,96.3961,1.4971,36.9891,3.5704,0.2588,75.642,32.0671,44.6512,0.0,0.0,0.6,0.0
PRF,45.996,-77.427,-4,2007,5,27,16,12.33,96.2,11.33,0.2,0.35,71.52,0.076,5.4387,20.7776,15.3389,31.5322,72.6966,35.553,96.7685,1.2164,37.0632,2.7738,0.1655,107.007,35.1416,32.0077,0.0,0.0,0.8,0.0
PRF,45.996,-77.427,-4,2007,5,27,17,12.36,98.3,12.12,0.8,0.35,71.52,0.0289,5.4387,20.7776,15.3389,52.7098,58.6977,34.1775,97.1414,0.6908,36.3671,0.9299,0.0239,222.8757,48.009,3.6718,0.0,0.0,1.6,0.0
PRF,45.996,-77.427,-4,2007,5,27,18,12.7,99.2,10.63,2.0,0.35,71.52,0.0105,5.4387,20.7776,15.3389,101.8567,35.3807,25.599,93.231,0.0225,30.3586,0.0268,0.0,238.0148,80.9856,1.2154,0.0,0.0,3.6,0.0
PRF,45.996,-77.427,-4,2007,5,27,19,13.35,99.1,8.23,0.1,0.35,71.52,0.0077,5.4387,20.7776,15.3389,103.4037,34.7951,25.0891,93.4125,0.0175,30.0206,0.0206,0.0,239.2491,81.3046,1.0235,0.0,0.0,3.7,0.0
PRF,45.996,-77.427,-4,2007,5,27,20,13.69,99.7,5.227,0.0,0.35,71.52,0.001,5.4387,20.7776,15.3389,103.2217,34.8637,25.09,93.8054,0.0152,30.0718,0.018,0.0,236.8789,80.906,1.393,0.0,0.0,3.7,1.0
PRF,45.996,-77.427,-4,2007,5,27,21,13.59,99.9,6.515,0.0,0.35,71.52,0.0,5.4387,20.7776,15.3389,103.1568,34.8881,25.09,93.8054,0.0164,30.0718,0.0194,0.0,236.2484,80.7648,1.4921,0.0,0.0,3.7,2.0
PRF,45.996,-77.427,-4,2007,5,27,22,13.86,99.9,5.775,0.0,0.35,71.52,0.0,5.4387,20.7776,15.3389,103.0938,34.9119,25.09,93.8054,0.0159,30.0718,0.0187,0.0,235.638,80.6279,1.5883,0.0,0.0,3.7,3.0
PRF,45.996,-77.427,-4,2007,5,27,23,13.52,99.9,2.384,0.0,0.35,71.52,0.0,5.4387,20.7776,15.3389,103.0461,34.9299,25.09,93.8054,0.0134,30.0718,0.0159,0.0,235.1763,80.5246,1.6613,0.0,0.0,3.7,4.0
PRF,45.996,-77.427,-4,2007,5,28,0,13.25,98.7,7.109,0.0,0.35,70.58,0.0,5.4256,20.7945,15.3689,102.2038,35.2487,25.09,93.8054,0.0183,30.0718,0.0217,0.0,227.2499,78.7118,2.887,0.0,0.0,0.0,0.0
PRF,45.996,-77.427,-4,2007,5,28,1,12.36,92.5,9.13,0.0,0.35,70.58,0.0,5.4256,20.7945,15.3689,97.637,37.0154,25.09,93.8054,0.03,30.0718,0.0354,0.0001,189.6137,69.3565,9.7674,0.0,0.0,0.0,0.0
PRF,45.996,-77.427,-4,2007,5,28,2,11.21,90.5,9.25,0.0,0.35,70.58,0.0,5.4256,20.7945,15.3689,92.5899,39.0462,25.09,93.8054,0.0458,30.0718,0.0542,0.0002,154.4708,60.4578,17.7196,0.0,0.0,0.0,0.0
PRF,45.996,-77.427,-4,2007,5,28,3,10.3,89.2,9.22,0.0,0.35,70.58,0.0,5.4256,20.7945,15.3689,87.5533,41.1598,25.09,93.8054,0.0683,30.0718,0.0808,0.0003,125.2559,52.9707,25.8668,0.0,0.0,0.0,0.0
PRF,45.996,-77.427,-4,2007,5,28,4,9.38,92.5,5.675,0.0,0.35,70.58,0.0,5.4256,20.7945,15.3689,84.7147,42.3915,25.09,93.8054,0.0711,30.0718,0.0841,0.0003,110.9515,49.5647,30.517,0.0,0.0,0.0,0.0
PRF,45.996,-77.427,-4,2007,5,28,5,9.21,91.7,6.75,0.0,0.35,70.58,0.0,5.4256,20.7945,15.3689,81.619,43.7695,25.09,93.8054,0.0947,30.0718,0.112,0.0006,97.1838,46.2223,35.4975,0.0,0.0,0.0,0.0
PRF,45.996,-77.427,-4,2007,5,28,6,9.27,91.0,6.444,0.0,0.35,70.58,0.0145,5.4256,20.7945,15.3689,78.5067,45.193,25.1085,94.1319,0.1169,30.127,0.1384,0.0008,83.638,43.2242,40.966,0.0,0.0,0.0,0.0
PRF,45.996,-77.427,-4,2007,5,28,7,9.96,89.0,4.559,0.0,0.35,70.58,0.0574,5.4256,20.7945,15.3689,75.237,46.7314,25.1328,94.4688,0.1336,30.1876,0.1584,0.001,68.767,40.2957,47.7404,0.0,0.0,0.0,0.0
PRF,45.996,-77.427,-4,2007,5,28,8,11.35,86.9,7.461,0.0,0.35,70.58,0.1215,5.4256,20.7945,15.3689,70.9445,48.821,25.1658,94.8266,0.2056,30.257,0.2441,0.0022,52.0225,36.7791,56.5192,0.0,0.0,0.0,0.0
PRF,45.996,-77.427,-4,2007,5,28,9,12.19,83.5,8.45,0.0,0.35,70.58,0.2111,5.4256,20.7945,15.3689,65.8922,51.3883,25.2105,95.1969,0.295,30.3364,0.351,0.0043,37.5231,33.0617,65.2014,0.0,0.0,0.0,0.0
PRF,45.996,-77.427,-4,2007,5,28,10,12.91,80.6,9.58,0.0,0.35,70.58,0.3057,5.4256,20.7945,15.3689,60.4551,54.2907,25.2661,95.5781,0.4226,30.425,0.5038,0.0081,27.3694,29.6679,71.6569,0.0,0.0,0.0,0.0
PRF,45.996,-77.427,-4,2007,5,28,11,12.87,77.23,10.19,0.0,0.35,70.58,0.3926,5.4256,20.7945,15.3689,55.0176,57.3492,25.3311,95.9586,0.5675,30.5204,0.6779,0.0137,21.3127,26.8628,75.3769,2.7754,10.5433,0.0,0.0
PRF,45.996,-77.427,-4,2007,5,28,12,13.39,69.15,9.85,0.0,0.35,70.58,0.5256,5.4256,20.7945,15.3689,49.1547,60.8368,25.4229,96.347,0.7068,30.636,0.8464,0.0202,16.8635,23.9333,77.9687,7.0887,17.2411,0.0,0.0
PRF,45.996,-77.427,-4,2007,5,28,13,15.12,63.1,14.5,0.0,0.35,70.58,0.6292,5.4256,20.7945,15.3689,42.6668,64.9471,25.5467,96.7613,1.0921,30.7783,1.9776,0.0909,14.2339,21.1048,78.5586,14.9756,22.5834,0.0,0.0
PRF,45.996,-77.427,-4,2007,5,28,14,15.28,59.88,14.48,0.0,0.35,70.58,0.6433,5.4256,20.7945,15.3689,37.1502,68.6696,25.6828,97.178,1.2434,30.9298,2.4172,0.1297,13.0777,19.4018,79.0679,16.726,23.373,0.0,0.0
PRF,45.996,-77.427,-4,2007,5,28,15,15.38,61.49,15.06,0.0,0.35,70.58,0.5911,5.4256,20.7945,15.3689,32.8711,71.7141,25.8143,97.5962,1.4146,31.0781,2.8858,0.1775,13.0777,18.7755,78.9525,17.4246,23.6653,0.0,0.0
PRF,45.996,-77.427,-4,2007,5,28,16,15.79,57.29,13.42,0.0,0.35,70.58,0.5492,5.4256,20.7945,15.3689,29.2019,74.4421,25.964,98.0205,1.4616,31.2404,3.0207,0.1925,12.8287,18.0153,79.3831,15.7836,22.9588,0.0,0.0
PRF,45.996,-77.427,-4,2007,5,28,17,15.76,59.99,8.37,0.0,0.35,70.58,0.439,5.4256,20.7945,15.3689,26.7643,76.3182,26.104,98.4444,1.2645,31.3955,2.5096,0.1386,12.8287,17.9496,80.3004,8.6777,18.6858,0.0,0.0
PRF,45.996,-77.427,-4,2007,5,28,18,16.07,60.57,8.59,0.0,0.35,70.58,0.3272,5.4256,20.7945,15.3689,24.7818,77.8831,26.2447,98.873,1.437,31.5517,2.9821,0.1881,12.8287,17.9266,80.2633,8.9843,18.9338,0.0,0.0
PRF,45.996,-77.427,-4,2007,5,28,19,15.38,57.16,8.95,0.0,0.35,70.58,0.2083,5.4256,20.7945,15.3689,23.04,79.288,26.3909,99.2912,1.6602,31.7107,3.5629,0.2578,13.0858,17.7055,80.0752,9.1397,19.0563,0.0,0.0
PRF,45.996,-77.427,-4,2007,5,28,20,14.68,63.11,6.014,0.0,0.35,70.58,0.0767,5.4256,20.7945,15.3689,22.0667,80.0857,26.5112,99.6989,1.552,31.8494,3.3028,0.2254,14.4564,17.7055,79.803,3.9531,13.0696,0.0,0.0
PRF,45.996,-77.427,-4,2007,5,28,21,13.39,71.5,4.121,0.0,0.35,70.58,0.0,5.4256,20.7945,15.3689,21.6901,80.3968,26.5112,99.6989,1.4583,31.8494,3.0614,0.1971,16.6982,18.2287,78.7324,1.181,4.4401,0.0,0.0
PRF,45.996,-77.427,-4,2007,5,28,22,8.73,92.7,3.145,0.0,0.35,70.58,0.0,5.4256,20.7945,15.3689,22.424,79.7918,26.5112,99.6989,1.3029,31.8494,2.6484,0.1525,21.8624,22.6464,75.5524,0.0,0.0,0.0,0.0
PRF,45.996,-77.427,-4,2007,5,28,23,7.364,96.2,2.346,0.0,0.35,70.58,0.0,5.4256,20.7945,15.3689,23.4568,78.9492,26.5112,99.6989,1.1525,31.8494,2.2283,0.1123,25.4625,25.8841,73.2125,0.0,0.0,0.0,0.0
PRF,45.996,-77.427,-4,2007,5,29,0,6.244,99.1,1.362,0.0,0.35,69.64,0.0,5.4132,20.8111,15.3979,24.707,77.9428,26.5112,99.6989,1.0033,31.8494,1.781,0.0755,28.2446,28.4833,71.0988,0.0,0.0,0.0,0.0
PRF,45.996,-77.427,-4,2007,5,29,1,5.81,99.0,1.86,0.0,0.35,69.64,0.0,5.4132,20.8111,15.3979,25.7688,77.0995,26.5112,99.6989,0.9626,31.8494,1.6497,0.066,29.8526,29.9869,70.0204,0.0,0.0,0.0,0.0
PRF,45.996,-77.427,-4,2007,5,29,2,4.683,99.4,2.96,0.0,0.35,69.64,0.0,5.4132,20.8111,15.3979,26.7682,76.315,26.5112,99.6989,0.9626,31.8494,1.6496,0.066,31.0204,31.0957,69.2255,0.0,0.0,0.0,0.0
PRF,45.996,-77.427,-4,2007,5,29,3,4.069,99.5,2.75,0.0,0.35,69.64,0.0,5.4132,20.8111,15.3979,27.6206,75.6532,26.5112,99.6989,0.9131,31.8494,1.4807,0.0545,31.763,31.806,68.7441,0.0,0.0,0.0,0.0
PRF,45.996,-77.427,-4,2007,5,29,4,3.763,99.7,2.596,0.0,0.35,69.64,0.0,5.4132,20.8111,15.3979,28.3726,75.0746,26.5112,99.6989,0.8761,31.8494,1.3426,0.0458,32.2782,32.3029,68.4105,0.0,0.0,0.0,0.0
PRF,45.996,-77.427,-4,2007,5,29,5,3.352,99.3,2.296,0.0,0.35,69.64,0.0,5.4132,20.8111,15.3979,28.9409,74.6406,26.5112,99.6989,0.843,31.8494,1.2015,0.0376,32.4945,32.5089,68.2751,0.0,0.0,0.0,0.0
PRF,45.996,-77.427,-4,2007,5,29,6,3.491,99.5,1.676,0.0,0.35,69.64,0.0006,5.4132,20.8111,15.3979,29.4425,74.2598,26.5115,99.9387,0.8014,31.8803,0.9859,0.0265,32.6394,32.6708,68.1919,0.0,0.0,0.0,0.0
PRF,45.996,-77.427,-4,2007,5,29,7,6.117,99.8,2.446,0.0,0.35,69.64,0.0009,5.4132,20.8111,15.3979,29.9047,73.9109,26.5118,100.218,0.8193,31.9159,1.0758,0.031,32.6394,32.6708,68.1776,0.0,0.0,0.0,0.0
PRF,45.996,-77.427,-4,2007,5,29,8,9.75,90.3,2.148,0.0,0.35,69.64,0.0863,5.4132,20.8111,15.3979,29.7361,74.0379,26.5328,100.5517,0.8119,31.9734,1.016,0.028,30.703,32.1091,69.4529,0.0,0.0,0.0,0.0
PRF,45.996,-77.427,-4,2007,5,29,9,13.86,73.72,4.831,0.0,0.35,69.64,0.3149,5.4132,20.8111,15.3979,28.4298,75.0307,26.6137,100.9471,0.9781,32.0821,1.7161,0.0707,23.0013,28.0862,74.3796,0.0,0.0,0.0,0.0
PRF,45.996,-77.427,-4,2007,5,29,10,16.88,64.79,4.073,0.0,0.35,69.64,0.5042,5.4132,20.8111,15.3979,26.5961,76.4495,26.7456,101.3878,1.0274,32.2336,1.8821,0.0833,15.9617,23.7819,78.7716,1.3747,5.5249,0.0,0.0
PRF,45.996,-77.427,-4,2007,5,29,11,19.61,53.98,6.727,0.0,0.35,69.64,0.6746,5.4132,20.8111,15.3979,23.9448,78.5546,26.946,101.8695,1.3861,32.4399,2.9179,0.181,10.9434,19.2861,81.0207,7.5443,17.686,0.0,0.0
PRF,45.996,-77.427,-4,2007,5,29,12,19.13,49.14,7.109,0.0,0.35,69.64,0.7443,5.4132,20.8111,15.3979,21.6093,80.4638,27.162,102.3439,1.7075,32.6565,3.764,0.2841,9.0628,16.899,81.783,10.1053,19.7737,0.0,0.0
PRF,45.996,-77.427,-4,2007,5,29,13,20.97,37.68,7.054,0.0,0.35,69.64,0.8093,5.4132,20.8111,15.3979,18.871,82.7705,27.4521,102.846,2.2352,32.9298,5.0488,0.4778,6.9497,14.2875,82.6468,12.5418,21.3166,0.0,0.0
PRF,45.996,-77.427,-4,2007,5,29,14,22.23,38.53,9.96,0.0,0.35,69.64,0.7995,5.4132,20.8111,15.3979,16.6452,84.7023,27.7554,103.3669,3.3383,33.2145,7.4422,0.9495,6.8614,13.1562,81.9511,20.2711,24.7461,0.0,0.0
PRF,45.996,-77.427,-4,2007,5,29,15,23.22,34.31,5.258,0.0,0.35,69.64,0.7536,5.4132,20.8111,15.3979,14.8336,86.3138,28.0941,103.9027,3.2955,33.5257,7.3983,0.9396,5.8926,12.153,83.4894,7.7377,17.8669,0.0,0.0
PRF,45.996,-77.427,-4,2007,5,29,16,24.11,30.96,8.88,0.0,0.35,69.64,0.6682,5.4132,20.8111,15.3979,13.0898,87.8994,28.4636,104.4519,4.9573,33.8598,10.5808,1.77,5.8926,11.1972,82.5615,19.4936,24.4667,0.0,0.0
PRF,45.996,-77.427,-4,2007,5,29,17,24.59,28.68,8.13,0.0,0.35,69.64,0.5505,5.4132,20.8111,15.3979,11.6909,89.1965,28.8529,105.0082,5.7503,34.2078,12.0067,2.2138,5.8926,10.53,82.759,17.3242,23.624,0.0,0.0
PRF,45.996,-77.427,-4,2007,5,29,18,24.96,28.68,6.811,0.0,0.35,69.64,0.4103,5.4132,20.8111,15.3979,10.7212,90.109,29.2481,105.5701,6.1331,34.5595,12.7105,2.4487,5.8926,10.2735,83.0997,13.2875,21.7292,0.0,0.0
PRF,45.996,-77.427,-4,2007,5,29,19,22.81,37.24,7.122,0.0,0.35,69.64,0.2544,5.4132,20.8111,15.3979,10.7157,90.1143,29.5659,106.0998,6.2347,34.852,12.9356,2.526,7.3673,10.3763,82.4697,12.1705,21.102,0.0,0.0
PRF,45.996,-77.427,-4,2007,5,29,20,21.04,43.85,5.993,0.0,0.35,69.64,0.1007,5.4132,20.8111,15.3979,10.7157,90.1143,29.8282,106.6029,5.8899,35.102,12.4132,2.3482,9.4076,11.234,81.8665,7.2185,17.3708,0.0,0.0
PRF,45.996,-77.427,-4,2007,5,29,21,15.8,72.65,2.997,0.0,0.35,69.64,0.0,5.4132,20.8111,15.3979,12.075,88.838,29.8282,106.6029,4.2169,35.102,9.4342,1.4448,14.2873,15.1126,79.8677,1.4622,5.9657,0.0,0.0
PRF,45.996,-77.427,-4,2007,5,29,22,12.98,81.9,1.924,0.0,0.35,69.64,0.0,5.4132,20.8111,15.3979,13.6226,87.4112,29.8282,106.6029,3.256,35.102,7.5284,0.969,18.0488,18.4521,77.7285,0.3341,1.2643,0.0,0.0
PRF,45.996,-77.427,-4,2007,5,29,23,12.95,83.6,2.663,0.0,0.35,69.64,0.0,5.4132,20.8111,15.3979,15.0326,86.135,29.8282,106.6029,2.8196,35.102,6.5995,0.7675,20.2445,20.436,76.2834,0.0,0.0,0.0,0.0
PRF,45.996,-77.427,-4,2007,5,30,0,11.8,86.7,1.244,0.0,0.35,68.7,0.0,5.4013,20.8273,15.426,16.3165,84.9921,29.8282,106.6029,2.2388,35.102,5.2839,0.5178,21.9391,22.0368,74.9351,0.0,0.0,0.0,0.0
PRF,45.996,-77.427,-4,2007,5,30,1,11.15,87.4,2.549,0.0,0.35,68.7,0.0,5.4013,20.8273,15.426,17.4897,83.9633,29.8282,106.6029,2.08,35.102,4.9052,0.454,23.0636,23.1119,74.133,0.0,0.0,0.0,0.0
PRF,45.996,-77.427,-4,2007,5,30,2,10.09,92.8,1.69,0.0,0.35,68.7,0.0,5.4013,20.8273,15.426,18.9316,82.7187,29.8282,106.6029,1.6947,35.102,3.9442,0.3086,24.9529,24.9778,72.9498,0.0,0.0,0.0,0.0
PRF,45.996,-77.427,-4,2007,5,30,3,9.34,96.4,1.462,0.0,0.35,68.7,0.0,5.4013,20.8273,15.426,20.5637,81.3357,29.8282,106.6029,1.4167,35.102,3.205,0.2137,26.9768,26.99,71.6309,0.0,0.0,0.0,0.0
PRF,45.996,-77.427,-4,2007,5,30,4,9.51,93.8,2.004,0.0,0.35,68.7,0.0,5.4013,20.8273,15.426,21.5914,80.4786,29.8282,106.6029,1.3223,35.102,2.9428,0.1838,27.3099,27.3167,71.3929,0.0,0.0,0.0,0.0
PRF,45.996,-77.427,-4,2007,5,30,5,9.72,95.2,1.618,0.0,0.35,68.7,0.0,5.4013,20.8273,15.426,22.6027,79.6453,29.8282,106.6029,1.1886,35.102,2.5587,0.1435,27.8366,27.8402,71.0604,0.0,0.0,0.0,0.0
PRF,45.996,-77.427,-4,2007,5,30,6,11.22,92.8,0.875,0.0,0.35,68.7,0.014,5.4013,20.8273,15.426,23.0928,79.2451,29.8461,106.9587,1.1007,35.1625,2.2999,0.1188,27.8366,27.8402,71.0843,0.0,0.0,0.0,0.0
PRF,45.996,-77.427,-4,2007,5,30,7,13.87,82.8,2.136,0.0,0.35,68.7,0.1022,5.4013,20.8273,15.426,23.0162,79.3075,29.8991,107.3542,1.18,35.2527,2.5435,0.142,25.4878,26.894,72.5805,0.0,0.0,0.0,0.0
PRF,45.996,-77.427,-4,2007,5,30,8,16.29,75.22,3.101,0.0,0.35,68.7,0.2422,5.4013,20.8273,15.426,22.5817,79.6625,29.9887,107.7861,1.2831,35.3732,2.851,0.1737,20.9702,24.7779,75.4299,0.0,0.0,0.0,0.0
PRF,45.996,-77.427,-4,2007,5,30,9,17.36,76.12,3.736,0.0,0.35,68.7,0.3405,5.4013,20.8273,15.426,22.1861,79.9874,30.0807,108.234,1.3696,35.4975,3.1042,0.202,17.6438,23.3451,77.411,0.7093,2.6838,0.0,0.0
PRF,45.996,-77.427,-4,2007,5,30,10,20.46,66.56,4.655,0.0,0.35,68.7,0.5409,5.4013,20.8273,15.426,21.2085,80.7967,30.2326,108.7284,1.5651,35.6697,3.6511,0.2692,13.0912,20.6508,79.8339,2.5624,9.9729,0.0,0.0
PRF,45.996,-77.427,-4,2007,5,30,11,24.72,51.19,10.73,0.0,0.35,68.7,0.7233,5.4013,20.8273,15.426,18.8725,82.7692,30.5005,109.2867,2.6897,35.9312,6.4099,0.7289,8.9888,16.1318,80.4476,16.8965,23.4454,0.0,0.0
PRF,45.996,-77.427,-4,2007,5,30,12,24.96,52.04,8.8,0.0,0.35,68.7,0.7844,5.4013,20.8273,15.426,17.2969,84.1313,30.7662,109.8486,2.9148,36.1914,6.9392,0.8388,7.6871,14.7643,81.3841,15.2349,22.706,0.0,0.0
PRF,45.996,-77.427,-4,2007,5,30,13,22.78,72.53,7.403,0.0,0.35,68.7,0.6816,5.4013,20.8273,15.426,17.2969,84.1313,30.9051,110.3778,2.7167,36.3593,6.5199,0.7512,8.3186,15.8887,81.4805,11.1845,20.4985,0.0,0.0
PRF,45.996,-77.427,-4,2007,5,30,14,20.22,93.0,3.265,2.2,0.35,68.7,0.2519,5.4013,20.8273,15.426,61.4726,53.736,26.911,110.8686,0.2913,33.4959,0.3707,0.0047,140.8351,49.0116,21.1199,0.0,0.0,2.2,0.0
PRF,45.996,-77.427,-4,2007,5,30,15,20.73,88.6,3.818,0.1,0.35,68.7,0.3523,5.4013,20.8273,15.426,60.3884,54.3272,26.4347,111.367,0.3172,33.18,0.401,0.0054,81.8037,43.8155,41.4419,0.0,0.0,2.3,0.0
PRF,45.996,-77.427,-4,2007,5,30,16,21.35,84.5,2.855,0.0,0.35,68.7,0.3926,5.4013,20.8273,15.426,56.2695,56.6306,26.5082,111.8748,0.3704,33.2941,0.4693,0.0071,41.1332,37.2161,62.5224,0.0,0.0,2.3,1.0
PRF,45.996,-77.427,-4,2007,5,30,17,24.01,65.37,6.087,0.0,0.35,68.7,0.4995,5.4013,20.8273,15.426,47.4772,61.8734,26.6928,112.4224,0.6196,33.5003,0.7883,0.0179,18.4088,25.6475,76.7189,1.0701,3.7355,2.3,2.0
PRF,45.996,-77.427,-4,2007,5,30,18,24.89,61.24,5.317,0.0,0.35,68.7,0.3868,5.4013,20.8273,15.426,39.9699,66.7396,26.9069,112.9833,0.7352,33.7312,0.9398,0.0244,13.128,19.7824,79.7113,3.4032,11.9998,2.3,3.0
PRF,45.996,-77.427,-4,2007,5,30,19,25.4,61.93,2.505,0.0,0.35,68.7,0.2448,5.4013,20.8273,15.426,34.8047,70.3206,27.1216,113.5518,0.7168,33.9631,0.9206,0.0235,12.6309,17.5357,80.4039,1.5373,6.3233,2.3,4.0
PRF,45.996,-77.427,-4,2007,5,30,20,21.79,82.1,2.74,0.0,0.35,68.7,0.0692,5.4013,20.8273,15.426,33.1216,71.5319,27.2082,114.0661,0.7555,34.0885,0.9727,0.0259,15.7154,18.6867,78.6506,0.9693,3.6675,0.0,0.0
PRF,45.996,-77.427,-4,2007,5,30,21,20.16,86.6,2.796,0.0,0.35,68.7,0.0,5.4013,20.8273,15.426,32.1584,72.2352,27.2082,114.0661,0.7773,34.0885,1.0155,0.0279,19.2819,20.3913,76.5061,0.1644,0.6219,0.0,0.0
PRF,45.996,-77.427,-4,2007,5,30,22,18.32,98.7,5.167,10.8,0.35,68.7,0.0,5.4013,20.8273,15.426,166.1416,15.9198,12.9334,94.4135,0.0,19.2682,0.0,0.0,240.7164,198.1555,0.6347,0.0,0.0,10.8,0.0
PRF,45.996,-77.427,-4,2007,5,30,23,17.23,98.3,3.356,0.0,0.35,68.7,0.0,5.4013,20.8273,15.426,164.2336,16.3818,12.9334,94.4135,0.0,19.2682,0.0,0.0,231.0065,190.4368,2.1577,0.0,0.0,10.8,1.0
PRF,45.996,-77.427,-4,2007,5,31,0,17.04,99.6,2.819,0.0,0.35,66.86,0.0,5.3901,20.8431,15.453,163.8061,16.4861,12.9334,94.4135,0.0,19.2682,0.0,0.0,228.8668,188.7392,2.3763,0.0,0.0,10.8,2.0
PRF,45.996,-77.427,-4,2007,5,31,1,16.63,99.9,1.043,0.1,0.35,66.86,0.0,5.3901,20.8431,15.453,165.1634,16.156,12.5573,94.2067,0.0,18.8373,0.0,0.0,249.5456,190.125,0.0,0.0,0.0,10.9,0.0
PRF,45.996,-77.427,-4,2007,5,31,2,16.35,99.9,2.614,0.5,0.35,66.86,0.0,5.3901,20.8431,15.453,171.9271,14.5529,10.9862,93.1741,0.0,16.97,0.0,0.0,249.4353,198.2666,0.0,0.0,0.0,11.4,0.0
PRF,45.996,-77.427,-4,2007,5,31,3,16.29,99.9,0.698,0.0,0.35,66.86,0.0,5.3901,20.8431,15.453,171.8478,14.5713,10.9862,93.1741,0.0,16.97,0.0,0.0,249.0237,197.9532,0.0,0.0,0.0,11.4,1.0
PRF,45.996,-77.427,-4,2007,5,31,4,16.01,99.9,2.185,0.0,0.35,66.86,0.0,5.3901,20.8431,15.453,171.7459,14.5949,10.9862,93.1741,0.0,16.97,0.0,0.0,248.495,197.5509,0.0,0.0,0.0,11.4,2.0
PRF,45.996,-77.427,-4,2007,5,31,5,16.93,99.9,3.611,0.0,0.35,66.86,0.0,5.3901,20.8431,15.453,171.6244,14.6231,10.9862,93.1741,0.0,16.97,0.0,0.0,247.8664,197.0722,0.0,0.0,0.0,11.4,3.0
PRF,45.996,-77.427,-4,2007,5,31,6,17.1,99.9,3.514,0.0,0.35,66.86,0.0003,5.3901,20.8431,15.453,171.5033,14.6513,10.9866,93.6181,0.0,16.9888,0.0,0.0,247.0394,196.5957,0.0,0.0,0.0,11.4,4.0
PRF,45.996,-77.427,-4,2007,5,31,7,17.27,99.9,4.411,0.0,0.35,66.86,0.001,5.3901,20.8431,15.453,171.3728,14.6817,10.9869,94.0647,0.0,17.0076,0.0,0.0,245.7252,196.0835,0.0,0.0,0.0,0.0,0.0
PRF,45.996,-77.427,-4,2007,5,31,8,17.47,99.9,7.969,0.0,0.35,66.86,0.0017,5.3901,20.8431,15.453,171.2136,14.7188,10.9873,94.5142,0.0,17.0263,0.0,0.0,243.7422,195.4601,0.0572,0.0,0.0,0.0,0.0
PRF,45.996,-77.427,-4,2007,5,31,9,17.77,99.9,7.337,0.0,0.35,66.86,0.0024,5.3901,20.8431,15.453,171.0572,14.7552,10.9877,94.9683,0.0,17.0452,0.0,0.0,241.3216,194.8493,0.4227,0.0,0.0,0.0,0.0
PRF,45.996,-77.427,-4,2007,5,31,10,18.65,96.3,5.76,0.0,0.35,66.86,0.1049,5.3901,20.8431,15.453,165.9365,15.9692,11.003,95.4355,0.0,17.0824,0.0,0.0,174.7134,175.7988,12.5964,0.0,0.0,0.0,0.0
PRF,45.996,-77.427,-4,2007,5,31,11,18.93,92.2,7.102,0.0,0.35,66.86,0.2352,5.3901,20.8431,15.453,155.6633,18.5285,11.0358,95.907,0.0001,17.1408,0.0001,0.0,99.2897,142.3145,34.1368,0.0,0.0,0.0,0.0
PRF,45.996,-77.427,-4,2007,5,31,12,19.4,91.1,7.789,0.0,0.35,66.86,0.2908,5.3901,20.8431,15.453,144.5666,21.4954,11.0741,96.3855,0.0003,17.2061,0.0003,0.0,55.6316,112.4818,53.6817,0.0,0.0,0.0,0.0
PRF,45.996,-77.427,-4,2007,5,31,13,21.01,83.1,6.659,0.0,0.35,66.86,0.5069,5.3901,20.8431,15.453,127.8704,26.4102,11.153,96.8881,0.0017,17.3212,0.0014,0.0,26.9591,77.6297,70.7739,0.0,0.0,0.0,0.0
PRF,45.996,-77.427,-4,2007,5,31,14,23.05,74.68,8.42,0.0,0.35,66.86,0.6526,5.3901,20.8431,15.453,106.6347,33.5953,11.2825,97.4214,0.0133,17.4987,0.0111,0.0,14.6601,47.4381,77.5245,5.5154,15.4486,0.0,0.0
PRF,45.996,-77.427,-4,2007,5,31,15,23.7,72.84,7.112,0.0,0.35,66.86,0.6356,5.3901,20.8431,15.453,89.0652,40.5159,11.4254,97.9644,0.0546,17.6923,0.0458,0.0001,11.517,32.244,79.1828,6.8301,16.9757,0.0,0.0
PRF,45.996,-77.427,-4,2007,5,31,16,23.19,76.25,11.71,0.0,0.35,66.86,0.5249,5.3901,20.8431,15.453,74.6763,46.9998,11.5477,98.4997,0.199,17.8606,0.1681,0.0012,11.517,25.3633,78.2279,13.0379,21.5937,0.0,0.0
PRF,45.996,-77.427,-4,2007,5,31,17,23.67,73.38,12.0,0.0,0.35,66.86,0.4578,5.3901,20.8431,15.453,62.1189,53.3865,11.6876,99.0423,0.4369,18.0501,0.3715,0.0047,11.517,21.4735,78.1641,13.4002,21.7895,0.0,0.0
PRF,45.996,-77.427,-4,2007,5,31,18,23.32,75.98,12.14,0.0,0.35,66.86,0.3254,5.3901,20.8431,15.453,53.0345,58.506,11.8119,99.5796,0.6823,18.2206,0.5835,0.0105,12.4793,20.2875,77.7698,12.3591,21.2118,0.0,0.0
PRF,45.996,-77.427,-4,2007,5,31,19,22.37,81.2,7.361,0.0,0.35,66.86,0.1779,5.3901,20.8431,15.453,47.9302,61.5917,11.9053,100.1026,0.6507,18.3536,0.559,0.0097,14.4494,20.2875,77.7973,4.7366,14.3613,0.0,0.0
PRF,45.996,-77.427,-4,2007,5,31,20,17.77,98.8,11.27,12.9,0.35,66.86,0.0058,5.3901,20.8431,15.453,183.476,11.9672,5.4233,77.382,0.0,9.2295,0.0,0.0,235.3893,230.9777,1.3376,0.0,0.0,12.9,0.0
PRF,45.996,-77.427,-4,2007,5,31,21,17.2,99.5,6.408,2.9,0.35,66.86,0.0,5.3901,20.8431,15.453,210.861,6.5024,2.812,71.6735,0.0,5.1216,0.0,0.0,246.2285,246.2285,0.0,0.0,0.0,15.8,0.0
PRF,45.996,-77.427,-4,2007,5,31,22,16.22,99.7,3.072,0.0,0.35,66.86,0.0,5.3901,20.8431,15.453,210.4287,6.5822,2.812,71.6735,0.0,5.1216,0.0,0.0,244.5056,244.5056,0.0,0.0,0.0,15.8,1.0
PRF,45.996,-77.427,-4,2007,5,31,23,15.67,99.9,1.303,0.1,0.35,66.86,0.0,5.3901,20.8431,15.453,212.4077,6.2186,2.5391,71.4781,0.0,4.664,0.0,0.0,249.5391,245.7671,0.0,0.0,0.0,15.9,0.0
PRF,45.996,-77.427,-4,2007,6,1,0,15.33,99.9,2.812,0.0,0.35,65.02,0.0,5.3795,20.8585,15.479,212.2701,6.2438,2.5391,71.4781,0.0,4.664,0.0,0.0,248.9858,245.2235,0.0,0.0,0.0,15.9,1.0
PRF,45.996,-77.427,-4,2007,6,1,1,15.33,99.8,1.542,0.0,0.35,65.02,0.0,5.3795,20.8585,15.479,212.0356,6.2867,2.5391,71.4781,0.0,4.664,0.0,0.0,248.0453,244.2996,0.0,0.0,0.0,15.9,2.0
PRF,45.996,-77.427,-4,2007,6,1,2,15.43,99.9,1.429,0.0,0.35,65.02,0.0,5.3795,20.8585,15.479,211.92,6.3078,2.5391,71.4781,0.0,4.664,0.0,0.0,247.5828,243.8452,0.0,0.0,0.0,15.9,3.0
PRF,45.996,-77.427,-4,2007,6,1,3,15.3,99.9,2.124,0.0,0.35,65.02,0.0,5.3795,20.8585,15.479,211.793,6.3311,2.5391,71.4781,0.0,4.664,0.0,0.0,247.0754,243.3468,0.0,0.0,0.0,15.9,4.0
PRF,45.996,-77.427,-4,2007,6,1,4,15.36,99.8,2.259,0.0,0.35,65.02,0.0,5.3795,20.8585,15.479,211.5349,6.3785,2.5391,71.4781,0.0,4.664,0.0,0.0,246.0469,242.3364,0.0,0.0,0.0,0.0,0.0
PRF,45.996,-77.427,-4,2007,6,1,5,15.13,99.9,0.467,0.0,0.35,65.02,0.0,5.3795,20.8585,15.479,211.4443,6.3951,2.5391,71.4781,0.0,4.664,0.0,0.0,245.6866,241.9825,0.0,0.0,0.0,0.0,0.0
PRF,45.996,-77.427,-4,2007,6,1,6,14.95,99.9,1.85,0.0,0.35,65.02,0.0003,5.3795,20.8585,15.479,211.3237,6.4173,2.5394,71.8898,0.0,4.6667,0.0,0.0,245.0607,241.5122,0.0,0.0,0.0,0.0,0.0
PRF,45.996,-77.427,-4,2007,6,1,7,15.26,99.9,1.977,0.0,0.35,65.02,0.0009,5.3795,20.8585,15.479,211.1996,6.4401,2.5397,72.3062,0.0,4.6695,0.0,0.0,244.1103,241.0292,0.0,0.0,0.0,0.0,0.0
PRF,45.996,-77.427,-4,2007,6,1,8,16.39,99.9,1.43,0.1,0.35,65.02,0.0016,5.3795,20.8585,15.479,211.0804,6.462,2.5401,72.7396,0.0,4.6723,0.0,0.0,248.696,242.2758,0.0,0.0,0.0,0.1,0.0
PRF,45.996,-77.427,-4,2007,6,1,9,18.83,94.8,2.497,0.0,0.35,65.02,0.1164,5.3795,20.8585,15.479,203.9375,7.8035,2.5618,73.2095,0.0,4.7115,0.0,0.0,179.9806,215.6631,11.2734,0.0,0.0,0.1,1.0
PRF,45.996,-77.427,-4,2007,6,1,10,21.45,83.0,4.388,0.0,0.35,65.02,0.4027,5.3795,20.8585,15.479,181.1621,12.4707,2.6428,73.7188,0.0,4.8508,0.0,0.0,75.5989,145.8958,43.4438,0.0,0.0,0.1,2.0
PRF,45.996,-77.427,-4,2007,6,1,11,22.61,74.92,6.958,0.0,0.35,65.02,0.5865,5.3795,20.8585,15.479,151.5764,19.5956,2.7687,74.2454,0.0002,5.0652,0.0001,0.0,27.8395,83.7394,69.522,0.0,0.0,0.1,3.0
PRF,45.996,-77.427,-4,2007,6,1,12,22.64,76.73,6.192,0.0,0.35,65.02,0.616,5.3795,20.8585,15.479,129.005,26.0574,2.8856,74.7725,0.0015,5.2635,0.0006,0.0,15.4152,53.9168,76.5667,2.6642,10.2512,0.1,4.0
PRF,45.996,-77.427,-4,2007,6,1,13,24.48,68.85,5.32,0.0,0.35,65.02,0.738,5.3795,20.8585,15.479,106.0043,33.827,3.0549,75.3272,0.012,5.5474,0.0054,0.0,10.0146,34.2218,79.1265,4.1061,13.341,0.0,0.0
PRF,45.996,-77.427,-4,2007,6,1,14,25.23,63.53,5.706,0.0,0.35,65.02,0.7621,5.3795,20.8585,15.479,85.1953,42.1808,3.2592,75.8932,0.0687,5.8864,0.0318,0.0001,8.3279,23.5631,79.6791,5.8581,15.8791,0.0,0.0
PRF,45.996,-77.427,-4,2007,6,1,15,25.85,61.65,5.041,0.0,0.35,65.02,0.7237,5.3795,20.8585,15.479,68.6943,49.9496,3.4793,76.4684,0.2098,6.2479,0.0998,0.0005,7.9349,18.7559,79.9774,4.2978,13.6669,0.0,0.0
PRF,45.996,-77.427,-4,2007,6,1,16,25.1,71.3,3.959,0.0,0.35,65.02,0.589,5.3795,20.8585,15.479,58.9201,55.1378,3.6392,77.0324,0.3444,6.5096,0.167,0.0011,8.0214,18.1807,80.1985,3.2685,11.7113,0.0,0.0
PRF,45.996,-77.427,-4,2007,6,1,17,25.88,49.04,8.33,0.0,0.35,65.02,0.5464,5.3795,20.8585,15.479,45.4912,63.1238,3.932,77.6081,0.7389,6.9799,0.3705,0.0047,8.0214,14.8778,79.1439,11.3971,20.633,0.0,0.0
PRF,45.996,-77.427,-4,2007,6,1,18,24.42,64.45,5.614,0.0,0.35,65.02,0.3805,5.3795,20.8585,15.479,38.9209,67.4507,4.1247,78.1619,0.7646,7.2879,0.3916,0.0052,9.2762,14.8778,79.3498,5.096,14.8836,0.0,0.0
PRF,45.996,-77.427,-4,2007,6,1,19,20.36,93.8,3.538,0.6,0.35,65.02,0.0741,5.3795,20.8585,15.479,40.7894,66.1895,4.1527,78.6548,0.6591,7.337,0.3387,0.004,135.1579,25.1635,22.2435,0.0,0.0,0.6,0.0
PRF,45.996,-77.427,-4,2007,6,1,20,18.87,98.6,6.296,10.0,0.35,65.02,0.0073,5.3795,20.8585,15.479,170.6914,14.8407,1.5319,61.4813,0.0,2.8841,0.0,0.0,234.508,188.4416,1.3407,0.0,0.0,10.6,0.0
PRF,45.996,-77.427,-4,2007,6,1,21,18.49,98.2,5.537,0.6,0.35,65.02,0.0,5.3795,20.8585,15.479,175.85,13.6538,0.7054,60.3397,0.0,1.3707,0.0,0.0,237.0148,188.8066,0.9507,0.0,0.0,11.2,0.0
PRF,45.996,-77.427,-4,2007,6,1,22,17.95,99.9,3.346,0.3,0.35,65.02,0.0,5.3795,20.8585,15.479,179.6382,12.8061,0.2113,59.7702,0.0,0.4188,0.0,0.0,249.3566,193.4736,0.0,0.0,0.0,11.5,0.0
PRF,45.996,-77.427,-4,2007,6,1,23,17.07,99.9,1.406,0.0,0.35,65.02,0.0,5.3795,20.8585,15.479,179.538,12.8283,0.2113,59.7702,0.0,0.4188,0.0,0.0,248.8635,193.1089,0.0,0.0,0.0,11.5,1.0
PRF,45.996,-77.427,-4,2007,6,2,0,16.52,99.9,2.192,0.0,0.35,63.18,0.0,5.3696,20.8735,15.5039,179.4282,12.8526,0.2113,59.7702,0.0,0.4188,0.0,0.0,248.3245,192.7106,0.0,0.0,0.0,11.5,2.0
PRF,45.996,-77.427,-4,2007,6,2,1,17.0,99.9,0.869,0.0,0.35,63.18,0.0,5.3696,20.8735,15.5039,179.3385,12.8725,0.2113,59.7702,0.0,0.4188,0.0,0.0,247.8849,192.3855,0.0,0.0,0.0,11.5,3.0
PRF,45.996,-77.427,-4,2007,6,2,2,16.29,99.9,1.311,0.0,0.35,63.18,0.0,5.3696,20.8735,15.5039,179.2429,12.8937,0.2113,59.7702,0.0,0.4188,0.0,0.0,247.4171,192.0398,0.0,0.0,0.0,11.5,4.0
PRF,45.996,-77.427,-4,2007,6,2,3,14.92,99.9,2.451,0.1,0.35,63.18,0.0,5.3696,20.8735,15.5039,180.596,12.5949,0.0,59.5805,0.0,0.0,0.0,0.0,249.4744,193.3663,0.0,0.0,0.0,11.6,0.0
PRF,45.996,-77.427,-4,2007,6,2,4,16.76,99.9,3.417,0.0,0.35,63.18,0.0,5.3696,20.8735,15.5039,180.4697,12.6227,0.0,59.5805,0.0,0.0,0.0,0.0,248.8569,192.9104,0.0,0.0,0.0,11.6,1.0
PRF,45.996,-77.427,-4,2007,6,2,5,17.03,99.9,3.692,0.0,0.35,63.18,0.0,5.3696,20.8735,15.5039,180.3393,12.6514,0.0,59.5805,0.0,0.0,0.0,0.0,248.2206,192.4405,0.0,0.0,0.0,11.6,2.0
PRF,45.996,-77.427,-4,2007,6,2,6,17.1,99.9,1.964,0.0,0.35,63.18,0.0003,5.3696,20.8735,15.5039,180.2297,12.6756,0.0004,60.0245,0.0,0.0008,0.0,0.0,247.4997,192.0465,0.0,0.0,0.0,11.6,3.0
PRF,45.996,-77.427,-4,2007,6,2,7,17.5,99.9,3.286,0.0,0.35,63.18,0.001,5.3696,20.8735,15.5039,180.1016,12.7038,0.0008,60.4745,0.0,0.0015,0.0,0.0,246.2457,191.5868,0.0,0.0,0.0,11.6,4.0
PRF,45.996,-77.427,-4,2007,6,2,8,18.28,94.3,2.588,0.0,0.35,63.18,0.089,5.3696,20.8735,15.5039,173.7233,14.1385,0.0239,60.9362,0.0,0.0478,0.0,0.0,185.4264,169.8884,9.9462,0.0,0.0,0.0,0.0
PRF,45.996,-77.427,-4,2007,6,2,9,19.37,84.8,2.512,0.0,0.35,63.18,0.2797,5.3696,20.8735,15.5039,159.3309,17.5951,0.0893,61.4142,0.0001,0.1779,0.0,0.0,99.0947,128.18,33.5456,0.0,0.0,0.0,0.0
PRF,45.996,-77.427,-4,2007,6,2,10,20.32,82.1,4.979,0.0,0.35,63.18,0.3988,5.3696,20.8735,15.5039,141.6616,22.3097,0.17,61.9065,0.0004,0.3377,0.0001,0.0,46.5436,89.1282,57.7079,0.0,0.0,0.0,0.0
PRF,45.996,-77.427,-4,2007,6,2,11,22.2,72.26,2.794,0.0,0.35,63.18,0.6057,5.3696,20.8735,15.5039,122.0478,28.2675,0.3067,62.427,0.0024,0.606,0.0006,0.0,20.218,58.116,73.5252,0.0,0.0,0.0,0.0
PRF,45.996,-77.427,-4,2007,6,2,12,21.69,78.57,4.902,0.0,0.35,63.18,0.5762,5.3696,20.8735,15.5039,106.7668,33.5468,0.4099,62.9399,0.011,0.8067,0.0028,0.0,14.1844,42.3664,76.3808,1.7046,7.0613,0.0,0.0
PRF,45.996,-77.427,-4,2007,6,2,13,23.29,73.25,4.735,0.0,0.35,63.18,0.685,5.3696,20.8735,15.5039,90.9884,39.7086,0.5482,63.4767,0.0415,1.0733,0.0111,0.0,10.7685,30.9162,77.8766,2.5946,10.062,0.0,0.0
PRF,45.996,-77.427,-4,2007,6,2,14,24.48,62.88,4.888,0.0,0.35,63.18,0.7586,5.3696,20.8735,15.5039,74.357,47.1532,0.75,64.0314,0.1442,1.4572,0.0411,0.0001,8.4623,22.5,78.7041,3.4304,12.0567,0.0,0.0
PRF,45.996,-77.427,-4,2007,6,2,15,25.1,62.47,3.299,0.0,0.35,63.18,0.7157,5.3696,20.8735,15.5039,61.8319,53.5414,0.9591,64.5954,0.2863,1.8495,0.0867,0.0004,7.9274,18.8175,79.2651,2.5122,9.8316,0.0,0.0
PRF,45.996,-77.427,-4,2007,6,2,16,24.35,70.14,3.752,0.0,0.35,63.18,0.5891,5.3696,20.8735,15.5039,53.4374,58.2692,1.1205,65.1482,0.4396,2.1486,0.139,0.0008,8.0487,18.1857,79.1159,2.7953,10.5942,0.0,0.0
PRF,45.996,-77.427,-4,2007,6,2,17,25.71,59.81,5.67,0.0,0.35,63.18,0.5311,5.3696,20.8735,15.5039,43.9588,64.1064,1.3499,65.7213,0.6757,2.5679,0.2259,0.002,8.0487,16.3492,78.658,5.3691,15.2566,0.0,0.0
PRF,45.996,-77.427,-4,2007,6,2,18,26.12,57.56,5.425,0.0,0.35,63.18,0.4025,5.3696,20.8735,15.5039,36.4419,69.1638,1.596,66.3006,0.8003,3.0108,0.2823,0.0029,8.3411,15.3064,78.6188,4.6766,14.2702,0.0,0.0
PRF,45.996,-77.427,-4,2007,6,2,19,25.2,62.64,3.478,0.0,0.35,63.18,0.2486,5.3696,20.8735,15.5039,31.8993,72.4257,1.805,66.8661,0.8103,3.3817,0.298,0.0032,9.8182,15.3064,78.5139,2.1513,8.7237,0.0,0.0
PRF,45.996,-77.427,-4,2007,6,2,20,22.92,75.09,6.349,0.0,0.35,63.18,0.0893,5.3696,20.8735,15.5039,29.4576,74.2484,1.9317,67.3974,1.0136,3.6051,0.3818,0.0049,13.6313,16.459,76.3794,3.4975,12.195,0.0,0.0
PRF,45.996,-77.427,-4,2007,6,2,21,20.02,98.3,3.199,1.3,0.35,63.18,0.0,5.3696,20.8735,15.5039,50.7885,59.8442,1.9317,67.3974,0.4758,3.6051,0.1792,0.0013,238.9062,38.4225,0.5165,0.0,0.0,1.3,0.0
PRF,45.996,-77.427,-4,2007,6,2,22,18.97,99.9,3.39,0.1,0.35,63.18,0.0,5.3696,20.8735,15.5039,53.3485,58.3214,1.9317,67.3974,0.4332,3.6051,0.1632,0.0011,249.3289,40.119,0.0,0.0,0.0,1.4,0.0
PRF,45.996,-77.427,-4,2007,6,2,23,18.9,99.9,3.218,0.5,0.35,63.18,0.0,5.3696,20.8735,15.5039,66.1305,51.2645,1.1066,67.3974,0.2235,2.1259,0.0705,0.0002,249.3407,48.647,0.0,0.0,0.0,1.9,0.0
PRF,45.996,-77.427,-4,2007,6,3,0,18.36,99.9,2.196,0.0,0.35,61.34,0.0,5.3603,20.888,15.5278,66.1038,51.2783,1.1066,67.3974,0.2126,2.1259,0.067,0.0002,248.7614,48.6091,0.0,0.0,0.0,1.9,1.0
PRF,45.996,-77.427,-4,2007,6,3,1,17.72,99.9,1.951,0.0,0.35,61.34,0.0,5.3603,20.888,15.5278,66.0786,51.2914,1.1066,67.3974,0.2103,2.1259,0.0663,0.0002,248.2148,48.5738,0.0,0.0,0.0,1.9,2.0
PRF,45.996,-77.427,-4,2007,6,3,2,16.59,99.9,2.722,0.0,0.35,61.34,0.0,5.3603,20.888,15.5278,66.0524,51.3051,1.1066,67.3974,0.219,2.1259,0.069,0.0002,247.6433,48.5376,0.0,0.0,0.0,1.9,3.0
PRF,45.996,-77.427,-4,2007,6,3,3,17.31,99.9,5.6,0.0,0.35,61.34,0.0,5.3603,20.888,15.5278,66.0188,51.3225,1.1066,67.3974,0.2537,2.1259,0.08,0.0003,246.9158,48.4909,0.0,0.0,0.0,1.9,4.0
PRF,45.996,-77.427,-4,2007,6,3,4,17.78,99.0,8.46,0.1,0.35,61.34,0.0,5.3603,20.888,15.5278,68.071,50.2664,0.8626,67.3974,0.259,1.6717,0.0764,0.0003,241.7076,49.5748,0.0,0.0,0.0,2.0,0.0
PRF,45.996,-77.427,-4,2007,6,3,5,15.71,94.1,10.54,0.0,0.35,61.34,0.0,5.3603,20.888,15.5278,65.6897,51.4937,0.8626,67.3974,0.3317,1.6717,0.0978,0.0004,202.5322,45.9264,6.4366,0.0,0.0,2.0,1.0
PRF,45.996,-77.427,-4,2007,6,3,6,14.99,93.1,9.75,0.0,0.35,61.34,0.0179,5.3603,20.888,15.5278,63.2288,52.7913,0.8856,67.8098,0.367,1.7151,0.1089,0.0005,162.7005,42.6198,14.6784,0.0,0.0,2.0,2.0
PRF,45.996,-77.427,-4,2007,6,3,7,14.99,88.3,9.93,0.0,0.35,61.34,0.0821,5.3603,20.888,15.5278,59.492,54.8206,0.9245,68.2221,0.4521,1.7884,0.1357,0.0008,110.7823,37.9265,29.1161,0.0,0.0,2.0,3.0
PRF,45.996,-77.427,-4,2007,6,3,8,16.01,83.1,8.99,0.0,0.35,61.34,0.1893,5.3603,20.888,15.5278,54.8536,57.444,0.9846,68.6498,0.5382,1.901,0.1643,0.0011,65.9491,32.8106,47.0054,0.0,0.0,2.0,4.0
PRF,45.996,-77.427,-4,2007,6,3,9,17.63,77.0,9.45,0.0,0.35,61.34,0.3388,5.3603,20.888,15.5278,49.299,60.7485,1.0746,69.1017,0.6891,2.0687,0.2155,0.0018,35.6999,27.6721,63.3205,0.0,0.0,0.0,0.0
PRF,45.996,-77.427,-4,2007,6,3,10,18.99,73.25,11.02,0.0,0.35,61.34,0.4754,5.3603,20.888,15.5278,43.5804,64.3514,1.1873,69.5741,0.8942,2.2775,0.2878,0.003,20.8623,23.7109,71.3997,2.2101,8.9165,0.0,0.0
PRF,45.996,-77.427,-4,2007,6,3,11,20.84,69.53,12.72,0.0,0.35,61.34,0.6088,5.3603,20.888,15.5278,37.8816,68.1634,1.3283,70.0742,1.1196,2.5364,0.3727,0.0047,14.379,20.7113,73.8264,7.9748,18.0824,0.0,0.0
PRF,45.996,-77.427,-4,2007,6,3,12,21.86,72.6,7.881,0.0,0.35,61.34,0.6489,5.3603,20.888,15.5278,34.0584,70.855,1.4613,70.5896,0.9565,2.7788,0.3282,0.0038,11.8584,19.7386,75.7302,5.6286,15.5937,0.0,0.0
PRF,45.996,-77.427,-4,2007,6,3,13,22.71,66.8,9.38,0.0,0.35,61.34,0.73,5.3603,20.888,15.5278,30.1172,73.7511,1.6287,71.1177,1.1533,3.0809,0.4101,0.0056,10.3055,18.3335,75.914,8.3884,18.4436,0.0,0.0
PRF,45.996,-77.427,-4,2007,6,3,14,24.38,63.26,11.9,0.0,0.35,61.34,0.7567,5.3603,20.888,15.5278,26.3068,76.6761,1.8275,71.6709,1.5482,3.436,0.5727,0.0101,9.6037,16.9455,75.4959,11.9823,20.9906,0.0,0.0
PRF,45.996,-77.427,-4,2007,6,3,15,25.88,59.81,12.18,0.0,0.35,61.34,0.7319,5.3603,20.888,15.5278,22.962,79.3517,2.0584,72.2466,1.9658,3.8431,0.7589,0.0167,9.0803,15.7189,75.5613,13.0118,21.5793,0.0,0.0
PRF,45.996,-77.427,-4,2007,6,3,16,24.76,63.9,14.28,0.0,0.35,61.34,0.6252,5.3603,20.888,15.5278,20.9336,81.026,2.2569,72.8055,2.6084,4.1891,1.2226,0.0388,9.0803,15.7189,75.0009,15.4477,22.8051,0.0,0.0
PRF,45.996,-77.427,-4,2007,6,3,17,23.8,70.45,8.0,0.0,0.35,61.34,0.4802,5.3603,20.888,15.5278,20.1046,81.722,2.413,73.35,2.061,4.4592,0.8446,0.0202,9.7411,15.7189,76.4191,7.2255,17.3777,0.0,0.0
PRF,45.996,-77.427,-4,2007,6,3,18,24.48,65.51,12.95,0.0,0.35,61.34,0.381,5.3603,20.888,15.5278,19.008,82.6533,2.6004,73.9047,2.9644,4.7803,1.8252,0.0789,10.5189,15.7189,74.9803,11.9138,20.9497,0.0,0.0
PRF,45.996,-77.427,-4,2007,6,3,19,23.7,69.87,10.58,0.0,0.35,61.34,0.231,5.3603,20.888,15.5278,18.5324,83.0611,2.759,74.4477,2.7705,5.05,1.6857,0.0685,12.106,15.7189,75.059,8.0059,18.1102,0.0,0.0
PRF,45.996,-77.427,-4,2007,6,3,20,22.3,73.11,16.82,0.0,0.35,61.34,0.0923,5.3603,20.888,15.5278,18.3856,83.1874,2.8921,74.9697,3.8563,5.2754,2.8591,0.1746,14.6388,16.418,72.8652,10.394,19.9749,0.0,0.0
PRF,45.996,-77.427,-4,2007,6,3,21,19.68,85.5,7.473,0.1,0.35,61.34,0.0,5.3603,20.888,15.5278,18.8947,82.7502,2.8921,74.9697,2.2771,5.2754,1.0355,0.0289,36.3536,20.1172,62.9862,0.0,0.0,0.1,0.0
PRF,45.996,-77.427,-4,2007,6,3,22,18.59,92.7,2.226,0.1,0.35,61.34,0.0,5.3603,20.888,15.5278,20.1175,81.7111,2.8921,74.9697,1.5387,5.2754,0.6776,0.0137,59.0364,23.5159,50.4225,0.0,0.0,0.2,0.0
PRF,45.996,-77.427,-4,2007,6,3,23,17.64,99.4,2.036,0.4,0.35,61.34,0.0,5.3603,20.888,15.5278,24.4805,78.1241,2.8921,74.9697,1.0539,5.2754,0.4641,0.007,171.2074,30.3731,12.7497,0.0,0.0,0.6,0.0
PRF,45.996,-77.427,-4,2007,6,4,0,17.82,97.3,5.034,0.1,0.35,59.5,0.0,5.3516,20.9022,15.5506,27.3214,75.8847,2.8921,74.9697,1.0392,5.2754,0.4577,0.0068,185.9877,32.0826,9.4087,0.0,0.0,0.7,0.0
PRF,45.996,-77.427,-4,2007,6,4,1,17.82,97.3,6.778,0.0,0.35,59.5,0.0,5.3516,20.9022,15.5506,27.4046,75.8203,2.8921,74.9697,1.1301,5.2754,0.4977,0.0079,172.1424,32.0778,12.3069,0.0,0.0,0.7,1.0
PRF,45.996,-77.427,-4,2007,6,4,2,17.71,98.4,6.569,0.0,0.35,59.5,0.0,5.3516,20.9022,15.5506,27.7481,75.5547,2.8921,74.9697,1.1003,5.2754,0.4846,0.0075,164.5058,32.0778,14.0122,0.0,0.0,0.7,2.0
PRF,45.996,-77.427,-4,2007,6,4,3,17.64,99.6,6.409,0.1,0.35,59.5,0.0,5.3516,20.9022,15.5506,30.4636,73.4913,2.8921,74.9697,0.9814,5.2754,0.4322,0.0062,190.8116,33.792,8.4531,0.0,0.0,0.8,0.0
PRF,45.996,-77.427,-4,2007,6,4,4,17.64,99.7,6.157,0.0,0.35,59.5,0.0,5.3516,20.9022,15.5506,30.4636,73.4913,2.8921,74.9697,0.9691,5.2754,0.4267,0.006,189.1526,33.792,8.7787,0.0,0.0,0.8,1.0
PRF,45.996,-77.427,-4,2007,6,4,5,17.4,99.7,6.578,0.0,0.35,59.5,0.0,5.3516,20.9022,15.5506,30.4636,73.4913,2.8921,74.9697,0.9898,5.2754,0.4359,0.0063,187.4906,33.792,9.1081,0.0,0.0,0.8,2.0
PRF,45.996,-77.427,-4,2007,6,4,6,17.4,98.8,6.827,0.0,0.35,59.5,0.0041,5.3516,20.9022,15.5506,30.4636,73.4913,2.8967,75.4182,1.0023,5.2859,0.4418,0.0064,179.182,33.7863,10.8035,0.0,0.0,0.8,3.0
PRF,45.996,-77.427,-4,2007,6,4,7,17.47,98.0,6.29,0.0,0.35,59.5,0.0195,5.3516,20.9022,15.5506,30.4636,73.4913,2.9045,75.8678,0.9756,5.3015,0.4306,0.0061,161.9344,33.7218,14.6048,0.0,0.0,0.8,4.0
PRF,45.996,-77.427,-4,2007,6,4,8,18.42,94.3,8.1,0.0,0.35,59.5,0.0901,5.3516,20.9022,15.5506,30.2829,73.6267,2.9278,76.3316,1.0752,5.3432,0.4762,0.0073,116.6615,32.9114,26.8622,0.0,0.0,0.0,0.0
PRF,45.996,-77.427,-4,2007,6,4,9,17.94,97.1,9.54,0.6,0.35,59.5,0.0653,5.3516,20.9022,15.5506,32.8809,71.7069,2.9393,76.7882,1.0709,5.3652,0.4751,0.0073,195.1563,41.9762,7.6148,0.0,0.0,0.6,0.0
PRF,45.996,-77.427,-4,2007,6,4,10,16.86,98.4,13.5,2.2,0.35,59.5,0.0429,5.3516,20.9022,15.5506,88.2627,40.8566,1.4583,77.2286,0.0802,2.7851,0.0275,0.0,212.0647,76.5475,4.5404,0.0,0.0,2.8,0.0
PRF,45.996,-77.427,-4,2007,6,4,11,17.44,96.9,9.23,0.7,0.35,59.5,0.0959,5.3516,20.9022,15.5506,101.8028,35.4012,0.5997,73.7927,0.0211,1.1755,0.0057,0.0,184.1253,82.272,9.7848,0.0,0.0,3.5,0.0
PRF,45.996,-77.427,-4,2007,6,4,12,17.13,97.8,10.88,1.7,0.35,59.5,0.0739,5.3516,20.9022,15.5506,135.3343,24.1413,0.0084,70.9107,0.001,0.0167,0.0002,0.0,195.6342,104.7159,7.5239,0.0,0.0,5.2,0.0
PRF,45.996,-77.427,-4,2007,6,4,13,17.06,97.5,9.17,1.5,0.35,59.5,0.0856,5.3516,20.9022,15.5506,158.2887,17.8581,0.0095,68.4386,0.0001,0.0189,0.0,0.0,190.8879,121.6104,8.4382,0.0,0.0,6.7,0.0
PRF,45.996,-77.427,-4,2007,6,4,14,16.96,97.3,10.67,1.5,0.35,59.5,0.0899,5.3516,20.9022,15.5506,175.2222,13.7962,0.0102,65.9829,0.0,0.0203,0.0,0.0,187.7557,135.7111,9.0553,0.0,0.0,8.2,0.0
PRF,45.996,-77.427,-4,2007,6,4,15,17.5,97.6,8.5,1.1,0.35,59.5,0.0776,5.3516,20.9022,15.5506,184.5215,11.742,0.0093,64.319,0.0,0.0186,0.0,0.0,194.0916,144.0674,7.8183,0.0,0.0,9.3,0.0
PRF,45.996,-77.427,-4,2007,6,4,16,18.42,96.3,9.83,0.0,0.35,59.5,0.1084,5.3516,20.9022,15.5506,177.9262,13.1868,0.0245,64.7828,0.0,0.0489,0.0,0.0,138.0079,128.7175,20.6142,0.0,0.0,9.3,1.0
PRF,45.996,-77.427,-4,2007,6,4,17,18.31,95.1,9.99,0.0,0.35,59.5,0.1147,5.3516,20.9022,15.5506,169.7863,15.0529,0.0444,65.2449,0.0,0.0886,0.0,0.0,97.3872,111.8027,33.4041,0.0,0.0,9.3,2.0
PRF,45.996,-77.427,-4,2007,6,4,18,18.42,93.7,9.74,0.0,0.35,59.5,0.1079,5.3516,20.9022,15.5506,160.2459,17.3657,0.0701,65.7087,0.0001,0.1399,0.0,0.0,70.2851,94.5854,44.4713,0.0,0.0,9.3,3.0
PRF,45.996,-77.427,-4,2007,6,4,19,18.48,92.9,7.174,0.0,0.35,59.5,0.0768,5.3516,20.9022,15.5506,151.2617,19.6789,0.0993,66.1734,0.0002,0.1978,0.0,0.0,55.2695,80.7553,51.7868,0.0,0.0,9.3,4.0
PRF,45.996,-77.427,-4,2007,6,4,20,17.77,97.5,5.255,0.2,0.35,59.5,0.0125,5.3516,20.9022,15.5506,151.44,19.6317,0.0099,66.2421,0.0001,0.0197,0.0,0.0,103.5575,80.1557,31.2047,0.0,0.0,9.5,0.0
PRF,45.996,-77.427,-4,2007,6,4,21,17.43,99.1,4.721,0.3,0.35,59.5,0.0,5.3516,20.9022,15.5506,155.0545,18.6856,0.0,65.6641,0.0001,0.0,0.0,0.0,184.8637,83.8417,9.6352,0.0,0.0,9.8,0.0
PRF,45.996,-77.427,-4,2007,6,4,22,17.37,99.3,5.489,0.7,0.35,59.5,0.0,5.3516,20.9022,15.5506,164.6484,16.2809,0.0,64.3186,0.0,0.0,0.0,0.0,244.9794,94.4076,0.0,0.0,0.0,10.5,0.0
PRF,45.996,-77.427,-4,2007,6,4,23,17.13,99.9,6.069,0.0,0.35,59.5,0.0,5.3516,20.9022,15.5506,164.5119,16.314,0.0,64.3186,0.0,0.0,0.0,0.0,244.247,94.2003,0.0,0.0,0.0,10.5,1.0
PRF,45.996,-77.427,-4,2007,6,5,0,16.92,99.9,4.212,1.4,0.35,57.66,0.0,5.3436,20.9158,15.5722,183.338,11.997,0.0,61.6412,0.0,0.0,0.0,0.0,249.3371,117.9437,0.0,0.0,0.0,11.9,0.0
PRF,45.996,-77.427,-4,2007,6,5,1,16.96,99.9,2.941,0.2,0.35,57.66,0.0,5.3436,20.9158,15.5722,185.8962,11.448,0.0,61.2601,0.0,0.0,0.0,0.0,249.4028,121.1324,0.0,0.0,0.0,12.1,0.0
PRF,45.996,-77.427,-4,2007,6,5,2,16.99,99.9,3.861,0.1,0.35,57.66,0.0,5.3436,20.9158,15.5722,187.2839,11.1537,0.0,61.0698,0.0,0.0,0.0,0.0,249.3527,122.5821,0.0,0.0,0.0,12.2,0.0
PRF,45.996,-77.427,-4,2007,6,5,3,16.75,99.9,3.261,0.0,0.35,57.66,0.0,5.3436,20.9158,15.5722,187.1537,11.1813,0.0,61.0698,0.0,0.0,0.0,0.0,248.7442,122.3336,0.0,0.0,0.0,12.2,1.0
PRF,45.996,-77.427,-4,2007,6,5,4,16.75,99.9,3.553,1.7,0.35,57.66,0.0,5.3436,20.9158,15.5722,204.5364,7.689,0.0,57.8471,0.0,0.0,0.0,0.0,249.3742,151.1374,0.0,0.0,0.0,13.9,0.0
PRF,45.996,-77.427,-4,2007,6,5,5,11.92,99.1,13.09,9.5,0.35,57.66,0.0,5.3436,20.9158,15.5722,240.5269,1.4534,0.0,40.3009,0.0,0.0,0.0,0.0,242.9839,242.9839,0.0,0.0,0.0,23.4,0.0
PRF,45.996,-77.427,-4,2007,6,5,6,9.37,96.9,10.05,0.4,0.35,57.66,0.0062,5.3436,20.9158,15.5722,242.5855,1.1316,0.0064,39.9067,0.0,0.0129,0.0,0.0,228.6634,231.2984,1.6023,0.0,0.0,23.8,0.0
PRF,45.996,-77.427,-4,2007,6,5,7,8.11,95.4,10.02,0.1,0.35,57.66,0.0241,5.3436,20.9158,15.5722,238.9072,1.7091,0.0083,40.0354,0.0,0.0166,0.0,0.0,216.0109,209.9412,3.6683,0.0,0.0,23.9,0.0
PRF,45.996,-77.427,-4,2007,6,5,8,7.773,91.7,8.86,0.0,0.35,57.66,0.0678,5.3436,20.9158,15.5722,227.163,3.6289,0.0226,40.3395,0.0,0.0451,0.0,0.0,168.097,178.5152,12.9441,0.0,0.0,23.9,1.0
PRF,45.996,-77.427,-4,2007,6,5,9,6.443,94.1,10.29,0.0,0.35,57.66,0.0625,5.3436,20.9158,15.5722,218.8416,5.0637,0.031,40.6236,0.0,0.062,0.0,0.0,137.8974,158.8356,20.3329,0.0,0.0,23.9,2.0
PRF,45.996,-77.427,-4,2007,6,5,10,5.999,94.0,8.68,0.0,0.35,57.66,0.0762,5.3436,20.9158,15.5722,211.312,6.4194,0.039,40.9011,0.0,0.0779,0.0,0.0,113.329,142.7095,27.5564,0.0,0.0,23.9,3.0
PRF,45.996,-77.427,-4,2007,6,5,11,5.897,96.8,7.212,2.0,0.35,57.66,0.0477,5.3436,20.9158,15.5722,221.7531,4.5543,0.0042,37.5738,0.0,0.0084,0.0,0.0,217.6394,166.999,3.3945,0.0,0.0,25.9,0.0
PRF,45.996,-77.427,-4,2007,6,5,12,6.238,92.8,9.93,1.0,0.35,57.66,0.1144,5.3436,20.9158,15.5722,221.0164,4.6825,0.01,36.0641,0.0,0.0199,0.0,0.0,187.797,160.5474,8.8193,0.0,0.0,26.9,0.0
PRF,45.996,-77.427,-4,2007,6,5,13,6.306,89.7,9.77,0.0,0.35,57.66,0.1642,5.3436,20.9158,15.5722,208.54,6.933,0.0244,36.3462,0.0,0.0487,0.0,0.0,132.5697,134.3281,21.7957,0.0,0.0,26.9,1.0
PRF,45.996,-77.427,-4,2007,6,5,14,6.272,90.8,8.68,0.1,0.35,57.66,0.1454,5.3436,20.9158,15.5722,200.1683,8.5337,0.0128,36.4489,0.0,0.0256,0.0,0.0,118.5038,117.1479,25.9283,0.0,0.0,27.0,0.0
PRF,45.996,-77.427,-4,2007,6,5,15,5.828,93.0,13.25,0.0,0.35,57.66,0.1028,5.3436,20.9158,15.5722,191.3265,10.3102,0.0219,36.7239,0.0,0.0437,0.0,0.0,93.5155,103.2071,34.4083,0.0,0.0,27.0,1.0
PRF,45.996,-77.427,-4,2007,6,5,16,4.907,95.4,13.62,0.9,0.35,57.66,0.0575,5.3436,20.9158,15.5722,194.885,9.5842,0.005,35.3763,0.0,0.01,0.0,0.0,207.6185,108.947,5.1174,0.0,0.0,27.9,0.0
PRF,45.996,-77.427,-4,2007,6,5,17,4.533,94.9,11.26,2.0,0.35,57.66,0.0511,5.3436,20.9158,15.5722,206.481,7.3196,0.0051,32.0778,0.0,0.0103,0.0,0.0,209.4138,130.5746,4.8019,0.0,0.0,29.9,0.0
PRF,45.996,-77.427,-4,2007,6,5,18,4.327,91.3,14.53,1.0,0.35,57.66,0.0626,5.3436,20.9158,15.5722,204.5123,7.6936,0.0084,30.5638,0.0,0.0167,0.0,0.0,194.6501,125.8243,7.4924,0.0,0.0,30.9,0.0
PRF,45.996,-77.427,-4,2007,6,5,19,4.157,92.3,12.33,0.0,0.35,57.66,0.0355,5.3436,20.9158,15.5722,195.5019,9.4598,0.0155,30.8137,0.0,0.0309,0.0,0.0,161.1694,110.5638,14.5155,0.0,0.0,30.9,1.0
PRF,45.996,-77.427,-4,2007,6,5,20,3.788,90.8,11.46,0.0,0.35,57.66,0.0179,5.3436,20.9158,15.5722,185.9879,11.4285,0.0232,31.058,0.0,0.0463,0.0,0.0,135.1982,96.342,21.0674,0.0,0.0,30.9,2.0
PRF,45.996,-77.427,-4,2007,6,5,21,3.281,88.3,12.17,0.0,0.35,57.66,0.0,5.3436,20.9158,15.5722,175.1705,13.808,0.0232,31.058,0.0,0.0463,0.0,0.0,112.9614,82.2769,27.6744,0.0,0.0,30.9,3.0
PRF,45.996,-77.427,-4,2007,6,5,22,3.011,89.9,10.38,0.0,0.35,57.66,0.0,5.3436,20.9158,15.5722,166.689,15.7883,0.0232,31.058,0.0,0.0463,0.0,0.0,98.0915,72.9358,32.732,0.0,0.0,30.9,4.0
PRF,45.996,-77.427,-4,2007,6,5,23,3.011,90.6,8.36,0.0,0.35,57.66,0.0,5.3436,20.9158,15.5722,159.6296,17.5201,0.0232,31.058,0.0001,0.0463,0.0,0.0,87.2795,66.169,36.7935,0.0,0.0,0.0,0.0
PRF,45.996,-77.427,-4,2007,6,6,0,3.113,92.0,8.21,0.0,0.35,55.82,0.0,5.3363,20.929,15.5927,153.7765,19.0175,0.0232,31.058,0.0001,0.0463,0.0,0.0,79.3693,61.2649,39.4925,0.0,0.0,0.0,0.0
PRF,45.996,-77.427,-4,2007,6,6,1,3.181,92.1,8.16,0.0,0.35,55.82,0.0,5.3363,20.929,15.5927,148.2402,20.4885,0.0232,31.058,0.0002,0.0463,0.0,0.0,72.6536,57.104,42.3535,0.0,0.0,0.0,0.0
PRF,45.996,-77.427,-4,2007,6,6,2,3.42,92.1,6.469,0.0,0.35,55.82,0.0,5.3363,20.929,15.5927,143.2642,21.8584,0.0232,31.058,0.0004,0.0463,0.0001,0.0,67.2058,53.7254,44.7971,0.0,0.0,0.0,0.0
PRF,45.996,-77.427,-4,2007,6,6,3,2.738,95.2,6.91,0.0,0.35,55.82,0.0,5.3363,20.929,15.5927,140.2147,22.7214,0.0232,31.058,0.0005,0.0463,0.0001,0.0,64.2901,52.0016,46.1512,0.0,0.0,0.0,0.0
PRF,45.996,-77.427,-4,2007,6,6,4,3.045,95.3,5.613,0.0,0.35,55.82,0.0,5.3363,20.929,15.5927,137.4534,23.5188,0.0232,31.058,0.0006,0.0463,0.0001,0.0,61.8101,50.5353,47.3315,0.0,0.0,0.0,0.0
PRF,45.996,-77.427,-4,2007,6,6,5,3.079,95.7,4.782,0.0,0.35,55.82,0.0,5.3363,20.929,15.5927,135.0873,24.2145,0.0232,31.058,0.0008,0.0463,0.0002,0.0,59.8205,49.3688,48.2967,0.0,0.0,0.0,0.0
PRF,45.996,-77.427,-4,2007,6,6,6,2.123,99.0,3.8,0.0,0.35,55.82,0.0013,5.3363,20.929,15.5927,134.5786,24.3656,0.0237,31.2773,0.0008,0.0473,0.0002,0.0,59.3968,49.176,48.5056,0.0,0.0,0.0,0.0
PRF,45.996,-77.427,-4,2007,6,6,7,3.796,93.1,5.071,0.0,0.35,55.82,0.0268,5.3363,20.929,15.5927,130.8782,25.4812,0.0295,31.5218,0.0012,0.0588,0.0002,0.0,55.1385,47.2669,50.6293,0.0,0.0,0.0,0.0
PRF,45.996,-77.427,-4,2007,6,6,8,5.965,87.4,8.41,0.0,0.35,55.82,0.0882,5.3363,20.929,15.5927,123.4792,27.8035,0.0462,31.7988,0.0028,0.092,0.0006,0.0,46.3646,43.1415,55.2144,0.0,0.0,0.0,0.0
PRF,45.996,-77.427,-4,2007,6,6,9,7.663,75.91,8.53,0.0,0.35,55.82,0.2266,5.3363,20.929,15.5927,111.9569,31.6839,0.0872,32.1012,0.0083,0.1731,0.0018,0.0,34.626,36.6361,61.6947,0.0,0.0,0.0,0.0
PRF,45.996,-77.427,-4,2007,6,6,10,9.12,62.63,13.33,0.0,0.35,55.82,0.4033,5.3363,20.929,15.5927,96.6024,37.4249,0.1628,32.4255,0.0404,0.3216,0.0091,0.0,24.1879,29.1918,66.7828,0.0,0.0,0.0,0.0
PRF,45.996,-77.427,-4,2007,6,6,11,10.93,56.29,17.1,0.0,0.35,55.82,0.5401,5.3363,20.929,15.5927,80.9178,44.0868,0.2689,32.777,0.168,0.5269,0.0399,0.0001,17.9254,23.6634,68.6447,4.6921,14.2939,0.0,0.0
PRF,45.996,-77.427,-4,2007,6,6,12,11.47,54.3,11.8,0.0,0.35,55.82,0.6091,5.3363,20.929,15.5927,68.7928,49.8997,0.3852,33.1365,0.2931,0.7487,0.0731,0.0003,14.5432,20.862,70.771,4.9382,14.659,0.0,0.0
PRF,45.996,-77.427,-4,2007,6,6,13,12.36,49.67,10.24,0.0,0.35,55.82,0.6722,5.3363,20.929,15.5927,58.3371,55.4628,0.5233,33.5094,0.4866,1.0074,0.128,0.0007,12.3233,18.9085,71.7793,5.1759,14.9948,0.0,0.0
PRF,45.996,-77.427,-4,2007,6,6,14,13.31,47.75,8.74,0.0,0.35,55.82,0.6863,5.3363,20.929,15.5927,49.6667,60.524,0.6777,33.8966,0.656,1.2909,0.1817,0.0013,11.0396,17.6562,72.4906,4.8456,14.5238,0.0,0.0
PRF,45.996,-77.427,-4,2007,6,6,15,14.39,46.14,14.01,0.0,0.35,55.82,0.6643,5.3363,20.929,15.5927,41.5818,65.6621,0.8498,34.2999,1.0956,1.6005,0.3195,0.0036,11.0396,16.6775,71.2166,8.3874,18.4428,0.0,0.0
PRF,45.996,-77.427,-4,2007,6,6,16,15.35,43.1,11.55,0.0,0.35,55.82,0.6086,5.3363,20.929,15.5927,35.0687,70.1327,1.0437,34.7177,1.1238,1.9415,0.3451,0.0041,10.6368,15.8215,71.9261,7.0942,17.2467,0.0,0.0
PRF,45.996,-77.427,-4,2007,6,6,17,14.97,45.29,12.55,0.0,0.35,55.82,0.4939,5.3363,20.929,15.5927,30.2156,73.6772,1.2255,35.1297,1.3485,2.2544,0.4327,0.0062,10.6368,15.734,71.6776,7.7816,17.9073,0.0,0.0
PRF,45.996,-77.427,-4,2007,6,6,18,15.31,45.49,7.379,0.0,0.35,55.82,0.3737,5.3363,20.929,15.5927,26.7679,76.3153,1.4108,35.5469,1.2027,2.5669,0.4019,0.0054,10.6368,15.6675,72.9206,3.994,13.1431,0.0,0.0
PRF,45.996,-77.427,-4,2007,6,6,19,15.76,41.37,7.661,0.0,0.35,55.82,0.2474,5.3363,20.929,15.5927,23.7057,78.7477,1.6159,35.9708,1.4785,2.9055,0.5151,0.0084,10.7387,15.1873,72.826,4.1754,13.4604,0.0,0.0
PRF,45.996,-77.427,-4,2007,6,6,20,14.16,63.06,3.214,0.0,0.35,55.82,0.0886,5.3363,20.929,15.5927,22.7633,79.5139,1.732,36.3707,1.2714,3.0955,0.4528,0.0067,13.1327,15.993,72.9338,0.8297,3.1394,0.0,0.0
PRF,45.996,-77.427,-4,2007,6,6,21,9.36,89.4,1.485,0.0,0.35,55.82,0.0,5.3363,20.929,15.5927,22.9385,79.3708,1.732,36.3707,1.149,3.0955,0.4092,0.0056,18.9204,20.4433,70.6182,0.0652,0.2467,0.0,0.0
PRF,45.996,-77.427,-4,2007,6,6,22,7.023,95.6,1.935,0.0,0.35,55.82,0.0,5.3363,20.929,15.5927,23.7876,78.6815,1.732,36.3707,1.1013,3.0955,0.3922,0.0052,23.6435,24.4785,68.1152,0.0,0.0,0.0,0.0
PRF,45.996,-77.427,-4,2007,6,6,23,5.667,99.1,2.749,0.0,0.35,55.82,0.0,5.3363,20.929,15.5927,25.0527,77.6671,1.732,36.3707,1.052,3.0955,0.3747,0.0048,27.403,27.8637,65.9856,0.0,0.0,0.0,0.0
PRF,45.996,-77.427,-4,2007,6,7,0,5.059,99.7,2.511,0.0,0.35,53.98,0.0,5.3296,20.9417,15.6121,26.203,76.7576,1.732,36.3707,0.9702,3.0955,0.3456,0.0041,29.6916,29.9505,63.8431,0.0,0.0,0.0,0.0
PRF,45.996,-77.427,-4,2007,6,7,1,4.649,99.8,1.753,0.0,0.35,53.98,0.0,5.3296,20.9417,15.6121,27.1573,76.0121,1.732,36.3707,0.888,3.0955,0.3163,0.0035,31.009,31.1587,63.1315,0.0,0.0,0.0,0.0
PRF,45.996,-77.427,-4,2007,6,7,2,4.786,99.8,1.465,0.0,0.35,53.98,0.0,5.3296,20.9417,15.6121,27.9567,75.394,1.732,36.3707,0.8428,3.0955,0.3002,0.0032,31.7489,31.8359,62.7221,0.0,0.0,0.0,0.0
PRF,45.996,-77.427,-4,2007,6,7,3,4.035,99.8,2.172,0.0,0.35,53.98,0.0,5.3296,20.9417,15.6121,28.6622,74.853,1.732,36.3707,0.8472,3.0955,0.3018,0.0033,32.2669,32.3173,62.4055,0.0,0.0,0.0,0.0
PRF,45.996,-77.427,-4,2007,6,7,4,3.693,99.7,1.285,0.0,0.35,53.98,0.0,5.3296,20.9417,15.6121,29.2232,74.426,1.732,36.3707,0.7923,3.0955,0.2822,0.0029,32.5613,32.5914,62.2659,0.0,0.0,0.0,0.0
PRF,45.996,-77.427,-4,2007,6,7,5,3.25,99.8,1.091,0.0,0.35,53.98,0.0,5.3296,20.9417,15.6121,29.7185,74.0512,1.732,36.3707,0.7703,3.0955,0.2744,0.0028,32.8094,32.8276,62.1303,0.0,0.0,0.0,0.0
PRF,45.996,-77.427,-4,2007,6,7,6,4.991,99.9,2.092,0.0,0.35,53.98,0.0002,5.3296,20.9417,15.6121,30.1635,73.7163,1.7321,36.633,0.7976,3.0981,0.2842,0.0029,32.8094,32.8276,62.1009,0.0,0.0,0.0,0.0
PRF,45.996,-77.427,-4,2007,6,7,7,7.125,99.8,5.755,0.0,0.35,53.98,0.001,5.3296,20.9417,15.6121,30.5216,73.448,1.7325,36.9274,0.9478,3.1012,0.3378,0.004,32.8094,32.8276,61.9795,0.0,0.0,0.0,0.0
PRF,45.996,-77.427,-4,2007,6,7,8,8.8,95.7,4.422,0.0,0.35,53.98,0.0394,5.3296,20.9417,15.6121,30.5135,73.454,1.7409,37.2469,0.8865,3.1175,0.3165,0.0036,32.3763,32.8276,62.2679,0.0,0.0,0.0,0.0
PRF,45.996,-77.427,-4,2007,6,7,9,9.13,93.2,3.646,0.0,0.35,53.98,0.0847,5.3296,20.9417,15.6121,30.4251,73.5201,1.7546,37.5713,0.855,3.1424,0.3061,0.0033,30.9218,32.5959,63.1086,0.0,0.0,0.0,0.0
PRF,45.996,-77.427,-4,2007,6,7,10,9.2,96.2,5.405,1.0,0.35,53.98,0.061,5.3296,20.9417,15.6121,43.5853,64.3483,1.7624,37.8968,0.6737,3.1577,0.2417,0.0022,209.7289,48.3591,4.316,0.0,0.0,1.0,0.0
PRF,45.996,-77.427,-4,2007,6,7,11,9.16,97.5,6.609,2.9,0.35,53.98,0.0467,5.3296,20.9417,15.6121,111.2032,31.9498,0.4225,33.9874,0.008,0.8195,0.002,0.0,217.5908,94.1724,2.9897,0.0,0.0,3.9,0.0
PRF,45.996,-77.427,-4,2007,6,7,12,9.78,94.6,9.23,0.7,0.35,53.98,0.1098,5.3296,20.9417,15.6121,121.6517,28.3968,0.0117,33.0784,0.0035,0.0234,0.0007,0.0,187.0709,96.0819,8.474,0.0,0.0,4.6,0.0
PRF,45.996,-77.427,-4,2007,6,7,13,12.09,88.0,14.37,0.0,0.35,53.98,0.2629,5.3296,20.9417,15.6121,112.0536,31.65,0.0439,33.4473,0.011,0.0876,0.0023,0.0,107.7096,75.6349,28.5734,0.0,0.0,4.6,1.0
PRF,45.996,-77.427,-4,2007,6,7,14,13.39,80.2,13.58,0.0,0.35,53.98,0.4053,5.3296,20.9417,15.6121,99.4424,36.3091,0.1028,33.8356,0.0322,0.204,0.007,0.0,55.4775,54.9055,49.7808,0.0,0.0,4.6,2.0
PRF,45.996,-77.427,-4,2007,6,7,15,15.18,71.45,18.57,0.0,0.35,53.98,0.5139,5.3296,20.9417,15.6121,83.8405,42.7769,0.199,34.2508,0.1456,0.3923,0.0334,0.0001,29.02,37.1031,63.1325,0.0,0.0,4.6,3.0
PRF,45.996,-77.427,-4,2007,6,7,16,16.95,67.42,15.38,0.0,0.35,53.98,0.5151,5.3296,20.9417,15.6121,70.1537,49.2149,0.3216,34.6926,0.3223,0.6286,0.0783,0.0003,18.7533,27.2916,67.6667,3.1631,11.4772,4.6,4.0
PRF,45.996,-77.427,-4,2007,6,7,17,17.83,58.79,16.27,0.0,0.35,53.98,0.4791,5.3296,20.9417,15.6121,57.2818,56.0559,0.4847,35.1475,0.6942,0.9371,0.1801,0.0013,14.855,21.2206,68.652,5.8441,15.8621,0.0,0.0
PRF,45.996,-77.427,-4,2007,6,7,18,18.11,56.98,18.7,0.0,0.35,53.98,0.3683,5.3296,20.9417,15.6121,46.7864,62.3054,0.6577,35.6067,1.1966,1.2573,0.3295,0.0038,14.2463,18.4361,68.2421,7.1647,17.3173,0.0,0.0
PRF,45.996,-77.427,-4,2007,6,7,19,17.9,59.3,14.84,0.0,0.35,53.98,0.2322,5.3296,20.9417,15.6121,39.6312,66.9683,0.8194,36.0627,1.1974,1.5507,0.3464,0.0042,14.2463,17.7035,69.1297,5.671,15.6473,0.0,0.0
PRF,45.996,-77.427,-4,2007,6,7,20,17.12,64.25,13.79,0.0,0.35,53.98,0.0965,5.3296,20.9417,15.6121,34.8543,70.2853,0.9553,36.507,1.2644,1.7933,0.3798,0.0049,14.8273,17.7035,69.1983,4.9369,14.6571,0.0,0.0
PRF,45.996,-77.427,-4,2007,6,7,21,15.63,70.81,10.67,0.0,0.35,53.98,0.0,5.3296,20.9417,15.6121,32.0507,72.3144,0.9553,36.507,1.1593,1.7933,0.3483,0.0042,16.7327,17.8452,69.2008,2.9395,10.9535,0.0,0.0
PRF,45.996,-77.427,-4,2007,6,7,22,14.58,75.73,9.44,0.0,0.35,53.98,0.0,5.3296,20.9417,15.6121,30.2708,73.6358,0.9553,36.507,1.1508,1.7933,0.3457,0.0042,18.334,18.7796,68.8094,0.8697,3.2909,0.0,0.0
PRF,45.996,-77.427,-4,2007,6,7,23,13.93,77.37,11.34,0.0,0.35,53.98,0.0,5.3296,20.9417,15.6121,28.8504,74.7094,0.9553,36.507,1.3345,1.7933,0.4009,0.0054,19.3553,19.531,68.117,2.0143,8.2539,0.0,0.0
PRF,45.996,-77.427,-4,2007,6,8,0,13.28,83.9,9.56,0.0,0.35,52.14,0.0,5.3236,20.9539,15.6303,28.1659,75.2331,0.9553,36.507,1.2555,1.7933,0.3772,0.0048,21.0737,21.145,66.671,0.8949,3.3861,0.0,0.0
PRF,45.996,-77.427,-4,2007,6,8,1,12.7,85.1,9.72,0.0,0.35,52.14,0.0,5.3236,20.9539,15.6303,27.6549,75.6267,0.9553,36.507,1.2953,1.7933,0.3891,0.0051,22.1149,22.1442,66.2059,0.5874,2.2228,0.0,0.0
PRF,45.996,-77.427,-4,2007,6,8,2,12.12,87.1,9.35,0.0,0.35,52.14,0.0,5.3236,20.9539,15.6303,27.3397,75.8706,0.9553,36.507,1.2906,1.7933,0.3877,0.0051,23.0821,23.0943,65.8205,0.0,0.0,0.0,0.0
PRF,45.996,-77.427,-4,2007,6,8,3,11.99,88.4,8.36,0.0,0.35,52.14,0.0,5.3236,20.9539,15.6303,27.1361,76.0286,0.9553,36.507,1.2401,1.7933,0.3725,0.0047,23.8153,23.8205,65.5871,0.0,0.0,0.0,0.0
PRF,45.996,-77.427,-4,2007,6,8,4,11.78,90.3,8.88,0.0,0.35,52.14,0.0,5.3236,20.9539,15.6303,27.0461,76.0985,0.9553,36.507,1.2788,1.7933,0.3842,0.005,24.6549,24.6571,65.1418,0.0,0.0,0.0,0.0
PRF,45.996,-77.427,-4,2007,6,8,5,11.82,91.1,10.06,0.0,0.35,52.14,0.0,5.3236,20.9539,15.6303,26.9972,76.1366,0.9553,36.507,1.3605,1.7933,0.4087,0.0056,25.2336,25.2346,64.758,0.0,0.0,0.0,0.0
PRF,45.996,-77.427,-4,2007,6,8,6,12.87,89.4,10.1,0.0,0.35,52.14,0.0244,5.3236,20.9539,15.6303,26.8473,76.2534,0.9856,36.8875,1.3738,1.8477,0.4161,0.0058,25.2336,25.2346,64.7543,0.0,0.0,0.0,0.0
PRF,45.996,-77.427,-4,2007,6,8,7,14.17,86.6,10.63,0.0,0.35,52.14,0.0891,5.3236,20.9539,15.6303,26.5091,76.5176,1.0277,37.2876,1.4363,1.9229,0.4399,0.0064,24.3224,25.2346,65.123,0.0,0.0,0.0,0.0
PRF,45.996,-77.427,-4,2007,6,8,8,16.27,81.5,11.79,0.0,0.35,52.14,0.2055,5.3236,20.9539,15.6303,25.7701,77.0985,1.0945,37.7191,1.5875,2.041,0.4945,0.0078,21.5195,24.3176,66.193,0.9703,3.6714,0.0,0.0
PRF,45.996,-77.427,-4,2007,6,8,9,19.03,74.89,9.96,0.0,0.35,52.14,0.3748,5.3236,20.9539,15.6303,24.5654,78.056,1.2006,38.1921,1.5621,2.2263,0.4993,0.008,17.3243,22.3254,68.0733,2.1503,8.7206,0.0,0.0
PRF,45.996,-77.427,-4,2007,6,8,10,20.09,75.16,10.53,0.0,0.35,52.14,0.476,5.3236,20.9539,15.6303,23.506,78.9093,1.3114,38.6809,1.7342,2.4179,0.5686,0.01,14.9153,21.1447,68.7725,3.1287,11.3991,0.0,0.0
PRF,45.996,-77.427,-4,2007,6,8,11,23.84,67.04,9.8,0.0,0.35,52.14,0.6673,5.3236,20.9539,15.6303,21.8213,80.2883,1.4858,39.226,1.9189,2.7146,0.6533,0.0128,11.1916,18.7138,69.9771,4.1415,13.4023,0.0,0.0
PRF,45.996,-77.427,-4,2007,6,8,12,26.52,62.19,9.19,0.0,0.35,52.14,0.774,5.3236,20.9539,15.6303,19.9628,81.8417,1.7085,39.8113,2.2199,3.0858,0.7898,0.0179,8.6262,16.5554,70.7284,5.0435,14.8097,0.0,0.0
PRF,45.996,-77.427,-4,2007,6,8,13,28.16,61.85,8.6,0.0,0.35,52.14,0.811,5.3236,20.9539,15.6303,18.4406,83.14,1.9469,40.4212,2.533,3.4754,0.941,0.0244,7.5201,15.4366,71.1151,5.2152,15.0488,0.0,0.0
PRF,45.996,-77.427,-4,2007,6,8,14,29.97,53.4,12.53,0.0,0.35,52.14,0.8199,5.3236,20.9539,15.6303,16.4341,84.8883,2.257,41.0583,3.8978,3.9686,2.474,0.1352,6.8954,13.5598,70.1576,8.7474,18.7429,0.0,0.0
PRF,45.996,-77.427,-4,2007,6,8,15,31.09,50.26,16.55,0.0,0.35,52.14,0.7714,5.3236,20.9539,15.6303,14.6601,86.47,2.6003,41.7121,5.9514,4.4994,4.3733,0.3705,6.8954,12.423,69.0122,11.7191,20.832,0.0,0.0
PRF,45.996,-77.427,-4,2007,6,8,16,30.34,53.05,14.45,0.0,0.35,52.14,0.68,5.3236,20.9539,15.6303,13.8626,87.1925,2.9165,42.3547,5.9326,4.9764,4.5602,0.399,6.8954,12.423,69.6148,10.1914,19.8343,0.0,0.0
PRF,45.996,-77.427,-4,2007,6,8,17,20.26,86.1,12.84,4.8,0.35,52.14,0.2944,5.3236,20.9539,15.6303,97.6103,37.0259,1.1385,36.9505,0.0362,2.1142,0.0114,0.0,111.2177,66.5747,27.0161,0.0,0.0,4.8,0.0
PRF,45.996,-77.427,-4,2007,6,8,18,20.23,94.9,9.21,0.9,0.35,52.14,0.1005,5.3236,20.9539,15.6303,112.2578,31.5782,0.2747,35.8319,0.0083,0.539,0.002,0.0,169.4058,72.3101,11.8258,0.0,0.0,5.7,0.0
PRF,45.996,-77.427,-4,2007,6,8,19,19.51,98.3,5.546,8.9,0.35,52.14,0.0226,5.3236,20.9539,15.6303,208.5536,6.9304,0.0074,20.7161,0.0,0.0147,0.0,0.0,223.5648,213.5762,1.807,0.0,0.0,14.6,0.0
PRF,45.996,-77.427,-4,2007,6,8,20,18.52,100.0,4.97,0.2,0.35,52.14,0.0,5.3236,20.9539,15.6303,211.6594,6.3556,0.0,20.8374,0.0,0.0,0.0,0.0,250.0,217.0048,0.0,0.0,0.0,14.8,0.0
PRF,45.996,-77.427,-4,2007,6,8,21,18.12,99.9,3.241,0.0,0.35,52.14,0.0,5.3236,20.9539,15.6303,211.501,6.3847,0.0,20.8374,0.0,0.0,0.0,0.0,249.3585,216.4615,0.0,0.0,0.0,14.8,1.0
PRF,45.996,-77.427,-4,2007,6,8,22,18.16,94.8,7.169,0.0,0.35,52.14,0.0,5.3236,20.9539,15.6303,202.1117,8.1553,0.0,20.8374,0.0,0.0,0.0,0.0,213.8209,186.2471,3.3965,0.0,0.0,14.8,2.0
PRF,45.996,-77.427,-4,2007,6,8,23,16.73,87.8,12.6,0.0,0.35,52.14,0.0,5.3236,20.9539,15.6303,182.0061,12.2862,0.0,20.8374,0.0,0.0,0.0,0.0,151.4689,133.0279,15.9071,0.0,0.0,14.8,3.0
PRF,45.996,-77.427,-4,2007,6,9,0,15.4,88.9,9.99,0.0,0.35,50.3,0.0,5.3182,20.9656,15.6474,167.2249,15.66,0.0,20.8374,0.0,0.0,0.0,0.0,116.2102,102.9728,25.0472,0.0,0.0,14.8,4.0
PRF,45.996,-77.427,-4,2007,6,9,1,14.72,75.05,10.44,0.0,0.35,50.3,0.0,5.3182,20.9656,15.6474,144.5749,21.4931,0.0,20.8374,0.0004,0.0,0.0001,0.0,75.4852,67.9313,39.4562,0.0,0.0,0.0,0.0
PRF,45.996,-77.427,-4,2007,6,9,2,12.88,82.8,6.488,0.0,0.35,50.3,0.0,5.3182,20.9656,15.6474,132.0163,25.1349,0.0,20.8374,0.0011,0.0,0.0002,0.0,59.8579,54.613,46.3588,0.0,0.0,0.0,0.0
PRF,45.996,-77.427,-4,2007,6,9,3,11.35,90.8,4.483,0.0,0.35,50.3,0.0,5.3182,20.9656,15.6474,126.0784,26.9734,0.0,20.8374,0.0018,0.0,0.0004,0.0,54.3576,50.0394,49.0113,0.0,0.0,0.0,0.0
PRF,45.996,-77.427,-4,2007,6,9,4,10.06,95.3,5.364,0.0,0.35,50.3,0.0,5.3182,20.9656,15.6474,122.9855,27.963,0.0,20.8374,0.0025,0.0,0.0005,0.0,52.0695,48.1999,50.1439,0.0,0.0,0.0,0.0
PRF,45.996,-77.427,-4,2007,6,9,5,8.49,98.9,5.799,0.0,0.35,50.3,0.0,5.3182,20.9656,15.6474,122.2706,28.195,0.0,20.8374,0.0028,0.0,0.0006,0.0,51.6463,47.8797,50.3541,0.0,0.0,0.0,0.0
PRF,45.996,-77.427,-4,2007,6,9,6,9.21,96.3,5.581,0.0,0.35,50.3,0.0076,5.3182,20.9656,15.6474,119.9418,28.9592,0.0076,21.163,0.0034,0.0151,0.0007,0.0,49.808,46.6801,51.2838,0.0,0.0,0.0,0.0
PRF,45.996,-77.427,-4,2007,6,9,7,11.45,86.5,8.02,0.0,0.35,50.3,0.0779,5.3182,20.9656,15.6474,111.4994,31.8452,0.0419,21.5223,0.0084,0.0834,0.0017,0.0,40.9695,41.2582,55.8608,0.0,0.0,0.0,0.0
PRF,45.996,-77.427,-4,2007,6,9,8,14.03,78.08,5.261,0.0,0.35,50.3,0.2092,5.3182,20.9656,15.6474,100.7591,35.8005,0.1102,21.9202,0.0189,0.2176,0.0041,0.0,30.2206,34.7541,61.668,0.0,0.0,0.0,0.0
PRF,45.996,-77.427,-4,2007,6,9,9,15.9,69.71,7.311,0.0,0.35,50.3,0.3731,5.3182,20.9656,15.6474,87.3779,41.2351,0.2171,22.3462,0.0629,0.4239,0.0146,0.0,20.9084,28.0167,66.0295,0.0,0.0,0.0,0.0
PRF,45.996,-77.427,-4,2007,6,9,10,17.63,56.34,8.24,0.0,0.35,50.3,0.5633,5.3182,20.9656,15.6474,72.3367,48.1343,0.388,22.7982,0.1953,0.7442,0.0487,0.0001,14.0529,21.8784,68.4198,1.9384,7.9793,0.0,0.0
PRF,45.996,-77.427,-4,2007,6,9,11,19.23,50.26,6.125,0.0,0.35,50.3,0.6903,5.3182,20.9656,15.6474,59.4375,54.8508,0.6003,23.2741,0.3742,1.1279,0.1007,0.0005,10.0859,18.1592,69.9995,2.0029,8.2131,0.0,0.0
PRF,45.996,-77.427,-4,2007,6,9,12,20.53,42.56,6.79,0.0,0.35,50.3,0.7815,5.3182,20.9656,15.6474,47.7105,61.7281,0.8621,23.7696,0.6369,1.5808,0.1851,0.0014,7.7726,15.4301,70.391,3.087,11.3032,0.0,0.0
PRF,45.996,-77.427,-4,2007,6,9,13,20.77,45.29,8.93,0.0,0.35,50.3,0.8017,5.3182,20.9656,15.6474,38.7192,67.5885,1.1144,24.2686,0.9078,1.9992,0.2811,0.0029,7.7005,14.5991,69.8538,4.621,14.1847,0.0,0.0
PRF,45.996,-77.427,-4,2007,6,9,14,21.55,40.0,5.654,0.0,0.35,50.3,0.8036,5.3182,20.9656,15.6474,31.8101,72.4914,1.4014,24.7794,0.9065,2.4556,0.2987,0.0032,6.6068,13.6237,70.9318,2.4686,9.7065,0.0,0.0
PRF,45.996,-77.427,-4,2007,6,9,15,22.2,36.21,4.423,0.0,0.35,50.3,0.7597,5.3182,20.9656,15.6474,26.3683,76.6279,1.7158,25.2999,1.0586,2.9341,0.37,0.0047,6.0514,12.7454,71.3708,1.6033,6.6235,0.0,0.0
PRF,45.996,-77.427,-4,2007,6,9,16,23.12,34.99,4.954,0.0,0.35,50.3,0.6769,5.3182,20.9656,15.6474,22.0017,80.1393,2.0495,25.8342,1.4796,3.4205,0.5464,0.0093,6.0514,12.1142,71.231,1.7851,7.391,0.0,0.0
PRF,45.996,-77.427,-4,2007,6,9,17,23.5,36.59,5.344,0.0,0.35,50.3,0.5604,5.3182,20.9656,15.6474,18.8447,82.793,2.3803,26.3742,2.0565,3.8842,0.7972,0.0182,6.0514,12.0069,71.1278,2.2785,9.1342,0.0,0.0
PRF,45.996,-77.427,-4,2007,6,9,18,23.29,36.35,4.15,0.0,0.35,50.3,0.4229,5.3182,20.9656,15.6474,16.632,84.7139,2.7094,26.911,2.495,4.3291,1.084,0.0314,6.405,11.9808,71.3657,1.4532,5.9216,0.0,0.0
PRF,45.996,-77.427,-4,2007,6,9,19,23.15,34.61,3.504,0.0,0.35,50.3,0.2744,5.3182,20.9656,15.6474,14.9381,86.2198,3.0454,27.4458,2.977,4.7681,1.8353,0.0797,7.0317,11.8055,71.387,1.1591,4.3063,0.0,0.0
PRF,45.996,-77.427,-4,2007,6,9,20,22.03,59.44,1.117,0.0,0.35,50.3,0.1142,5.3182,20.9656,15.6474,14.9381,86.2198,3.2438,27.9637,2.6396,5.0291,1.5258,0.0575,10.0338,13.0374,71.1114,0.3064,1.1593,0.0,0.0
PRF,45.996,-77.427,-4,2007,6,9,21,15.19,84.5,1.198,0.0,0.35,50.3,0.0,5.3182,20.9656,15.6474,16.0817,85.1997,3.2438,27.9637,2.2985,5.0291,0.9912,0.0268,16.3367,17.7512,68.7732,0.1199,0.4538,0.0,0.0
PRF,45.996,-77.427,-4,2007,6,9,22,12.27,94.4,2.153,0.0,0.35,50.3,0.0,5.3182,20.9656,15.6474,18.0791,83.4519,3.2438,27.9637,1.9059,5.0291,0.8219,0.0192,22.0152,22.6942,66.0717,0.0,0.0,0.0,0.0
PRF,45.996,-77.427,-4,2007,6,9,23,10.81,98.8,2.282,0.0,0.35,50.3,0.0,5.3182,20.9656,15.6474,20.396,81.4765,3.2438,27.9637,1.5009,5.0291,0.6473,0.0126,26.2669,26.6029,63.9085,0.0,0.0,0.0,0.0
PRF,45.996,-77.427,-4,2007,6,10,0,10.61,98.7,4.344,0.0,0.35,48.56,0.0,5.3136,20.9768,15.6632,22.3754,79.8317,3.2438,27.9637,1.3897,5.0291,0.5993,0.011,28.4576,28.6161,61.7782,0.0,0.0,0.0,0.0
PRF,45.996,-77.427,-4,2007,6,10,1,9.31,99.4,1.643,0.0,0.35,48.56,0.0,5.3136,20.9768,15.6632,23.9291,78.5673,3.2438,27.9637,1.0741,5.0291,0.4632,0.007,29.7929,29.8759,61.2107,0.0,0.0,0.0,0.0
PRF,45.996,-77.427,-4,2007,6,10,2,8.22,99.8,3.693,0.0,0.35,48.56,0.0,5.3136,20.9768,15.6632,25.3789,77.4079,3.2438,27.9637,1.0808,5.0291,0.4661,0.007,30.8018,30.8441,60.5887,0.0,0.0,0.0,0.0
PRF,45.996,-77.427,-4,2007,6,10,3,9.51,98.1,4.73,0.0,0.35,48.56,0.0,5.3136,20.9768,15.6632,26.2572,76.715,3.2438,27.9637,1.0817,5.0291,0.4665,0.0071,30.8018,30.8441,60.5436,0.0,0.0,0.0,0.0
PRF,45.996,-77.427,-4,2007,6,10,4,7.023,99.6,2.554,0.0,0.35,48.56,0.0,5.3136,20.9768,15.6632,27.2064,75.974,3.2438,27.9637,0.9223,5.0291,0.3978,0.0053,31.3671,31.3898,60.3345,0.0,0.0,0.0,0.0
PRF,45.996,-77.427,-4,2007,6,10,5,6.692,99.9,1.536,0.0,0.35,48.56,0.0,5.3136,20.9768,15.6632,28.0172,75.3474,3.2438,27.9637,0.8435,5.0291,0.3638,0.0045,31.7952,31.8079,60.1418,0.0,0.0,0.0,0.0
PRF,45.996,-77.427,-4,2007,6,10,6,6.935,99.9,2.502,0.0,0.35,48.56,0.0002,5.3136,20.9768,15.6632,28.7262,74.8042,3.2439,28.2553,0.8592,5.041,0.3709,0.0047,32.0059,32.0202,59.995,0.0,0.0,0.0,0.0
PRF,45.996,-77.427,-4,2007,6,10,7,10.71,92.6,4.369,0.0,0.35,48.56,0.0446,5.3136,20.9768,15.6632,28.6705,74.8467,3.2615,28.6034,0.9461,5.0761,0.4096,0.0056,31.0429,31.7394,60.4331,0.0,0.0,0.0,0.0
PRF,45.996,-77.427,-4,2007,6,10,8,13.56,80.8,6.586,0.0,0.35,48.56,0.1872,5.3136,20.9768,15.6632,27.8651,75.4645,3.3193,28.9943,1.0954,5.1614,0.4778,0.0074,25.6894,28.9783,63.0055,0.0,0.0,0.0,0.0
PRF,45.996,-77.427,-4,2007,6,10,9,17.26,68.59,5.719,0.0,0.35,48.56,0.3965,5.3136,20.9768,15.6632,26.2109,76.7514,3.4397,29.4407,1.1399,5.3242,0.504,0.0081,18.3277,24.5147,66.3448,0.2544,0.9627,0.0,0.0
PRF,45.996,-77.427,-4,2007,6,10,10,19.95,56.98,4.632,0.0,0.35,48.56,0.586,5.3136,20.9768,15.6632,23.949,78.5513,3.6302,29.9275,1.2469,5.571,0.5626,0.0098,12.2182,20.1104,68.6734,0.7393,2.7974,0.0,0.0
PRF,45.996,-77.427,-4,2007,6,10,11,22.95,40.92,4.416,0.0,0.35,48.56,0.7365,5.3136,20.9768,15.6632,20.7562,81.1744,3.9312,30.4592,1.6138,5.9444,0.75,0.0163,7.4557,15.5315,69.9835,1.1878,4.4809,0.0,0.0
PRF,45.996,-77.427,-4,2007,6,10,12,24.76,32.05,5.294,0.0,0.35,48.56,0.8128,5.3136,20.9768,15.6632,17.4197,84.0242,4.3047,31.0181,2.4081,6.3918,1.5797,0.0611,5.1664,12.3093,70.2236,2.1086,8.5806,0.0,0.0
PRF,45.996,-77.427,-4,2007,6,10,13,24.21,31.24,7.84,0.0,0.35,48.56,0.8375,5.3136,20.9768,15.6632,14.9333,86.2241,4.6743,31.5688,3.7062,6.8229,3.1572,0.2081,5.0993,11.2702,69.5374,4.4307,13.8844,0.0,0.0
PRF,45.996,-77.427,-4,2007,6,10,14,25.4,32.33,4.223,0.0,0.35,48.56,0.8254,5.3136,20.9768,15.6632,13.2917,87.714,5.0559,32.1373,3.8177,7.2574,3.3921,0.2363,4.5206,10.8903,70.6326,1.5634,6.4439,0.0,0.0
PRF,45.996,-77.427,-4,2007,6,10,15,25.61,31.24,5.829,0.0,0.35,48.56,0.7732,5.3136,20.9768,15.6632,11.9799,88.9267,5.4468,32.7089,4.9261,7.6915,4.6443,0.4121,4.5206,10.5903,70.1909,2.855,10.7452,0.0,0.0
PRF,45.996,-77.427,-4,2007,6,10,16,26.12,29.43,7.031,0.0,0.35,48.56,0.6862,5.3136,20.9768,15.6632,10.8698,89.9685,5.856,33.2882,6.0778,8.1345,5.8972,0.629,4.5206,10.1653,69.856,4.0066,13.1657,0.0,0.0
PRF,45.996,-77.427,-4,2007,6,10,17,26.46,32.09,6.97,0.0,0.35,48.56,0.5683,5.3136,20.9768,15.6632,10.2758,90.532,6.2549,33.8726,6.5683,8.5587,6.5079,0.7488,4.732,10.1653,69.8389,3.8623,12.9036,0.0,0.0
PRF,45.996,-77.427,-4,2007,6,10,18,26.43,31.24,4.626,0.0,0.35,48.56,0.4296,5.3136,20.9768,15.6632,9.8378,90.9502,6.6584,34.4566,6.1957,8.979,6.3066,0.7083,5.1088,10.1653,70.4144,1.5992,6.6053,0.0,0.0
PRF,45.996,-77.427,-4,2007,6,10,19,26.73,34.82,2.89,0.0,0.35,48.56,0.2787,5.3136,20.9768,15.6632,9.7465,91.0378,7.0451,35.045,5.748,9.3774,6.0017,0.6488,5.9702,10.1653,70.6961,0.9392,3.5538,0.0,0.0
PRF,45.996,-77.427,-4,2007,6,10,20,23.73,56.78,1.461,0.0,0.35,48.56,0.1197,5.3136,20.9768,15.6632,10.3937,90.4198,7.2728,35.5885,4.8969,9.6272,5.1999,0.5034,9.2163,11.8768,70.2216,0.3612,1.3669,0.0,0.0
PRF,45.996,-77.427,-4,2007,6,10,21,17.7,83.1,3.036,0.0,0.35,48.56,0.0,5.3136,20.9768,15.6632,12.571,88.3778,7.2728,35.5885,3.9551,9.6272,4.1613,0.3393,16.062,17.1464,67.6229,0.2518,0.9529,0.0,0.0
PRF,45.996,-77.427,-4,2007,6,10,22,15.4,89.9,3.041,0.0,0.35,48.56,0.0,5.3136,20.9768,15.6632,14.8757,86.276,7.2728,35.5885,2.9315,9.6272,2.9332,0.1827,20.6496,21.1157,65.6892,0.0,0.0,0.0,0.0
PRF,45.996,-77.427,-4,2007,6,10,23,13.67,94.8,2.696,0.0,0.35,48.56,0.0,5.3136,20.9768,15.6632,17.2719,84.1531,7.2728,35.5885,2.1493,9.6272,1.8745,0.0827,24.1798,24.3912,64.0459,0.0,0.0,0.0,0.0
PRF,45.996,-77.427,-4,2007,6,11,0,12.41,99.1,2.592,0.0,0.35,46.82,0.0,5.3096,20.9874,15.6778,19.9099,81.8865,7.2728,35.5885,1.6006,9.6272,0.946,0.0247,27.3784,27.4777,61.5548,0.0,0.0,0.0,0.0
PRF,45.996,-77.427,-4,2007,6,11,1,11.49,98.0,2.142,0.0,0.35,46.82,0.0,5.3096,20.9874,15.6778,21.7363,80.3586,7.2728,35.5885,1.3144,9.6272,0.7769,0.0174,28.5644,28.6129,60.9713,0.0,0.0,0.0,0.0
PRF,45.996,-77.427,-4,2007,6,11,2,10.95,97.6,3.945,0.0,0.35,46.82,0.0,5.3096,20.9874,15.6778,23.2186,79.1426,7.2728,35.5885,1.2722,9.6272,0.7519,0.0164,29.0984,29.1213,60.606,0.0,0.0,0.0,0.0
PRF,45.996,-77.427,-4,2007,6,11,3,10.54,98.3,3.976,0.0,0.35,46.82,0.0,5.3096,20.9874,15.6778,24.5385,78.0776,7.2728,35.5885,1.1576,9.6272,0.6842,0.0139,29.6525,29.6634,60.3213,0.0,0.0,0.0,0.0
PRF,45.996,-77.427,-4,2007,6,11,4,10.44,97.3,4.29,0.0,0.35,46.82,0.0,5.3096,20.9874,15.6778,25.4167,77.378,7.2728,35.5885,1.1113,9.6272,0.6568,0.0129,29.6525,29.6634,60.3059,0.0,0.0,0.0,0.0
PRF,45.996,-77.427,-4,2007,6,11,5,10.37,96.5,5.766,0.0,0.35,46.82,0.0,5.3096,20.9874,15.6778,26.0012,76.9162,7.2728,35.5885,1.1563,9.6272,0.6834,0.0139,29.6525,29.6634,60.2305,0.0,0.0,0.0,0.0
PRF,45.996,-77.427,-4,2007,6,11,6,9.89,97.4,3.416,0.0,0.35,46.82,0.0057,5.3096,20.9874,15.6778,26.6008,76.4458,7.2785,35.9243,0.9937,9.6627,0.5885,0.0106,29.6525,29.6975,60.3482,0.0,0.0,0.0,0.0
PRF,45.996,-77.427,-4,2007,6,11,7,13.36,82.7,6.192,0.0,0.35,46.82,0.1045,5.3096,20.9874,15.6778,26.1474,76.8013,7.3298,36.3122,1.1716,9.743,0.6969,0.0144,26.3939,28.0016,61.806,0.0,0.0,0.0,0.0
PRF,45.996,-77.427,-4,2007,6,11,8,16.35,70.44,6.401,0.0,0.35,46.82,0.2731,5.3096,20.9874,15.6778,24.9165,77.7756,7.4371,36.745,1.2757,9.8767,0.7644,0.0169,20.4035,24.3899,64.4613,0.0,0.0,0.0,0.0
PRF,45.996,-77.427,-4,2007,6,11,9,18.48,67.11,4.058,0.0,0.35,46.82,0.419,5.3096,20.9874,15.6778,23.6598,78.7848,7.5721,37.2097,1.2373,10.0376,0.7479,0.0163,15.6353,21.7171,66.6287,0.3147,1.1907,0.0,0.0
PRF,45.996,-77.427,-4,2007,6,11,10,22.92,52.21,3.938,0.0,0.35,46.82,0.6238,5.3096,20.9874,15.6778,21.3617,80.6693,7.8152,37.741,1.4884,10.2989,0.9124,0.0231,9.9357,17.6081,68.43,0.7018,2.6554,0.0,0.0
PRF,45.996,-77.427,-4,2007,6,11,11,25.13,45.9,2.701,0.0,0.35,46.82,0.7397,5.3096,20.9874,15.6778,19.047,82.62,8.1171,38.3054,1.7613,10.6122,1.4062,0.0497,6.6829,14.7996,69.5089,0.7032,2.6609,0.0,0.0
PRF,45.996,-77.427,-4,2007,6,11,12,26.53,42.93,4.367,0.0,0.35,46.82,0.8103,5.3096,20.9874,15.6778,16.8383,84.5326,8.4532,38.8909,2.461,10.954,2.5566,0.1433,5.421,13.0512,69.3435,1.2596,4.9005,0.0,0.0
PRF,45.996,-77.427,-4,2007,6,11,13,28.13,37.54,5.336,0.0,0.35,46.82,0.8422,5.3096,20.9874,15.6778,14.6414,86.4869,8.8432,39.5003,3.3904,11.3397,3.876,0.2992,4.4863,11.4928,69.2497,1.9961,8.1888,0.0,0.0
PRF,45.996,-77.427,-4,2007,6,11,14,28.78,35.23,5.579,0.0,0.35,46.82,0.8296,5.3096,20.9874,15.6778,12.8839,88.0888,9.2571,40.1195,4.3132,11.7413,5.1073,0.4876,4.1833,10.6312,69.2328,2.3097,9.2313,0.0,0.0
PRF,45.996,-77.427,-4,2007,6,11,15,29.6,32.94,5.936,0.0,0.35,46.82,0.7777,5.3096,20.9874,15.6778,11.4359,89.4353,9.6977,40.751,5.3281,12.1606,6.3967,0.7263,4.13,9.9387,69.1425,2.6606,10.2416,0.0,0.0
PRF,45.996,-77.427,-4,2007,6,11,16,28.37,33.79,7.586,0.0,0.35,46.82,0.6883,5.3096,20.9874,15.6778,10.6192,90.2057,10.1147,41.3641,6.4663,12.5546,7.7651,1.0236,4.13,9.9387,68.6819,4.0359,13.2178,0.0,0.0
PRF,45.996,-77.427,-4,2007,6,11,17,30.79,26.87,3.454,0.0,0.35,46.82,0.5722,5.3096,20.9874,15.6778,9.4354,91.3366,10.6146,42.0134,6.1708,13.0111,7.585,0.982,4.13,8.7228,69.8232,1.1622,4.3258,0.0,0.0
PRF,45.996,-77.427,-4,2007,6,11,18,30.25,27.52,4.098,0.0,0.35,46.82,0.4327,5.3096,20.9874,15.6778,8.7343,92.0144,11.1013,42.6547,7.0176,13.4508,8.6412,1.2368,4.13,8.6178,69.6481,1.3639,5.4684,0.0,0.0
PRF,45.996,-77.427,-4,2007,6,11,19,29.33,30.76,4.174,0.0,0.35,46.82,0.2813,5.3096,20.9874,15.6778,8.5661,92.1779,11.5522,43.2821,7.2093,13.8577,8.9781,1.3234,5.0049,8.6178,69.4719,1.2625,4.917,0.0,0.0
PRF,45.996,-77.427,-4,2007,6,11,20,26.16,61.79,1.978,0.0,0.35,46.82,0.1215,5.3096,20.9874,15.6778,9.7546,91.03,11.7741,43.862,5.4838,14.0915,7.1096,0.8757,9.2586,11.6237,69.04,0.4024,1.5225,0.0,0.0
PRF,45.996,-77.427,-4,2007,6,11,21,21.04,80.5,1.922,0.0,0.35,46.82,0.0,5.3096,20.9874,15.6778,11.8569,89.0413,11.7741,43.862,4.113,14.0915,5.4099,0.5399,15.2632,16.1733,67.1019,0.1725,0.6528,0.0,0.0
PRF,45.996,-77.427,-4,2007,6,11,22,18.8,89.5,1.856,0.0,0.35,46.82,0.0,5.3096,20.9874,15.6778,14.2882,86.806,11.7741,43.862,2.9768,14.0915,3.8523,0.296,19.8829,20.2501,65.2121,0.0039,0.0149,0.0,0.0
PRF,45.996,-77.427,-4,2007,6,11,23,17.79,91.3,2.321,0.0,0.35,46.82,0.0,5.3096,20.9874,15.6778,16.3968,84.9212,11.7741,43.862,2.3408,14.0915,2.8931,0.1783,22.4002,22.5497,64.0158,0.0,0.0,0.0,0.0
PRF,45.996,-77.427,-4,2007,6,12,0,17.41,89.0,3.966,0.0,0.35,45.08,0.0,5.3062,20.9975,15.6912,17.7914,83.701,11.7741,43.862,2.1577,14.0915,2.5998,0.1476,22.8611,22.9198,62.7281,0.0,0.0,0.0,0.0
PRF,45.996,-77.427,-4,2007,6,12,1,16.32,92.3,3.125,0.0,0.35,45.08,0.0,5.3062,20.9975,15.6912,19.2551,82.4424,11.7741,43.862,1.7598,14.0915,1.9199,0.0863,24.1311,24.1554,62.2147,0.0,0.0,0.0,0.0
PRF,45.996,-77.427,-4,2007,6,12,2,15.71,90.9,3.404,0.0,0.35,45.08,0.0,5.3062,20.9975,15.6912,20.2052,81.6372,11.7741,43.862,1.6185,14.0915,1.6542,0.0663,24.343,24.3533,62.0927,0.0,0.0,0.0,0.0
PRF,45.996,-77.427,-4,2007,6,12,3,15.36,91.1,3.846,0.0,0.35,45.08,0.0,5.3062,20.9975,15.6912,20.9808,80.9866,11.7741,43.862,1.5349,14.0915,1.4845,0.0547,24.5434,24.5477,61.9635,0.0,0.0,0.0,0.0
PRF,45.996,-77.427,-4,2007,6,12,4,15.26,87.5,3.062,0.0,0.35,45.08,0.0,5.3062,20.9975,15.6912,21.1686,80.83,11.7741,43.862,1.4498,14.0915,1.2917,0.0428,24.5434,24.5477,62.0247,0.0,0.0,0.0,0.0
PRF,45.996,-77.427,-4,2007,6,12,5,14.83,84.6,7.264,0.0,0.35,45.08,0.0,5.3062,20.9975,15.6912,21.1686,80.83,11.7741,43.862,1.7916,14.0915,1.9773,0.0909,24.5434,24.5477,61.6733,0.0,0.0,0.0,0.0
PRF,45.996,-77.427,-4,2007,6,12,6,15.06,81.5,8.36,0.0,0.35,45.08,0.0428,5.3062,20.9975,15.6912,21.1686,80.83,11.8359,44.2754,1.8934,14.1891,2.1699,0.1072,23.5924,24.0926,61.9802,0.0,0.0,0.0,0.0
PRF,45.996,-77.427,-4,2007,6,12,7,17.41,73.68,8.67,0.0,0.35,45.08,0.1618,5.3062,20.9975,15.6912,20.7963,81.1408,11.9377,44.7241,1.9919,14.3198,2.357,0.1241,20.3969,22.355,63.2284,0.0,0.0,0.0,0.0
PRF,45.996,-77.427,-4,2007,6,12,8,19.85,66.5,8.91,0.0,0.35,45.08,0.3188,5.3062,20.9975,15.6912,20.0059,81.8053,12.0853,45.2093,2.1792,14.4882,2.693,0.1571,16.3436,20.0333,64.5956,0.8418,3.185,0.0,0.0
PRF,45.996,-77.427,-4,2007,6,12,9,23.39,53.74,7.874,0.0,0.35,45.08,0.5048,5.3062,20.9975,15.6912,18.4208,83.1571,12.3255,45.7477,2.4474,14.7297,3.1599,0.2084,11.4539,16.7275,66.1572,1.6557,6.8536,0.0,0.0
PRF,45.996,-77.427,-4,2007,6,12,10,26.8,45.39,5.839,0.0,0.35,45.08,0.6491,5.3062,20.9975,15.6912,16.4477,84.8763,12.6504,46.3372,2.7776,15.0374,3.7209,0.2784,7.55,13.8495,67.495,1.524,6.2616,0.0,0.0
PRF,45.996,-77.427,-4,2007,6,12,11,29.43,36.32,7.292,0.0,0.35,45.08,0.7544,5.3062,20.9975,15.6912,14.0197,87.0496,13.0664,46.9661,4.0528,15.4129,5.6188,0.5774,5.1092,11.1913,67.5529,2.9352,10.9431,0.0,0.0
PRF,45.996,-77.427,-4,2007,6,12,12,31.2,28.23,6.482,0.0,0.35,45.08,0.8204,5.3062,20.9975,15.6912,11.5688,89.3108,13.5636,47.6216,5.3796,15.8448,7.444,0.9499,3.3789,9.0471,68.0308,2.9207,10.9077,0.0,0.0
PRF,45.996,-77.427,-4,2007,6,12,13,31.58,27.83,8.57,0.0,0.35,45.08,0.8466,5.3062,20.9975,15.6912,9.884,90.906,14.0695,48.2828,7.5104,16.2795,10.0816,1.6249,3.2781,8.4404,67.4538,4.4968,13.9901,0.0,0.0
PRF,45.996,-77.427,-4,2007,6,12,14,32.6,23.15,7.845,0.0,0.35,45.08,0.8329,5.3062,20.9975,15.6912,8.3433,92.3951,14.6257,48.9593,8.9441,16.7454,11.7988,2.1465,2.7006,7.4011,67.7327,4.2391,13.5687,0.0,0.0
PRF,45.996,-77.427,-4,2007,6,12,15,32.77,23.67,9.1,0.0,0.35,45.08,0.7799,5.3062,20.9975,15.6912,7.4326,93.2892,15.181,49.6384,10.802,17.2064,13.8805,2.8617,2.7006,7.2582,67.3709,5.1749,14.9934,0.0,0.0
PRF,45.996,-77.427,-4,2007,6,12,16,32.5,23.63,7.028,0.0,0.35,45.08,0.6914,5.3062,20.9975,15.6912,6.9304,93.7868,15.732,50.3134,10.4297,17.6595,13.6755,2.7873,2.7006,7.2582,67.9669,3.5954,12.3923,0.0,0.0
PRF,45.996,-77.427,-4,2007,6,12,17,32.7,24.28,7.366,0.0,0.35,45.08,0.5735,5.3062,20.9975,15.6912,6.6651,94.051,16.2817,50.9914,11.0051,18.1083,14.4298,3.0652,2.7429,7.2582,67.8648,3.8483,12.8777,0.0,0.0
PRF,45.996,-77.427,-4,2007,6,12,18,32.4,25.34,8.02,0.0,0.35,45.08,0.4342,5.3062,20.9975,15.6912,6.6155,94.1004,16.8187,51.6649,11.4519,18.5449,15.0479,3.3014,3.3302,7.2582,67.6035,4.0856,13.3051,0.0,0.0
PRF,45.996,-77.427,-4,2007,6,12,19,31.44,27.11,5.676,0.0,0.35,45.08,0.2829,5.3062,20.9975,15.6912,6.6155,94.1004,17.3274,52.324,10.1761,18.9589,13.884,2.863,4.2081,7.2582,68.1315,2.0556,8.3987,0.0,0.0
PRF,45.996,-77.427,-4,2007,6,12,20,28.1,49.79,3.063,0.0,0.35,45.08,0.1283,5.3062,20.9975,15.6912,7.6519,93.0729,17.6407,52.933,7.7313,19.2462,11.242,1.9704,7.6281,9.5812,68.148,0.6111,2.3124,0.0,0.0
PRF,45.996,-77.427,-4,2007,6,12,21,22.34,65.51,2.671,0.0,0.35,45.08,0.0,5.3062,20.9975,15.6912,9.336,91.4323,17.6407,52.933,6.0133,19.2462,9.1162,1.3597,12.1627,12.9189,67.0218,0.329,1.245,0.0,0.0
PRF,45.996,-77.427,-4,2007,6,12,22,19.39,78.63,3.598,0.0,0.35,45.08,0.0,5.3062,20.9975,15.6912,11.4834,89.3908,17.6407,52.933,4.7057,19.2462,7.3485,0.9284,16.3109,16.6017,65.4671,0.2037,0.7709,0.0,0.0
PRF,45.996,-77.427,-4,2007,6,12,23,18.33,83.5,2.796,0.0,0.35,45.08,0.0,5.3062,20.9975,15.6912,13.437,87.5809,17.6407,52.933,3.4858,19.2462,5.5392,0.5629,18.9601,19.077,64.5427,0.0453,0.1714,0.0,0.0
PRF,45.996,-77.427,-4,2007,6,13,0,17.04,86.4,3.556,0.0,0.35,43.34,0.0,5.3036,21.007,15.7034,15.2288,85.9592,17.6407,52.933,2.8774,19.2462,4.5589,0.3988,20.8692,20.9165,62.7098,0.0,0.0,0.0,0.0
PRF,45.996,-77.427,-4,2007,6,13,1,15.91,91.0,3.013,0.0,0.35,43.34,0.0,5.3036,21.007,15.7034,17.0877,84.3141,17.6407,52.933,2.2317,19.2462,3.4401,0.2423,22.961,22.981,61.8482,0.0,0.0,0.0,0.0
PRF,45.996,-77.427,-4,2007,6,13,2,14.79,94.1,2.643,0.0,0.35,43.34,0.0,5.3036,21.007,15.7034,18.9323,82.7181,17.6407,52.933,1.7779,19.2462,2.585,0.1461,24.8917,24.9006,60.9866,0.0,0.0,0.0,0.0
PRF,45.996,-77.427,-4,2007,6,13,3,14.45,94.5,4.342,0.0,0.35,43.34,0.0,5.3036,21.007,15.7034,20.5159,81.3758,17.6407,52.933,1.6456,19.2462,2.3197,0.1206,25.9499,25.9536,60.3667,0.0,0.0,0.0,0.0
PRF,45.996,-77.427,-4,2007,6,13,4,13.5,96.6,2.447,0.0,0.35,43.34,0.0,5.3036,21.007,15.7034,22.0213,80.1232,17.6407,52.933,1.3018,19.2462,1.5638,0.06,27.1913,27.193,59.8934,0.0,0.0,0.0,0.0
PRF,45.996,-77.427,-4,2007,6,13,5,13.43,96.2,2.7,0.0,0.35,43.34,0.0,5.3036,21.007,15.7034,23.1548,79.1946,17.6407,52.933,1.2008,19.2462,1.2952,0.043,27.6374,27.6382,59.6602,0.0,0.0,0.0,0.0
PRF,45.996,-77.427,-4,2007,6,13,6,13.5,96.7,2.501,0.0,0.35,43.34,0.0091,5.3036,21.007,15.7034,24.1341,78.4022,17.6506,53.323,1.1052,19.3163,0.9802,0.0263,27.6629,27.9999,59.6588,0.0,0.0,0.0,0.0
PRF,45.996,-77.427,-4,2007,6,13,7,15.68,91.6,1.522,0.0,0.35,43.34,0.0664,5.3036,21.007,15.7034,24.1341,78.4022,17.6798,53.7457,1.052,19.403,0.9356,0.0242,26.871,27.9999,60.1041,0.0,0.0,0.0,0.0
PRF,45.996,-77.427,-4,2007,6,13,8,20.71,73.77,2.788,0.0,0.35,43.34,0.2945,5.3036,21.007,15.7034,23.2911,79.0837,17.8004,54.2438,1.1934,19.5567,1.3089,0.0438,19.6227,24.4689,63.3161,0.0139,0.0525,0.0,0.0
PRF,45.996,-77.427,-4,2007,6,13,9,22.81,66.19,4.404,0.0,0.35,43.34,0.466,5.3036,21.007,15.7034,21.9268,80.2011,17.9716,54.7735,1.4486,19.7461,1.9546,0.0891,13.695,20.6702,65.2247,0.3602,1.3629,0.0,0.0
PRF,45.996,-77.427,-4,2007,6,13,10,24.55,51.76,8.48,0.0,0.35,43.34,0.6339,5.3036,21.007,15.7034,19.5515,82.1902,18.2345,55.3292,2.2343,19.995,3.5426,0.2552,9.5126,16.3793,65.4357,1.9337,7.9622,0.0,0.0
PRF,45.996,-77.427,-4,2007,6,13,11,25.92,48.15,9.41,0.0,0.35,43.34,0.7404,5.3036,21.007,15.7034,17.3879,84.052,18.5329,55.9055,2.9741,20.2683,4.8801,0.4499,7.5869,14.1618,65.5627,2.7235,10.4084,0.0,0.0
PRF,45.996,-77.427,-4,2007,6,13,12,26.91,47.74,10.22,0.0,0.35,43.34,0.8075,5.3036,21.007,15.7034,15.7145,85.5257,18.8451,56.4967,3.7889,20.5519,6.2477,0.6966,6.792,13.228,65.4806,3.2829,11.7428,0.0,0.0
PRF,45.996,-77.427,-4,2007,6,13,13,27.69,46.0,9.54,0.0,0.35,43.34,0.8373,5.3036,21.007,15.7034,14.3849,86.7185,19.177,57.0995,4.3302,20.8488,7.1333,0.8808,6.1027,12.6044,65.7617,3.2521,11.6755,0.0,0.0
PRF,45.996,-77.427,-4,2007,6,13,14,28.92,42.25,6.061,0.0,0.35,43.34,0.8285,5.3036,21.007,15.7034,13.1883,87.8089,19.5478,57.7208,4.2454,21.1711,7.0683,0.8667,4.949,11.7611,66.8577,1.8618,7.6913,0.0,0.0
PRF,45.996,-77.427,-4,2007,6,13,15,30.69,39.52,5.6,0.0,0.35,43.34,0.7786,5.3036,21.007,15.7034,12.0352,88.8751,19.9599,58.3687,4.8337,21.5212,8.0177,1.0833,4.4585,10.8336,67.057,1.6587,6.8665,0.0,0.0
PRF,45.996,-77.427,-4,2007,6,13,16,30.01,44.06,6.484,0.0,0.35,43.34,0.6888,5.3036,21.007,15.7034,11.6192,89.2635,20.3325,59.0063,5.3438,21.8458,8.8249,1.2837,4.4585,10.8336,66.8198,2.2239,8.9609,0.0,0.0
PRF,45.996,-77.427,-4,2007,6,13,17,30.11,42.42,7.079,0.0,0.35,43.34,0.5721,5.3036,21.007,15.7034,11.2192,89.639,20.7174,59.6455,5.8114,22.1772,9.5586,1.4787,4.8035,10.8336,66.6087,2.478,9.7336,0.0,0.0
PRF,45.996,-77.427,-4,2007,6,13,18,29.22,48.66,11.47,0.0,0.35,43.34,0.431,5.3036,21.007,15.7034,11.2192,89.639,21.0505,60.2713,7.2506,22.4759,11.5592,2.0699,6.6353,10.8336,65.1748,3.8191,12.8234,0.0,0.0
PRF,45.996,-77.427,-4,2007,6,13,19,28.27,52.04,6.719,0.0,0.35,43.34,0.2794,5.3036,21.007,15.7034,11.2192,89.639,21.3515,60.8828,5.7069,22.7537,9.5454,1.475,7.9928,11.0588,66.1563,1.6136,6.6696,0.0,0.0
PRF,45.996,-77.427,-4,2007,6,13,20,27.11,62.54,2.37,0.0,0.35,43.34,0.1248,5.3036,21.007,15.7034,11.7307,89.1592,21.5769,61.477,4.2787,22.9855,7.4675,0.9552,10.2969,12.4708,66.5986,0.31,1.173,0.0,0.0
PRF,45.996,-77.427,-4,2007,6,13,21,22.55,80.6,2.972,0.0,0.35,43.34,0.0,5.3036,21.007,15.7034,13.4271,87.59,21.674,62.0027,3.5214,23.1324,6.2624,0.6995,15.7439,16.4989,64.7844,0.1684,0.6372,0.0,0.0
PRF,45.996,-77.427,-4,2007,6,13,22,22.28,66.1,8.14,0.0,0.35,43.34,0.0,5.3036,21.007,15.7034,13.7689,87.2778,21.674,62.0027,4.3696,23.1324,7.6379,0.9941,15.7439,16.4989,63.9382,0.7428,2.8106,0.0,0.0
PRF,45.996,-77.427,-4,2007,6,13,23,20.71,66.65,8.37,0.0,0.35,43.34,0.0,5.3036,21.007,15.7034,14.1106,86.967,21.674,62.0027,4.229,23.1324,7.4167,0.9437,15.7439,16.4989,63.898,0.7716,2.9196,0.0,0.0
PRF,45.996,-77.427,-4,2007,6,14,0,18.78,73.68,7.586,0.0,0.35,41.6,0.0,5.3016,21.0159,15.7143,14.8333,86.3141,21.674,62.0027,3.7058,23.1324,6.5703,0.7615,17.0265,17.2995,62.6635,0.4003,1.5145,0.0,0.0
PRF,45.996,-77.427,-4,2007,6,14,1,17.31,77.98,6.339,0.0,0.35,41.6,0.0,5.3016,21.0159,15.7143,15.6703,85.565,21.674,62.0027,3.133,23.1324,5.5957,0.5732,18.4125,18.5175,62.3802,0.1595,0.6036,0.0,0.0
PRF,45.996,-77.427,-4,2007,6,14,2,14.08,92.5,4.38,0.0,0.35,41.6,0.0,5.3016,21.0159,15.7143,17.6717,83.805,21.674,62.0027,2.2336,23.1324,3.9356,0.3074,22.5944,22.6395,60.9661,0.0,0.0,0.0,0.0
PRF,45.996,-77.427,-4,2007,6,14,3,12.18,97.0,2.377,0.0,0.35,41.6,0.0,5.3016,21.0159,15.7143,19.7896,81.9883,21.674,62.0027,1.6029,23.1324,2.6322,0.1508,25.8714,25.8929,59.6465,0.0,0.0,0.0,0.0
PRF,45.996,-77.427,-4,2007,6,14,4,11.6,98.2,1.764,0.0,0.35,41.6,0.0,5.3016,21.0159,15.7143,21.6494,80.4306,21.674,62.0027,1.2997,23.1324,1.9305,0.0871,27.8634,27.874,58.7249,0.0,0.0,0.0,0.0
PRF,45.996,-77.427,-4,2007,6,14,5,10.61,98.8,2.093,0.0,0.35,41.6,0.0,5.3016,21.0159,15.7143,23.2762,79.0959,21.674,62.0027,1.1537,23.1324,1.5519,0.0592,29.1734,29.1787,58.0654,0.0,0.0,0.0,0.0
PRF,45.996,-77.427,-4,2007,6,14,6,10.98,97.9,2.108,0.0,0.35,41.6,0.005,5.3016,21.0159,15.7143,24.4347,78.1607,21.6791,62.3549,1.0611,23.1964,1.2776,0.042,29.2798,29.4758,58.0123,0.0,0.0,0.0,0.0
PRF,45.996,-77.427,-4,2007,6,14,7,15.82,86.6,3.771,0.0,0.35,41.6,0.0975,5.3016,21.0159,15.7143,24.3407,78.2361,21.7262,62.7797,1.1613,23.2967,1.5876,0.0616,26.5865,28.3892,59.2189,0.0,0.0,0.0,0.0
PRF,45.996,-77.427,-4,2007,6,14,8,18.54,72.97,5.662,0.0,0.35,41.6,0.2802,5.3016,21.0159,15.7143,23.4247,78.9753,21.8375,63.2453,1.3654,23.4408,2.1175,0.1026,20.0758,24.6123,61.8527,0.0,0.0,0.0,0.0
PRF,45.996,-77.427,-4,2007,6,14,9,19.98,61.25,11.74,0.0,0.35,41.6,0.4608,5.3016,21.0159,15.7143,21.6773,80.4074,22.0093,63.7325,2.1432,23.6234,3.8156,0.291,14.6999,20.1418,62.5838,1.4507,5.9093,0.0,0.0
PRF,45.996,-77.427,-4,2007,6,14,10,21.42,58.21,8.13,0.0,0.35,41.6,0.596,5.3016,21.0159,15.7143,20.1332,81.6979,22.2081,64.2413,2.0686,23.8253,3.6885,0.2741,11.3042,17.7427,64.1278,1.2837,5.0355,0.0,0.0
PRF,45.996,-77.427,-4,2007,6,14,11,23.5,56.27,8.17,0.0,0.35,41.6,0.7106,5.3016,21.0159,15.7143,18.6521,82.9582,22.4362,64.7813,2.4216,24.0494,4.4158,0.3769,9.1341,16.1353,64.5733,1.6337,6.7579,0.0,0.0
PRF,45.996,-77.427,-4,2007,6,14,12,23.77,52.62,7.967,0.0,0.35,41.6,0.7836,5.3016,21.0159,15.7143,17.3092,84.1206,22.6862,65.3254,2.791,24.2867,5.1478,0.4945,7.8858,15.0831,64.8532,1.8053,7.4711,0.0,0.0
PRF,45.996,-77.427,-4,2007,6,14,13,25.06,41.43,10.35,0.0,0.35,41.6,0.8339,5.3016,21.0159,15.7143,15.4097,85.7974,23.0121,65.8888,3.9612,24.5706,7.2426,0.9049,6.5545,13.1346,64.4654,2.9168,10.8982,0.0,0.0
PRF,45.996,-77.427,-4,2007,6,14,14,25.88,41.33,8.25,0.0,0.35,41.6,0.823,5.3016,21.0159,15.7143,14.0587,87.0141,23.3491,66.4645,4.2318,24.8626,7.7399,1.0177,5.944,12.4066,65.0993,2.3367,9.3142,0.0,0.0
PRF,45.996,-77.427,-4,2007,6,14,15,25.75,45.97,7.062,0.0,0.35,41.6,0.7663,5.3016,21.0159,15.7143,13.4369,87.581,23.658,67.0382,4.3218,25.1379,7.9368,1.064,5.944,12.4066,65.4056,1.8618,7.6913,0.0,0.0
PRF,45.996,-77.427,-4,2007,6,14,16,25.58,49.68,6.127,0.0,0.35,41.6,0.675,5.3016,21.0159,15.7143,13.2173,87.7823,23.9438,67.6094,4.2434,25.3995,7.8561,1.0449,5.944,12.4066,65.6443,1.4566,5.9382,0.0,0.0
PRF,45.996,-77.427,-4,2007,6,14,17,25.13,49.96,5.307,0.0,0.35,41.6,0.5586,5.3016,21.0159,15.7143,13.0981,87.8917,24.2229,68.1739,4.1359,25.6561,7.724,1.014,6.4385,12.4066,65.765,0.996,3.7686,0.0,0.0
PRF,45.996,-77.427,-4,2007,6,14,18,24.69,55.65,5.008,0.0,0.35,41.6,0.4156,5.3016,21.0159,15.7143,13.0981,87.8917,24.466,68.7317,4.0741,25.8912,7.6616,0.9996,7.7867,12.5834,65.5818,0.7021,2.6566,0.0,0.0
PRF,45.996,-77.427,-4,2007,6,14,19,23.33,71.88,1.015,0.0,0.35,41.6,0.2372,5.3016,21.0159,15.7143,13.718,87.3242,24.6117,69.2692,3.0718,26.0681,5.9214,0.6335,10.4047,14.7188,65.822,0.1266,0.4791,0.0,0.0
PRF,45.996,-77.427,-4,2007,6,14,20,22.61,74.2,1.738,0.0,0.35,41.6,0.1049,5.3016,21.0159,15.7143,14.3673,86.7344,24.7412,69.7958,2.9292,26.2339,5.6777,0.5881,13.0976,16.0392,64.8855,0.144,0.545,0.0,0.0
PRF,45.996,-77.427,-4,2007,6,14,21,19.04,88.4,1.248,0.0,0.35,41.6,0.0,5.3016,21.0159,15.7143,16.0266,85.2485,24.7902,70.2689,2.3199,26.3449,4.4951,0.389,18.5821,19.7998,62.9703,0.0223,0.0842,0.0,0.0
PRF,45.996,-77.427,-4,2007,6,14,22,16.49,98.2,1.604,0.0,0.35,41.6,0.0,5.3016,21.0159,15.7143,18.8258,82.8093,24.7902,70.2689,1.7068,26.3449,3.1784,0.2106,24.1984,24.7253,60.4841,0.0,0.0,0.0,0.0
PRF,45.996,-77.427,-4,2007,6,14,23,15.17,99.3,2.171,0.0,0.35,41.6,0.0,5.3016,21.0159,15.7143,21.2677,80.7474,24.7902,70.2689,1.3734,26.3449,2.3912,0.1273,27.2285,27.4603,59.0109,0.0,0.0,0.0,0.0
PRF,45.996,-77.427,-4,2007,6,15,0,14.42,99.9,2.561,0.0,0.35,39.86,0.0,5.3003,21.0242,15.724,23.3349,79.0482,24.7902,70.2689,1.1759,26.3449,1.8821,0.0833,28.9083,29.0112,57.3107,0.0,0.0,0.0,0.0
PRF,45.996,-77.427,-4,2007,6,15,1,13.23,99.9,2.347,0.0,0.35,39.86,0.0,5.3003,21.0242,15.724,24.9288,77.7658,24.7902,70.2689,1.0391,26.3449,1.4885,0.055,29.8012,29.8488,56.8884,0.0,0.0,0.0,0.0
PRF,45.996,-77.427,-4,2007,6,15,2,12.75,99.9,2.418,0.0,0.35,39.86,0.0,5.3003,21.0242,15.724,26.1974,76.762,24.7902,70.2689,0.966,26.3449,1.2377,0.0397,30.2792,30.3014,56.6524,0.0,0.0,0.0,0.0
PRF,45.996,-77.427,-4,2007,6,15,3,11.73,99.9,2.284,0.0,0.35,39.86,0.0,5.3003,21.0242,15.724,27.2071,75.9734,24.7902,70.2689,0.9099,26.3449,0.9853,0.0265,30.6388,30.6495,56.4822,0.0,0.0,0.0,0.0
PRF,45.996,-77.427,-4,2007,6,15,4,11.02,99.9,2.29,0.0,0.35,39.86,0.0,5.3003,21.0242,15.724,28.0262,75.3405,24.7902,70.2689,0.8758,26.3449,0.9484,0.0248,30.9068,30.9121,56.3505,0.0,0.0,0.0,0.0
PRF,45.996,-77.427,-4,2007,6,15,5,10.09,99.8,2.809,0.0,0.35,39.86,0.0,5.3003,21.0242,15.724,28.6921,74.8302,24.7902,70.2689,0.8738,26.3449,0.9462,0.0247,31.1268,31.1294,56.2223,0.0,0.0,0.0,0.0
PRF,45.996,-77.427,-4,2007,6,15,6,10.84,99.9,2.072,0.0,0.35,39.86,0.0002,5.3003,21.0242,15.724,29.227,74.4231,24.7904,70.619,0.8243,26.4063,0.894,0.0223,31.1603,31.1723,56.2344,0.0,0.0,0.0,0.0
PRF,45.996,-77.427,-4,2007,6,15,7,13.63,99.9,1.334,0.0,0.35,39.86,0.0008,5.3003,21.0242,15.724,29.5876,74.1501,24.7907,71.011,0.7835,26.4748,0.8512,0.0205,31.1603,31.1723,56.2619,0.0,0.0,0.0,0.0
PRF,45.996,-77.427,-4,2007,6,15,8,17.04,88.0,2.106,0.0,0.35,39.86,0.1564,5.3003,21.0242,15.724,29.175,74.4626,24.8361,71.4541,0.8273,26.5776,0.9012,0.0226,26.9418,29.954,58.274,0.0,0.0,0.0,0.0
PRF,45.996,-77.427,-4,2007,6,15,9,19.95,78.23,3.015,0.0,0.35,39.86,0.359,5.3003,21.0242,15.724,27.9528,75.397,24.9325,71.9408,0.9114,26.7169,0.9961,0.027,19.4936,26.5941,61.4569,0.0146,0.0552,0.0,0.0
PRF,45.996,-77.427,-4,2007,6,15,10,22.98,67.49,4.273,0.0,0.35,39.86,0.5706,5.3003,21.0242,15.724,25.7699,77.0986,25.0984,72.473,1.087,26.9039,1.6767,0.0679,12.6703,21.8802,63.5692,0.2956,1.1183,0.0,0.0
PRF,45.996,-77.427,-4,2007,6,15,11,25.51,58.35,8.79,0.0,0.35,39.86,0.7194,5.3003,21.0242,15.724,22.7119,79.556,25.3343,73.0432,1.6909,27.1376,3.2181,0.2153,9.1012,17.411,63.4368,1.5392,6.3325,0.0,0.0
PRF,45.996,-77.427,-4,2007,6,15,12,26.7,52.82,7.152,0.0,0.35,39.86,0.8002,5.3003,21.0242,15.724,19.9963,81.8134,25.6139,73.6312,1.9964,27.3994,3.9296,0.3066,7.0065,14.9485,64.196,1.4413,5.8627,0.0,0.0
PRF,45.996,-77.427,-4,2007,6,15,13,27.45,44.57,6.226,0.0,0.35,39.86,0.8385,5.3003,21.0242,15.724,17.3993,84.042,25.9517,74.2304,2.5298,27.6962,5.0868,0.4841,5.5177,13.0337,64.6675,1.3383,5.3332,0.0,0.0
PRF,45.996,-77.427,-4,2007,6,15,14,28.27,37.54,6.004,0.0,0.35,39.86,0.8304,5.3003,21.0242,15.724,14.9712,86.1901,26.3437,74.842,3.3626,28.0255,6.748,0.7984,4.6347,11.4422,64.8575,1.3727,5.5145,0.0,0.0
PRF,45.996,-77.427,-4,2007,6,15,15,28.41,34.58,6.897,0.0,0.35,39.86,0.7791,5.3003,21.0242,15.724,13.045,87.9405,26.7563,75.4556,4.5124,28.3662,8.8375,1.287,4.6347,10.5986,64.6245,1.7579,7.2812,0.0,0.0
PRF,45.996,-77.427,-4,2007,6,15,16,29.6,27.86,6.798,0.0,0.35,39.86,0.693,5.3003,21.0242,15.724,11.1023,89.7491,27.2304,76.0871,5.8209,28.7436,11.0239,1.9033,4.274,9.2235,64.7003,1.7851,7.3909,0.0,0.0
PRF,45.996,-77.427,-4,2007,6,15,17,29.57,31.58,7.939,0.0,0.35,39.86,0.5753,5.3003,21.0242,15.724,10.1234,90.6772,27.6795,76.7182,7.0416,29.1059,12.9323,2.5248,4.274,9.2235,64.3978,2.2586,9.0715,0.0,0.0
PRF,45.996,-77.427,-4,2007,6,15,18,28.58,36.21,5.354,0.0,0.35,39.86,0.4357,5.3003,21.0242,15.724,9.9145,90.8768,28.0842,77.3344,6.3602,29.4402,11.999,2.2113,5.009,9.2235,64.9688,1.0138,3.836,0.0,0.0
PRF,45.996,-77.427,-4,2007,6,15,19,27.49,39.83,6.881,0.0,0.35,39.86,0.2843,5.3003,21.0242,15.724,9.9145,90.8768,28.4514,77.9342,6.869,29.7504,12.8291,2.4893,6.5208,9.4536,64.3432,1.4285,5.7994,0.0,0.0
PRF,45.996,-77.427,-4,2007,6,15,20,25.13,47.71,6.554,0.0,0.35,39.86,0.1305,5.3003,21.0242,15.724,10.117,90.6834,28.7432,78.4987,6.5727,30.0127,12.4461,2.3593,8.8594,10.6766,63.9995,1.0229,3.8704,0.0,0.0
PRF,45.996,-77.427,-4,2007,6,15,21,20.23,75.89,1.419,0.0,0.35,39.86,0.0,5.3003,21.0242,15.724,11.7364,89.1539,28.8514,78.9896,4.0754,30.1613,8.3835,1.1723,14.1632,14.9167,63.6078,0.0871,0.3296,0.0,0.0
PRF,45.996,-77.427,-4,2007,6,15,22,17.55,85.4,2.069,0.0,0.35,39.86,0.0,5.3003,21.0242,15.724,13.7344,87.3092,28.8514,78.9896,3.2324,30.1613,6.8086,0.8111,18.4926,18.81,61.9597,0.0311,0.1178,0.0,0.0
PRF,45.996,-77.427,-4,2007,6,15,23,16.22,90.5,1.422,0.0,0.35,39.86,0.0,5.3003,21.0242,15.724,15.7421,85.5012,28.8514,78.9896,2.4238,30.1613,5.1601,0.4966,21.6412,21.7825,60.734,0.0,0.0,0.0,0.0
PRF,45.996,-77.427,-4,2007,6,16,0,15.07,92.8,2.526,0.0,0.35,38.12,0.0,5.2996,21.032,15.7324,17.683,83.7951,28.8514,78.9896,2.0317,30.1613,4.2962,0.359,23.8776,23.9397,58.7588,0.0,0.0,0.0,0.0
PRF,45.996,-77.427,-4,2007,6,16,1,14.25,96.3,1.857,0.0,0.35,38.12,0.0,5.2996,21.032,15.7324,19.6943,82.069,28.8514,78.9896,1.5768,30.1613,3.2207,0.2156,26.0305,26.0589,57.8369,0.0,0.0,0.0,0.0
PRF,45.996,-77.427,-4,2007,6,16,2,13.7,97.6,2.68,0.0,0.35,38.12,0.0,5.2996,21.032,15.7324,21.5779,80.4898,28.8514,78.9896,1.3698,30.1613,2.6958,0.1574,27.5666,27.5794,57.0769,0.0,0.0,0.0,0.0
PRF,45.996,-77.427,-4,2007,6,16,3,13.46,98.8,2.429,0.0,0.35,38.12,0.0,5.2996,21.032,15.7324,23.2957,79.08,28.8514,78.9896,1.1716,30.1613,2.1615,0.1064,28.7302,28.7361,56.5435,0.0,0.0,0.0,0.0
PRF,45.996,-77.427,-4,2007,6,16,4,12.75,99.8,1.845,0.0,0.35,38.12,0.0,5.2996,21.032,15.7324,24.8354,77.8403,28.8514,78.9896,1.0194,30.1613,1.7148,0.0706,29.7216,29.7244,56.0976,0.0,0.0,0.0,0.0
PRF,45.996,-77.427,-4,2007,6,16,5,11.97,99.7,2.776,0.0,0.35,38.12,0.0,5.2996,21.032,15.7324,26.0897,76.8466,28.8514,78.9896,0.9896,30.1613,1.6207,0.0639,30.2705,30.2718,55.7942,0.0,0.0,0.0,0.0
PRF,45.996,-77.427,-4,2007,6,16,6,12.18,98.3,2.084,0.0,0.35,38.12,0.0044,5.2996,21.032,15.7324,26.7774,76.3079,28.856,79.3598,0.9206,30.2312,1.3914,0.0488,30.2705,30.2718,55.8234,0.0,0.0,0.0,0.0
PRF,45.996,-77.427,-4,2007,6,16,7,16.46,89.9,1.242,0.0,0.35,38.12,0.0806,5.2996,21.032,15.7324,26.6716,76.3905,28.8929,79.7942,0.8872,30.3301,1.2706,0.0416,28.2914,29.679,56.8102,0.0,0.0,0.0,0.0
PRF,45.996,-77.427,-4,2007,6,16,8,19.59,75.14,2.182,0.0,0.35,38.12,0.2776,5.2996,21.032,15.7324,25.6593,77.1859,29.0011,80.2756,0.9847,30.4765,1.6273,0.0644,21.0569,26.0857,59.9901,0.0,0.0,0.0,0.0
PRF,45.996,-77.427,-4,2007,6,16,9,22.47,62.13,3.556,0.0,0.35,38.12,0.4782,5.2996,21.032,15.7324,23.6641,78.7813,29.19,80.8001,1.206,30.6754,2.295,0.1183,13.6692,21.0521,62.4367,0.1826,0.6908,0.0,0.0
PRF,45.996,-77.427,-4,2007,6,16,10,25.03,57.63,3.804,0.0,0.35,38.12,0.6247,5.2996,21.032,15.7324,21.5013,80.5533,29.4254,81.3631,1.4597,30.9068,2.9885,0.1889,9.3948,17.508,63.4986,0.3259,1.233,0.0,0.0
PRF,45.996,-77.427,-4,2007,6,16,11,26.46,47.02,8.24,0.0,0.35,38.12,0.7437,5.2996,21.032,15.7324,18.6588,82.9525,29.7366,81.9475,2.4284,31.1838,5.2876,0.5185,7.1567,14.2749,62.91,1.4801,6.0527,0.0,0.0
PRF,45.996,-77.427,-4,2007,6,16,12,27.69,43.99,12.02,0.0,0.35,38.12,0.8134,5.2996,21.032,15.7324,16.1384,85.1495,30.0809,82.5503,3.9379,31.4821,8.3439,1.1625,6.4777,12.6078,62.0596,2.5263,9.8715,0.0,0.0
PRF,45.996,-77.427,-4,2007,6,16,13,28.82,45.05,7.243,0.0,0.35,38.12,0.8414,5.2996,21.032,15.7324,14.5568,86.5632,30.4325,83.1701,3.7729,31.7872,8.0823,1.0988,5.3474,12.1049,63.4292,1.4938,6.1182,0.0,0.0
PRF,45.996,-77.427,-4,2007,6,16,14,28.61,45.01,9.69,0.0,0.35,38.12,0.8278,5.2996,21.032,15.7324,13.4436,87.5749,30.7817,83.7868,4.9294,32.0901,10.2174,1.6638,5.3474,11.9998,62.8013,2.2194,8.9462,0.0,0.0
PRF,45.996,-77.427,-4,2007,6,16,15,28.03,46.27,12.28,0.0,0.35,38.12,0.7738,5.2996,21.032,15.7324,12.8033,88.1632,31.1161,84.3947,6.1105,32.3832,12.2339,2.2885,5.3474,11.9998,62.1249,2.9229,10.913,0.0,0.0
PRF,45.996,-77.427,-4,2007,6,16,16,28.3,47.23,11.8,0.0,0.35,38.12,0.6868,5.2996,21.032,15.7324,12.4255,88.5125,31.4476,85.0067,6.2711,32.6753,12.5502,2.3943,5.6393,11.9998,62.2175,2.7092,10.3707,0.0,0.0
PRF,45.996,-77.427,-4,2007,6,16,17,28.58,47.06,9.87,0.0,0.35,38.12,0.5713,5.2996,21.032,15.7324,12.1523,88.7661,31.7835,85.6229,5.9009,32.9703,12.0137,2.2161,5.9862,11.9998,62.6725,2.1186,8.6144,0.0,0.0
PRF,45.996,-77.427,-4,2007,6,16,18,27.01,49.51,14.11,0.0,0.35,38.12,0.4302,5.2996,21.032,15.7324,12.1523,88.7661,32.0863,86.2156,7.3065,33.243,14.2777,3.0082,7.5916,11.9998,61.3896,2.6648,10.2528,0.0,0.0
PRF,45.996,-77.427,-4,2007,6,16,19,25.47,52.86,7.854,0.0,0.35,38.12,0.2778,5.2996,21.032,15.7324,12.1523,88.7661,32.3528,86.7851,5.3309,33.4919,11.1622,1.9458,8.8793,12.0227,62.7084,1.1494,4.2464,0.0,0.0
PRF,45.996,-77.427,-4,2007,6,16,20,23.94,52.75,9.86,0.0,0.35,38.12,0.1288,5.2996,21.032,15.7324,12.1523,88.7661,32.6039,87.3317,5.898,33.7282,12.1588,2.2637,10.4887,12.2968,61.9556,1.3012,5.1322,0.0,0.0
PRF,45.996,-77.427,-4,2007,6,16,21,22.68,60.33,5.415,0.0,0.35,38.12,0.0,5.2996,21.032,15.7324,12.4916,88.4512,32.8037,87.8594,4.506,33.9334,9.7841,1.541,12.7316,13.3829,62.3643,0.3787,1.4331,0.0,0.0
PRF,45.996,-77.427,-4,2007,6,16,22,22.11,64.87,4.56,0.0,0.35,38.12,0.0,5.2996,21.032,15.7324,12.9903,87.9909,32.8037,87.8594,4.0402,33.9334,8.9171,1.3076,14.1501,14.3881,62.1241,0.2131,0.8062,0.0,0.0
PRF,45.996,-77.427,-4,2007,6,16,23,21.9,67.73,4.902,0.0,0.35,38.12,0.0,5.2996,21.032,15.7324,13.5274,87.4982,32.8037,87.8594,3.8305,33.9334,8.5153,1.2051,15.0729,15.158,61.7921,0.1922,0.7271,0.0,0.0
PRF,45.996,-77.427,-4,2007,6,17,0,20.95,72.71,3.255,0.0,0.35,36.38,0.0,5.2997,21.0391,15.7395,14.2128,86.8743,32.8037,87.8594,3.2254,33.9334,7.3101,0.9198,16.2278,16.2601,60.7308,0.0849,0.3214,0.0,0.0
PRF,45.996,-77.427,-4,2007,6,17,1,19.46,82.9,2.156,0.0,0.35,36.38,0.0,5.2997,21.0391,15.7395,15.4337,85.776,32.8037,87.8594,2.6134,33.9334,6.0093,0.6503,18.6365,18.6494,60.0243,0.021,0.0796,0.0,0.0
PRF,45.996,-77.427,-4,2007,6,17,2,18.95,87.8,3.562,0.0,0.35,36.38,0.0,5.2997,21.0391,15.7395,16.9082,84.4713,32.8037,87.8594,2.3436,33.9334,5.4038,0.5388,20.8689,20.8738,59.0138,0.0,0.0,0.0,0.0
PRF,45.996,-77.427,-4,2007,6,17,3,19.46,85.7,4.254,0.0,0.35,36.38,0.0,5.2997,21.0391,15.7395,17.793,83.6997,32.8037,87.8594,2.1888,33.9334,5.0461,0.4773,21.1066,21.1084,58.8491,0.0,0.0,0.0,0.0
PRF,45.996,-77.427,-4,2007,6,17,4,19.62,86.4,6.175,0.0,0.35,36.38,0.0,5.2997,21.0391,15.7395,18.5522,83.0441,32.8037,87.8594,2.2142,33.9334,5.1054,0.4873,21.3473,21.3479,58.5517,0.0,0.0,0.0,0.0
PRF,45.996,-77.427,-4,2007,6,17,5,19.11,90.3,6.923,0.0,0.35,36.38,0.0,5.2997,21.0391,15.7395,19.6346,82.1197,32.8037,87.8594,2.048,33.9334,4.7134,0.423,22.6314,22.6316,57.9845,0.0,0.0,0.0,0.0
PRF,45.996,-77.427,-4,2007,6,17,6,18.23,87.6,8.42,0.0,0.35,36.38,0.0373,5.2997,21.0391,15.7395,20.1006,81.7254,32.8539,88.3204,2.1059,34.0461,4.8624,0.447,22.6314,22.6316,57.8281,0.0,0.0,0.0,0.0
PRF,45.996,-77.427,-4,2007,6,17,7,18.09,77.33,8.14,0.0,0.35,36.38,0.1526,5.2997,21.0391,15.7395,20.0424,81.7745,32.9449,88.7792,2.0886,34.1802,4.8347,0.4425,20.3293,21.9711,58.6874,0.0,0.0,0.0,0.0
PRF,45.996,-77.427,-4,2007,6,17,8,19.14,66.02,5.306,0.0,0.35,36.38,0.3151,5.2997,21.0391,15.7395,19.483,82.2484,33.0893,89.2538,1.9177,34.3458,4.4377,0.3802,16.3613,20.0879,60.3859,0.1521,0.5755,0.0,0.0
PRF,45.996,-77.427,-4,2007,6,17,9,19.47,61.93,11.03,0.0,0.35,36.38,0.4532,5.2997,21.0391,15.7395,18.7226,82.8977,33.2538,89.7334,2.7755,34.5232,6.434,0.7338,13.8244,18.4606,60.0716,0.9072,3.4325,0.0,0.0
PRF,45.996,-77.427,-4,2007,6,17,10,20.32,53.2,10.08,0.0,0.35,36.38,0.6023,5.2997,21.0391,15.7395,17.6313,83.8401,33.4649,90.2257,2.9907,34.7281,6.9223,0.8352,11.1017,16.666,60.8306,1.0611,3.6754,0.0,0.0
PRF,45.996,-77.427,-4,2007,6,17,11,21.52,43.31,9.91,0.0,0.35,36.38,0.7265,5.2997,21.0391,15.7395,16.1423,85.1461,33.7358,90.736,3.539,34.9683,8.0893,1.1005,8.5708,14.6539,61.3126,1.3662,5.4808,0.0,0.0
PRF,45.996,-77.427,-4,2007,6,17,12,22.06,45.32,9.06,0.0,0.35,36.38,0.7884,5.2997,21.0391,15.7395,15.1476,86.0319,34.0036,91.2544,3.836,35.2084,8.7148,1.2555,7.6888,14.081,61.652,1.3438,5.3628,0.0,0.0
PRF,45.996,-77.427,-4,2007,6,17,13,23.67,39.49,9.11,0.0,0.35,36.38,0.8315,5.2997,21.0391,15.7395,13.936,87.1257,34.3215,91.7969,4.49,35.4797,10.0078,1.6039,6.4846,12.9196,61.817,1.5413,6.342,0.0,0.0
PRF,45.996,-77.427,-4,2007,6,17,14,23.56,41.06,7.724,0.0,0.35,36.38,0.8162,5.2997,21.0391,15.7395,13.2035,87.7949,34.6298,92.3378,4.6073,35.7453,10.2691,1.6787,6.3353,12.7579,62.1793,1.2531,4.8635,0.0,0.0
PRF,45.996,-77.427,-4,2007,6,17,15,25.3,31.58,9.67,0.0,0.35,36.38,0.777,5.2997,21.0391,15.7395,11.8788,89.0208,35.0141,92.9048,6.0595,36.0561,12.8828,2.5078,5.6057,11.1866,61.7937,1.8263,7.5539,0.0,0.0
PRF,45.996,-77.427,-4,2007,6,17,16,25.3,31.88,8.29,0.0,0.35,36.38,0.6899,5.2997,21.0391,15.7395,11.0228,89.824,35.3967,93.4718,6.3431,36.3655,13.4169,2.6947,5.6057,10.8072,62.1419,1.4969,6.1332,0.0,0.0
PRF,45.996,-77.427,-4,2007,6,17,17,25.13,31.82,8.4,0.0,0.35,36.38,0.5733,5.2997,21.0391,15.7395,10.4434,90.3726,35.7771,94.0363,6.8999,36.6728,14.3889,3.0498,5.6057,10.7255,62.1143,1.5239,6.2607,0.0,0.0
PRF,45.996,-77.427,-4,2007,6,17,18,25.44,30.55,6.812,0.0,0.35,36.38,0.4363,5.2997,21.0391,15.7395,9.9519,90.8411,36.1693,94.6054,6.8103,36.9868,14.3092,3.02,5.68,10.483,62.4999,1.1092,3.992,0.0,0.0
PRF,45.996,-77.427,-4,2007,6,17,19,22.99,35.5,7.95,0.0,0.35,36.38,0.2832,5.2997,21.0391,15.7395,9.9519,90.8411,36.4985,95.1377,7.2123,37.2605,15.0132,3.2879,7.0453,10.483,62.0172,1.2093,4.609,0.0,0.0
PRF,45.996,-77.427,-4,2007,6,17,20,22.37,42.46,3.579,0.0,0.35,36.38,0.1315,5.2997,21.0391,15.7395,10.0038,90.7915,36.7842,95.6608,5.7457,37.5097,12.6211,2.4183,8.6849,10.9445,62.7159,0.2819,1.0668,0.0,0.0
PRF,45.996,-77.427,-4,2007,6,17,21,17.0,64.3,2.006,0.0,0.35,36.38,0.0,5.2997,21.0391,15.7395,11.046,89.8021,36.919,96.1033,4.6071,37.6648,10.5801,1.7698,12.6656,13.7345,62.0296,0.1065,0.4031,0.0,0.0
PRF,45.996,-77.427,-4,2007,6,17,22,13.53,79.9,2.778,0.0,0.35,36.38,0.0,5.2997,21.0391,15.7395,12.7277,88.2329,36.919,96.1033,3.8236,37.6648,9.0453,1.341,17.0004,17.504,60.5358,0.0584,0.2208,0.0,0.0
PRF,45.996,-77.427,-4,2007,6,17,23,12.21,85.5,3.836,0.0,0.35,36.38,0.0,5.2997,21.0391,15.7395,14.5171,86.5991,36.919,96.1033,3.1939,37.6648,7.7285,1.0151,20.2665,20.5015,59.2172,0.0,0.0,0.0,0.0
PRF,45.996,-77.427,-4,2007,6,18,0,11.56,86.3,3.528,0.0,0.35,34.64,0.0,5.3004,21.0457,15.7453,15.9904,85.2807,36.919,96.1033,2.6139,37.6648,6.4336,0.7337,22.0125,22.1247,57.667,0.0,0.0,0.0,0.0
PRF,45.996,-77.427,-4,2007,6,18,1,10.5,91.9,2.407,0.0,0.35,34.64,0.0,5.3004,21.0457,15.7453,17.656,83.8186,36.919,96.1033,2.0259,37.6648,5.0173,0.4725,24.2022,24.2584,56.8564,0.0,0.0,0.0,0.0
PRF,45.996,-77.427,-4,2007,6,18,2,11.73,89.8,2.29,0.0,0.35,34.64,0.0,5.3004,21.0457,15.7453,18.789,82.8408,36.919,96.1033,1.7739,37.6648,4.3698,0.37,24.6374,24.6649,56.6779,0.0,0.0,0.0,0.0
PRF,45.996,-77.427,-4,2007,6,18,3,11.7,90.0,1.1,0.0,0.35,34.64,0.0,5.3004,21.0457,15.7453,19.6728,82.0873,36.919,96.1033,1.5212,37.6648,3.689,0.2742,24.8899,24.9039,56.6493,0.0,0.0,0.0,0.0
PRF,45.996,-77.427,-4,2007,6,18,4,12.04,91.7,2.678,0.0,0.35,34.64,0.0,5.3004,21.0457,15.7453,20.6364,81.2747,36.919,96.1033,1.4956,37.6648,3.6182,0.2649,25.4079,25.4146,56.3168,0.0,0.0,0.0,0.0
PRF,45.996,-77.427,-4,2007,6,18,5,11.66,94.2,2.158,0.0,0.35,34.64,0.0,5.3004,21.0457,15.7453,21.7128,80.378,36.919,96.1033,1.3182,37.6648,3.1143,0.2032,26.3818,26.3851,55.9205,0.0,0.0,0.0,0.0
PRF,45.996,-77.427,-4,2007,6,18,6,10.67,96.2,1.232,0.0,0.35,34.64,0.0087,5.3004,21.0457,15.7453,22.8279,79.4611,36.928,96.4508,1.1445,37.7361,2.6009,0.1477,27.2345,27.5324,55.5882,0.0,0.0,0.0,0.0
PRF,45.996,-77.427,-4,2007,6,18,7,13.16,91.6,1.897,0.0,0.35,34.64,0.0577,5.3004,21.0457,15.7453,23.1189,79.2238,36.9525,96.8357,1.1564,37.8224,2.643,0.1519,26.833,27.5324,55.7336,0.0,0.0,0.0,0.0
PRF,45.996,-77.427,-4,2007,6,18,8,15.09,86.6,2.936,0.0,0.35,34.64,0.1545,5.3004,21.0457,15.7453,23.1189,79.2238,36.9974,97.2496,1.2186,37.9248,2.838,0.1723,24.3429,27.0309,56.757,0.0,0.0,0.0,0.0
PRF,45.996,-77.427,-4,2007,6,18,9,17.31,70.44,5.93,0.0,0.35,34.64,0.3857,5.3004,21.0457,15.7453,22.3268,79.8717,37.111,97.6967,1.5115,38.0694,3.6933,0.2747,18.0991,23.6892,58.8157,0.0874,0.3307,0.0,0.0
PRF,45.996,-77.427,-4,2007,6,18,10,17.98,63.74,5.779,0.0,0.35,34.64,0.5316,5.3004,21.0457,15.7453,21.3024,80.7185,37.2557,98.1539,1.642,38.2324,4.0648,0.3255,13.8005,20.887,60.1112,0.2706,1.024,0.0,0.0
PRF,45.996,-77.427,-4,2007,6,18,11,18.83,60.91,6.828,0.0,0.35,34.64,0.6407,5.3004,21.0457,15.7453,20.2394,81.6084,37.4191,98.6239,1.9168,38.4075,4.8071,0.438,11.403,18.9557,60.4938,0.5084,1.9238,0.0,0.0
PRF,45.996,-77.427,-4,2007,6,18,12,17.4,85.8,1.54,0.2,0.35,34.64,0.3806,5.3004,21.0457,15.7453,20.3496,81.5156,37.474,99.0724,1.4525,38.5214,3.5614,0.2576,40.8065,22.3843,49.1518,0.0,0.0,0.2,0.0
PRF,45.996,-77.427,-4,2007,6,18,13,17.89,82.8,5.839,0.0,0.35,34.64,0.4585,5.3004,21.0457,15.7453,20.3496,81.5156,37.5423,99.5282,1.8038,38.6435,4.5323,0.3947,24.5925,22.3843,56.4248,0.0,0.0,0.2,1.0
PRF,45.996,-77.427,-4,2007,6,18,14,18.08,84.6,6.936,0.1,0.35,34.64,0.4224,5.3004,21.0457,15.7453,20.3496,81.5156,37.6041,99.9869,1.9063,38.7626,4.8115,0.4387,30.2283,23.9601,53.9425,0.0,0.0,0.3,0.0
PRF,45.996,-77.427,-4,2007,6,18,15,19.89,77.56,8.18,0.1,0.35,34.64,0.5351,5.3004,21.0457,15.7453,20.2054,81.637,37.7032,100.4728,2.0589,38.9065,5.2168,0.5063,27.1059,23.4307,55.2099,0.0,0.0,0.4,0.0
PRF,45.996,-77.427,-4,2007,6,18,16,22.34,57.6,11.05,0.0,0.35,34.64,0.6401,5.3004,21.0457,15.7453,18.8093,82.8234,37.9135,100.9954,2.7522,39.1164,6.9159,0.8339,13.6538,18.5853,59.1732,0.7831,2.963,0.4,1.0
PRF,45.996,-77.427,-4,2007,6,18,17,24.04,51.29,13.1,0.0,0.35,34.64,0.5555,5.3004,21.0457,15.7453,17.1756,84.2372,38.1734,101.5435,3.6719,39.3575,8.9679,1.3208,10.6265,15.5741,59.3075,1.2748,4.9859,0.4,2.0
PRF,45.996,-77.427,-4,2007,6,18,18,23.77,53.74,9.8,0.0,0.35,34.64,0.4182,5.3004,21.0457,15.7453,16.2478,85.0528,38.4175,102.0875,3.4745,39.5894,8.5802,1.2214,10.6265,14.9861,60.033,0.9145,3.4603,0.4,3.0
PRF,45.996,-77.427,-4,2007,6,18,19,23.46,54.25,9.47,0.0,0.35,34.64,0.2737,5.3004,21.0457,15.7453,15.6226,85.6076,38.6558,102.6269,3.6902,39.8173,9.069,1.3472,10.6265,14.8908,60.1039,0.8766,3.317,0.4,4.0
PRF,45.996,-77.427,-4,2007,6,18,20,21.66,61.83,7.878,0.0,0.35,34.64,0.1213,5.3004,21.0457,15.7453,15.6226,85.6076,38.8394,103.1393,3.4058,40.0111,8.4867,1.1979,12.2498,14.8908,60.0994,0.5733,2.1693,0.0,0.0
PRF,45.996,-77.427,-4,2007,6,18,21,20.06,68.48,8.34,0.0,0.35,34.64,0.0,5.3004,21.0457,15.7453,15.6226,85.6076,38.9797,103.6277,3.486,40.1774,8.6818,1.2471,14.8473,15.7679,59.3918,0.4123,1.5601,0.0,0.0
PRF,45.996,-77.427,-4,2007,6,18,22,19.08,72.9,7.529,0.0,0.35,34.64,0.0,5.3004,21.0457,15.7453,15.8911,85.3687,38.9797,103.6277,3.2371,40.1774,8.1381,1.1122,16.5363,16.8673,59.0644,0.2398,0.9072,0.0,0.0
PRF,45.996,-77.427,-4,2007,6,18,23,18.37,74.91,8.84,0.0,0.35,34.64,0.0,5.3004,21.0457,15.7453,16.2498,85.051,38.9797,103.6277,3.3096,40.1774,8.2979,1.1512,17.5893,17.7068,58.556,0.2081,0.7875,0.0,0.0
PRF,45.996,-77.427,-4,2007,6,19,0,18.09,75.52,8.25,0.0,0.35,32.9,0.0,5.3017,21.0516,15.7498,16.5611,84.7764,38.9797,103.6277,3.0938,40.1774,7.8186,1.0361,18.1072,18.1498,57.5842,0.126,0.4769,0.0,0.0
PRF,45.996,-77.427,-4,2007,6,19,1,17.92,75.18,10.24,0.0,0.35,32.9,0.0,5.3017,21.0516,15.7498,16.7833,84.581,38.9797,103.6277,3.3303,40.1774,8.3433,1.1624,18.2711,18.2861,57.2458,0.3353,1.2688,0.0,0.0
PRF,45.996,-77.427,-4,2007,6,19,2,17.79,73.85,9.51,0.0,0.35,32.9,0.0,5.3017,21.0516,15.7498,16.8657,84.5086,38.9797,103.6277,3.1786,40.1774,8.0083,1.081,18.2711,18.2861,57.3535,0.3064,1.1595,0.0,0.0
PRF,45.996,-77.427,-4,2007,6,19,3,17.21,75.49,8.66,0.0,0.35,32.9,0.0,5.3017,21.0516,15.7498,17.052,84.3453,38.9797,103.6277,2.9788,40.1774,7.5583,0.9758,18.4977,18.5032,57.4083,0.1067,0.4037,0.0,0.0
PRF,45.996,-77.427,-4,2007,6,19,4,16.87,75.83,10.18,0.0,0.35,32.9,0.0,5.3017,21.0516,15.7498,17.2306,84.1892,38.9797,103.6277,3.1491,40.1774,7.9423,1.0653,18.6972,18.6993,57.1316,0.3082,1.1661,0.0,0.0
PRF,45.996,-77.427,-4,2007,6,19,5,16.63,76.14,9.54,0.0,0.35,32.9,0.0,5.3017,21.0516,15.7498,17.3916,84.0487,38.9797,103.6277,2.9923,40.1774,7.589,0.9829,18.8612,18.862,57.1746,0.2759,1.044,0.0,0.0
PRF,45.996,-77.427,-4,2007,6,19,6,16.32,78.39,7.961,0.0,0.35,32.9,0.05,5.3017,21.0516,15.7498,17.6681,83.808,39.058,104.06,2.6764,40.3002,6.8703,0.8242,18.8612,19.3554,57.3927,0.072,0.2725,0.0,0.0
PRF,45.996,-77.427,-4,2007,6,19,7,17.58,74.33,8.13,0.0,0.35,32.9,0.1603,5.3017,21.0516,15.7498,17.6681,83.808,39.1582,104.5112,2.6993,40.4381,6.9395,0.8389,18.2436,19.3554,57.56,0.1146,0.4336,0.0,0.0
PRF,45.996,-77.427,-4,2007,6,19,8,18.39,73.47,8.04,0.0,0.35,32.9,0.2757,5.3017,21.0516,15.7498,17.6681,83.808,39.2665,104.9746,2.6871,40.5825,6.9265,0.8361,16.8261,19.3554,57.9897,0.2042,0.7727,0.0,0.0
PRF,45.996,-77.427,-4,2007,6,19,9,19.47,71.48,9.94,0.0,0.35,32.9,0.4041,5.3017,21.0516,15.7498,17.6681,83.808,39.3898,105.4541,2.9571,40.7379,7.5741,0.9794,15.0599,19.2665,58.1398,0.5052,1.9115,0.0,0.0
PRF,45.996,-77.427,-4,2007,6,19,10,22.03,70.04,8.04,0.0,0.35,32.9,0.5437,5.3017,21.0516,15.7498,17.5838,83.8814,39.5363,105.9721,2.7133,40.9129,7.025,0.8573,12.6254,18.6787,59.0517,0.475,1.7973,0.0,0.0
PRF,45.996,-77.427,-4,2007,6,19,11,23.09,73.32,5.612,0.0,0.35,32.9,0.6132,5.3017,21.0516,15.7498,17.5838,83.8814,39.6731,106.5059,2.4009,41.0856,6.2862,0.7042,11.1786,18.6643,59.8403,0.3027,1.1454,0.0,0.0
PRF,45.996,-77.427,-4,2007,6,19,12,28.51,57.39,12.06,0.0,0.35,32.9,0.8008,5.3017,21.0516,15.7498,16.3235,84.9859,39.9428,107.1211,3.8579,41.3446,9.6306,1.4984,8.0259,15.3188,58.9937,1.3047,5.1517,0.0,0.0
PRF,45.996,-77.427,-4,2007,6,19,13,28.44,56.74,11.8,0.0,0.35,32.9,0.8279,5.3017,21.0516,15.7498,15.4237,85.7849,40.2159,107.7352,4.2541,41.6053,10.4887,1.7428,7.4131,14.3079,59.1351,1.3604,5.4505,0.0,0.0
PRF,45.996,-77.427,-4,2007,6,19,14,28.13,58.35,10.03,0.0,0.35,32.9,0.8107,5.3017,21.0516,15.7498,14.9455,86.2132,40.476,108.3446,4.1323,41.8581,10.2752,1.6805,7.3498,14.2783,59.5645,1.134,4.1498,0.0,0.0
PRF,45.996,-77.427,-4,2007,6,19,15,19.71,95.1,10.04,11.4,0.35,32.9,0.1722,5.3017,21.0516,15.7498,150.2063,19.9598,19.3751,88.225,0.0002,25.0159,0.0002,0.0,151.2733,177.3462,12.3305,0.0,0.0,11.4,0.0
PRF,45.996,-77.427,-4,2007,6,19,16,20.13,98.5,3.655,3.4,0.35,32.9,0.0522,5.3017,21.0516,15.7498,194.4377,9.6746,12.2855,81.8477,0.0,17.8665,0.0,0.0,211.2646,226.0428,1.2549,0.0,0.0,14.8,0.0
PRF,45.996,-77.427,-4,2007,6,19,17,22.64,90.8,7.625,0.4,0.35,32.9,0.2476,5.3017,21.0516,15.7498,182.2598,12.2309,11.0355,81.5737,0.0,16.493,0.0,0.0,122.2401,172.7513,19.281,0.0,0.0,15.2,0.0
PRF,45.996,-77.427,-4,2007,6,19,18,23.05,89.3,6.106,0.0,0.35,32.9,0.2141,5.3017,21.0516,15.7498,165.8369,15.9932,11.0902,82.1069,0.0,16.5813,0.0,0.0,66.8775,127.2684,37.0923,0.0,0.0,15.2,1.0
PRF,45.996,-77.427,-4,2007,6,19,19,23.19,90.9,2.416,0.0,0.35,32.9,0.1261,5.3017,21.0516,15.7498,155.5672,18.5533,11.1371,82.6423,0.0001,16.661,0.0001,0.0,48.4581,104.5225,44.872,0.0,0.0,15.2,2.0
PRF,45.996,-77.427,-4,2007,6,19,20,22.95,90.2,2.561,0.0,0.35,32.9,0.0625,5.3017,21.0516,15.7498,145.3814,21.2699,11.187,83.174,0.0002,16.7439,0.0002,0.0,39.8238,85.7145,48.8434,0.0,0.0,15.2,3.0
PRF,45.996,-77.427,-4,2007,6,19,21,21.28,75.43,6.094,0.0,0.35,32.9,0.0,5.3017,21.0516,15.7498,124.2375,27.5597,11.3031,83.6807,0.0023,16.8995,0.0019,0.0,30.5845,55.4161,53.0007,0.0,0.0,15.2,4.0
PRF,45.996,-77.427,-4,2007,6,19,22,19.96,70.81,8.28,0.0,0.35,32.9,0.0,5.3017,21.0516,15.7498,104.3047,34.4574,11.3031,83.6807,0.0162,16.8995,0.0132,0.0,24.7125,37.0726,55.3042,0.0,0.0,0.0,0.0
PRF,45.996,-77.427,-4,2007,6,19,23,18.94,79.58,6.804,0.0,0.35,32.9,0.0,5.3017,21.0516,15.7498,92.3393,39.1493,11.3031,83.6807,0.0413,16.8995,0.0337,0.0001,23.4438,30.8184,55.9242,0.0,0.0,0.0,0.0
PRF,45.996,-77.427,-4,2007,6,20,0,19.29,66.48,12.62,0.0,0.35,31.91,0.0,5.3037,21.0568,15.7531,76.1287,46.3074,11.3031,83.6807,0.1886,16.8995,0.154,0.001,20.4912,23.7551,55.7606,0.2367,0.8958,0.0,0.0
PRF,45.996,-77.427,-4,2007,6,20,1,18.26,66.42,13.55,0.0,0.35,31.91,0.0,5.3037,21.0568,15.7531,63.6413,52.5717,11.3031,83.6807,0.4343,16.8995,0.3546,0.0043,19.3459,20.8115,55.9484,0.3393,1.2839,0.0,0.0
PRF,45.996,-77.427,-4,2007,6,20,2,17.14,59.8,13.27,0.0,0.35,31.91,0.0,5.3037,21.0568,15.7531,53.2235,58.3948,11.3031,83.6807,0.7165,16.8995,0.585,0.0105,18.2926,18.9307,56.2684,0.407,1.5401,0.0,0.0
PRF,45.996,-77.427,-4,2007,6,20,3,15.71,63.14,8.58,0.0,0.35,31.91,0.0,5.3037,21.0568,15.7531,46.5757,62.4378,11.3031,83.6807,0.7234,16.8995,0.5907,0.0107,18.2926,18.702,56.973,0.1089,0.4121,0.0,0.0
PRF,45.996,-77.427,-4,2007,6,20,4,11.59,88.2,3.47,0.0,0.35,31.91,0.0,5.3037,21.0568,15.7531,45.1753,63.3251,11.3031,83.6807,0.5839,16.8995,0.4767,0.0073,21.4835,21.6784,56.4904,0.0,0.0,0.0,0.0
PRF,45.996,-77.427,-4,2007,6,20,5,9.65,96.5,4.123,0.0,0.35,31.91,0.0,5.3037,21.0568,15.7531,44.8522,63.5316,11.3031,83.6807,0.6092,16.8995,0.4974,0.0079,25.4497,25.5447,54.851,0.0,0.0,0.0,0.0
PRF,45.996,-77.427,-4,2007,6,20,6,10.54,89.5,6.466,0.0,0.35,31.91,0.0217,5.3037,21.0568,15.7531,43.5695,64.3585,11.3277,84.0263,0.711,16.9445,0.5815,0.0104,25.4497,25.5447,54.6786,0.0,0.0,0.0,0.0
PRF,45.996,-77.427,-4,2007,6,20,7,13.91,78.27,7.344,0.0,0.35,31.91,0.1255,5.3037,21.0568,15.7531,40.6744,66.2664,11.3948,84.4225,0.8007,17.0397,0.6571,0.0129,22.9574,24.4317,55.5621,0.0,0.0,0.0,0.0
PRF,45.996,-77.427,-4,2007,6,20,8,15.36,70.89,12.37,0.0,0.35,31.91,0.2614,5.3037,21.0568,15.7531,36.7804,68.9272,11.494,84.8404,1.1272,17.172,0.9294,0.0239,19.4218,22.3772,56.1026,0.3024,1.144,0.0,0.0
PRF,45.996,-77.427,-4,2007,6,20,9,17.23,66.54,11.29,0.0,0.35,31.91,0.4073,5.3037,21.0568,15.7531,32.9778,71.6364,11.622,85.2863,1.1667,17.3375,0.9676,0.0257,16.0599,20.473,57.1505,0.4737,1.7923,0.0,0.0
PRF,45.996,-77.427,-4,2007,6,20,10,16.61,68.55,12.9,0.0,0.35,31.91,0.4804,5.3037,21.0568,15.7531,30.0723,73.7848,11.738,85.723,1.3793,17.4891,1.5588,0.0597,14.858,19.8698,57.134,0.6327,2.3941,0.0,0.0
PRF,45.996,-77.427,-4,2007,6,20,11,18.38,67.49,9.72,0.0,0.35,31.91,0.5903,5.3037,21.0568,15.7531,27.6056,75.6647,11.8706,86.1862,1.2983,17.6603,1.3804,0.0481,13.0058,19.2134,58.1255,0.5496,2.0795,0.0,0.0
PRF,45.996,-77.427,-4,2007,6,20,12,19.27,61.04,9.56,0.0,0.35,31.91,0.7012,5.3037,21.0568,15.7531,25.0828,77.6431,12.0373,86.6627,1.4798,17.8695,1.8242,0.0788,11.0684,18.0466,58.5411,0.6505,2.4613,0.0,0.0
PRF,45.996,-77.427,-4,2007,6,20,13,17.43,67.62,13.01,0.0,0.35,31.91,0.6439,5.3037,21.0568,15.7531,23.5712,78.8565,12.1626,87.1117,1.9554,18.0313,2.7795,0.1661,11.0684,18.0466,57.8118,0.9279,3.511,0.0,0.0
PRF,45.996,-77.427,-4,2007,6,20,14,18.93,63.87,15.79,0.0,0.35,31.91,0.6897,5.3037,21.0568,15.7531,21.9429,80.1878,12.3144,87.5831,2.5675,18.2233,3.8844,0.3004,11.0684,17.8642,57.2019,1.1375,4.1719,0.0,0.0
PRF,45.996,-77.427,-4,2007,6,20,15,19.75,55.99,14.46,0.0,0.35,31.91,0.7003,5.3037,21.0568,15.7531,20.1665,81.6698,12.5074,88.0669,2.8363,18.4604,4.3681,0.3697,10.7715,16.7831,57.5399,1.0723,3.7501,0.0,0.0
PRF,45.996,-77.427,-4,2007,6,20,16,19.44,52.96,16.14,0.0,0.35,31.91,0.63,5.3037,21.0568,15.7531,18.6499,82.9601,12.7104,88.546,3.6193,18.7074,5.6481,0.5827,10.7715,16.098,57.1645,1.2011,4.5608,0.0,0.0
PRF,45.996,-77.427,-4,2007,6,20,17,20.84,47.23,9.57,0.0,0.35,31.91,0.547,5.3037,21.0568,15.7531,17.2028,84.2134,12.9545,89.0461,3.0637,18.9991,4.8255,0.441,10.0312,15.0304,58.7243,0.7285,2.7566,0.0,0.0
PRF,45.996,-77.427,-4,2007,6,20,18,20.22,47.2,13.24,0.0,0.35,31.91,0.4136,5.3037,21.0568,15.7531,16.1104,85.1743,13.1915,89.5369,4.2019,19.2813,6.6301,0.7739,10.0312,14.7308,57.9196,1.0577,3.6526,0.0,0.0
PRF,45.996,-77.427,-4,2007,6,20,19,19.47,51.22,6.44,0.0,0.35,31.91,0.2654,5.3037,21.0568,15.7531,15.6445,85.5881,13.4024,90.0164,3.1591,19.5339,5.0681,0.481,10.4862,14.7308,59.2911,0.3909,1.4789,0.0,0.0
PRF,45.996,-77.427,-4,2007,6,20,20,18.25,55.18,5.683,0.0,0.35,31.91,0.1209,5.3037,21.0568,15.7531,15.511,85.7071,13.584,90.4777,3.0918,19.7536,4.994,0.4686,11.9066,14.7308,59.1318,0.2618,0.9905,0.0,0.0
PRF,45.996,-77.427,-4,2007,6,20,21,14.34,72.56,2.796,0.0,0.35,31.91,0.0,5.3037,21.0568,15.7531,15.8913,85.3686,13.6713,90.8803,2.5501,19.87,4.0927,0.3295,15.471,16.8097,58.6538,0.0578,0.2187,0.0,0.0
PRF,45.996,-77.427,-4,2007,6,20,22,12.34,79.94,2.113,0.0,0.35,31.91,0.0,5.3037,21.0568,15.7531,16.5996,84.7425,13.6713,90.8803,2.2604,19.87,3.5741,0.2592,18.3526,19.0174,57.7873,0.0163,0.0616,0.0,0.0
PRF,45.996,-77.427,-4,2007,6,20,23,10.26,93.0,2.597,0.0,0.35,31.91,0.0,5.3037,21.0568,15.7531,18.2896,83.2701,13.6713,90.8803,1.9035,19.87,2.9028,0.1794,22.692,23.0244,56.0958,0.0,0.0,0.0,0.0
PRF,45.996,-77.427,-4,2007,6,21,0,8.97,96.8,2.469,0.0,0.35,30.92,0.0,5.3064,21.0615,15.7551,20.1632,81.6726,13.6713,90.8803,1.5505,19.87,2.1883,0.1088,26.0325,26.204,54.2319,0.0,0.0,0.0,0.0
PRF,45.996,-77.427,-4,2007,6,21,1,7.876,97.9,2.478,0.0,0.35,30.92,0.0,5.3064,21.0615,15.7551,21.8576,80.2583,13.6713,90.8803,1.3226,19.87,1.678,0.068,28.1871,28.2778,53.297,0.0,0.0,0.0,0.0
PRF,45.996,-77.427,-4,2007,6,21,2,7.407,99.4,2.049,0.0,0.35,30.92,0.0,5.3064,21.0615,15.7551,23.4868,78.9249,13.6713,90.8803,1.1328,19.87,1.1452,0.0346,29.8362,29.8852,52.5826,0.0,0.0,0.0,0.0
PRF,45.996,-77.427,-4,2007,6,21,3,7.038,99.8,2.736,0.0,0.35,30.92,0.0,5.3064,21.0615,15.7551,24.9498,77.749,13.6713,90.8803,1.0582,19.87,0.9554,0.0251,30.9196,30.9458,52.067,0.0,0.0,0.0,0.0
PRF,45.996,-77.427,-4,2007,6,21,4,7.331,99.4,1.697,0.0,0.35,30.92,0.0,5.3064,21.0615,15.7551,26.0445,76.8822,13.6713,90.8803,0.9396,19.87,0.8482,0.0203,31.3168,31.3312,51.9252,0.0,0.0,0.0,0.0
PRF,45.996,-77.427,-4,2007,6,21,5,8.76,99.0,1.612,0.1,0.35,30.92,0.0,5.3064,21.0615,15.7551,26.8823,76.2261,13.6713,90.8803,0.8941,19.87,0.8071,0.0186,59.4825,33.0455,39.367,0.0,0.0,0.1,0.0
PRF,45.996,-77.427,-4,2007,6,21,6,9.92,99.6,0.549,0.3,0.35,30.92,0.0009,5.3064,21.0615,15.7551,27.6302,75.6457,13.6722,91.2166,0.8169,19.8909,0.738,0.0159,144.4019,38.1788,13.4688,0.0,0.0,0.4,0.0
PRF,45.996,-77.427,-4,2007,6,21,7,11.21,98.4,4.752,0.0,0.35,30.92,0.0108,5.3064,21.0615,15.7551,28.0933,75.2889,13.6762,91.5722,0.9885,19.9162,0.8937,0.0223,137.3545,38.0499,15.0915,0.0,0.0,0.4,1.0
PRF,45.996,-77.427,-4,2007,6,21,8,12.1,96.8,5.03,0.0,0.35,30.92,0.0367,5.3064,21.0615,15.7551,28.1196,75.2686,13.6848,91.9412,1.0013,19.9471,0.9062,0.0228,121.4216,37.6623,19.0403,0.0,0.0,0.4,2.0
PRF,45.996,-77.427,-4,2007,6,21,9,12.87,94.0,4.148,0.0,0.35,30.92,0.0948,5.3064,21.0615,15.7551,28.1195,75.2688,13.7019,92.3218,0.9578,19.9877,0.8679,0.0212,96.1106,36.7313,26.2516,0.0,0.0,0.4,3.0
PRF,45.996,-77.427,-4,2007,6,21,10,14.37,87.3,6.755,0.0,0.35,30.92,0.2417,5.3064,21.0615,15.7551,27.7429,75.5587,13.7425,92.7248,1.111,20.0544,1.0768,0.031,60.522,33.8284,38.9342,0.0,0.0,0.4,4.0
PRF,45.996,-77.427,-4,2007,6,21,11,16.57,80.0,5.987,0.0,0.35,30.92,0.4269,5.3064,21.0615,15.7551,26.8657,76.239,13.816,93.1609,1.1155,20.1582,1.1161,0.033,33.297,29.6533,50.8801,0.0,0.0,0.0,0.0
PRF,45.996,-77.427,-4,2007,6,21,12,15.87,82.2,3.944,1.5,0.35,30.92,0.4166,5.3064,21.0615,15.7551,50.6894,59.9039,13.8787,93.5864,0.4958,20.2499,0.453,0.0067,117.5782,45.5215,20.0562,0.0,0.0,1.5,0.0
PRF,45.996,-77.427,-4,2007,6,21,13,18.69,79.63,4.28,0.0,0.35,30.92,0.5264,5.3064,21.0615,15.7551,46.8403,62.2716,13.9633,94.0543,0.5776,20.3672,0.5296,0.0088,49.3044,36.7924,43.6928,0.0,0.0,1.5,1.0
PRF,45.996,-77.427,-4,2007,6,21,14,19.44,65.88,6.824,0.0,0.35,30.92,0.6833,5.3064,21.0615,15.7551,41.1197,65.9691,14.1105,94.5334,0.7716,20.5518,0.7116,0.0149,20.3414,27.2148,56.0463,0.0,0.0,1.5,2.0
PRF,45.996,-77.427,-4,2007,6,21,15,20.46,61.93,6.721,0.0,0.35,30.92,0.6804,5.3064,21.0615,15.7551,35.8932,69.5492,14.2834,95.0278,0.8648,20.7643,0.8028,0.0184,12.3624,21.6608,58.3105,0.3096,1.1715,1.5,3.0
PRF,45.996,-77.427,-4,2007,6,21,16,22.2,46.92,13.64,0.0,0.35,30.92,0.667,5.3064,21.0615,15.7551,29.255,74.4019,14.545,95.5483,1.4749,21.0711,2.146,0.1051,9.7888,16.4567,57.3475,1.0186,3.8542,1.5,4.0
PRF,45.996,-77.427,-4,2007,6,21,17,18.49,67.76,7.761,0.1,0.35,30.92,0.4527,5.3064,21.0615,15.7551,29.2726,74.3885,13.8576,96.0131,1.096,20.3665,1.0525,0.0298,21.4941,18.171,55.5474,0.0,0.0,1.6,0.0
PRF,45.996,-77.427,-4,2007,6,21,18,19.0,65.37,9.08,0.0,0.35,30.92,0.3596,5.3064,21.0615,15.7551,26.7708,76.313,14.0037,96.4856,1.3101,20.5507,1.7153,0.0707,16.4787,18.0831,56.8999,0.2201,0.8329,1.6,1.0
PRF,45.996,-77.427,-4,2007,6,21,19,16.92,63.64,9.65,0.2,0.35,30.92,0.2294,5.3064,21.0615,15.7551,29.2257,74.4241,13.3988,96.9269,1.2076,19.9151,1.3888,0.0486,38.7754,19.8184,48.3272,0.0,0.0,1.8,0.0
PRF,45.996,-77.427,-4,2007,6,21,20,17.57,66.54,5.989,0.0,0.35,30.92,0.1074,5.3064,21.0615,15.7551,27.1645,76.0065,13.5293,97.378,1.0989,20.083,0.9988,0.0271,27.3811,19.2538,53.444,0.0,0.0,1.8,1.0
PRF,45.996,-77.427,-4,2007,6,21,21,15.19,73.89,6.131,0.0,0.35,30.92,0.0,5.3064,21.0615,15.7551,26.0655,76.8656,13.6173,97.7933,1.1734,20.2021,1.3214,0.0445,24.799,19.2538,54.48,0.0,0.0,1.8,2.0
PRF,45.996,-77.427,-4,2007,6,21,22,14.44,69.93,7.086,0.0,0.35,30.92,0.0,5.3064,21.0615,15.7551,24.9228,77.7705,13.6173,97.7933,1.3199,20.2021,1.7046,0.0699,22.8248,19.2538,55.1451,0.0,0.0,1.8,3.0
PRF,45.996,-77.427,-4,2007,6,21,23,13.91,72.6,9.34,0.0,0.35,30.92,0.0,5.3064,21.0615,15.7551,24.063,78.4594,13.6173,97.7933,1.5678,20.2021,2.2597,0.1151,22.0237,19.2538,55.1914,0.0,0.0,1.8,4.0
PRF,45.996,-77.427,-4,2007,6,22,0,13.12,78.57,11.0,0.0,0.35,29.93,0.0,5.3097,21.0654,15.7557,23.6416,78.7995,13.6173,97.7933,1.7578,20.2021,2.6524,0.1529,22.0237,20.0412,54.5134,0.0941,0.3562,0.0,0.0
PRF,45.996,-77.427,-4,2007,6,22,1,13.49,75.6,10.71,0.0,0.35,29.93,0.0,5.3097,21.0654,15.7557,23.1215,79.2217,13.6173,97.7933,1.8026,20.2021,2.7422,0.1622,21.9476,20.0412,54.5717,0.0948,0.3587,0.0,0.0
PRF,45.996,-77.427,-4,2007,6,22,2,13.01,79.17,12.39,0.0,0.35,29.93,0.0,5.3097,21.0654,15.7557,22.851,79.4423,13.6173,97.7933,2.0045,20.2021,3.137,0.2058,21.9476,20.4881,54.3709,0.1118,0.4231,0.0,0.0
PRF,45.996,-77.427,-4,2007,6,22,3,12.84,78.05,9.65,0.0,0.35,29.93,0.0,5.3097,21.0654,15.7557,22.5893,79.6563,13.6173,97.7933,1.7836,20.2021,2.7043,0.1582,21.9476,20.4979,54.6932,0.0837,0.3165,0.0,0.0
PRF,45.996,-77.427,-4,2007,6,22,4,12.54,76.45,11.98,0.0,0.35,29.93,0.0,5.3097,21.0654,15.7557,22.2873,79.9041,13.6173,97.7933,2.0571,20.2021,3.2375,0.2176,21.9476,20.4979,54.4209,0.1077,0.4076,0.0,0.0
PRF,45.996,-77.427,-4,2007,6,22,5,12.09,78.94,9.03,0.0,0.35,29.93,0.0,5.3097,21.0654,15.7557,22.16,80.0088,13.6173,97.7933,1.7923,20.2021,2.7217,0.16,21.9476,20.763,54.7623,0.0,0.0,0.0,0.0
PRF,45.996,-77.427,-4,2007,6,22,6,11.21,75.26,12.21,0.0,0.35,29.93,0.0433,5.3097,21.0654,15.7557,21.9135,80.2121,13.6789,98.149,2.1492,20.2888,3.4221,0.24,21.79,20.763,54.4417,0.1185,0.4485,0.0,0.0
PRF,45.996,-77.427,-4,2007,6,22,7,10.32,76.08,12.36,0.0,0.35,29.93,0.1135,5.3097,21.0654,15.7557,21.7611,80.3381,13.7337,98.4913,2.1948,20.3673,3.5172,0.252,21.3815,20.763,54.5475,0.1424,0.5389,0.0,0.0
PRF,45.996,-77.427,-4,2007,6,22,8,10.15,75.67,11.47,0.0,0.35,29.93,0.188,5.3097,21.0654,15.7557,21.6215,80.4536,13.7885,98.831,2.1248,20.4458,3.3958,0.2368,20.6012,20.763,54.8963,0.1702,0.6439,0.0,0.0
PRF,45.996,-77.427,-4,2007,6,22,9,11.55,66.35,12.22,0.0,0.35,29.93,0.3376,5.3097,21.0654,15.7557,21.0798,80.904,13.8748,99.1918,2.319,20.5599,3.772,0.2852,18.2548,20.5101,55.445,0.3091,1.1698,0.0,0.0
PRF,45.996,-77.427,-4,2007,6,22,10,12.57,62.97,14.28,0.0,0.35,29.93,0.4568,5.3097,21.0654,15.7557,20.4149,81.4607,13.9782,99.5678,2.7423,20.6935,4.5475,0.397,16.2244,19.8983,55.5849,0.4951,1.8735,0.0,0.0
PRF,45.996,-77.427,-4,2007,6,22,11,14.06,60.61,12.51,0.0,0.35,29.93,0.5683,5.3097,21.0654,15.7557,19.708,82.0574,14.1011,99.9662,2.6934,20.8497,4.4845,0.3874,14.2196,19.1531,56.3233,0.5404,2.0448,0.0,0.0
PRF,45.996,-77.427,-4,2007,6,22,12,15.76,53.75,11.96,0.0,0.35,29.93,0.6891,5.3097,21.0654,15.7557,18.7232,82.8972,14.2629,100.3901,2.9085,21.0494,4.8885,0.4512,11.9401,17.8524,56.8586,0.6356,2.4049,0.0,0.0
PRF,45.996,-77.427,-4,2007,6,22,13,16.68,47.5,15.45,0.0,0.35,29.93,0.7546,5.3097,21.0654,15.7557,17.5132,83.9428,14.4573,100.8278,3.9738,21.2848,6.6713,0.7824,10.7014,16.4512,56.3091,0.9554,3.6151,0.0,0.0
PRF,45.996,-77.427,-4,2007,6,22,14,17.29,46.58,14.6,0.0,0.35,29.93,0.7546,5.3097,21.0654,15.7557,16.517,84.8152,14.6624,101.2747,4.2832,21.5315,7.1959,0.8946,10.1051,15.711,56.5782,0.9609,3.6358,0.0,0.0
PRF,45.996,-77.427,-4,2007,6,22,15,17.56,43.72,13.79,0.0,0.35,29.93,0.7199,5.3097,21.0654,15.7557,15.6055,85.6227,14.8818,101.7256,4.5974,21.7931,7.7235,1.0139,9.735,15.0908,56.8088,0.9417,3.5631,0.0,0.0
PRF,45.996,-77.427,-4,2007,6,22,16,18.14,37.55,14.44,0.0,0.35,29.93,0.6581,5.3097,21.0654,15.7557,14.5242,86.5926,15.1333,102.1852,5.4448,22.0885,9.023,1.3352,9.3226,14.0798,56.7166,1.0336,3.911,0.0,0.0
PRF,45.996,-77.427,-4,2007,6,22,17,17.36,39.83,12.99,0.0,0.35,29.93,0.5392,5.3097,21.0654,15.7557,13.9296,87.1315,15.3652,102.6331,5.4641,22.3611,9.1116,1.3585,9.3226,14.0798,57.0438,0.9234,3.494,0.0,0.0
PRF,45.996,-77.427,-4,2007,6,22,18,17.22,39.9,12.45,0.0,0.35,29.93,0.41,5.3097,21.0654,15.7557,13.5017,87.5217,15.5949,103.0789,5.622,22.6304,9.397,1.4347,9.4271,14.0798,57.1499,0.8717,3.2983,0.0,0.0
PRF,45.996,-77.427,-4,2007,6,22,19,16.34,42.05,11.06,0.0,0.35,29.93,0.2649,5.3097,21.0654,15.7557,13.3386,87.671,15.8051,103.5115,5.3549,22.8774,9.0688,1.3472,10.2211,14.0798,57.3337,0.7003,2.6497,0.0,0.0
PRF,45.996,-77.427,-4,2007,6,22,20,15.53,44.34,9.45,0.0,0.35,29.93,0.1236,5.3097,21.0654,15.7557,13.3386,87.671,15.997,103.9319,4.9376,23.1038,8.5019,1.2017,11.373,14.0798,57.4682,0.5122,1.938,0.0,0.0
PRF,45.996,-77.427,-4,2007,6,22,21,13.15,53.08,6.181,0.0,0.35,29.93,0.0,5.3097,21.0654,15.7557,13.4281,87.5891,16.134,104.3167,4.1389,23.2703,7.299,0.9174,13.3823,14.7339,57.6515,0.2101,0.7948,0.0,0.0
PRF,45.996,-77.427,-4,2007,6,22,22,11.35,57.19,5.668,0.0,0.35,29.93,0.0,5.3097,21.0654,15.7557,13.6916,87.3483,16.134,104.3167,3.8969,23.2703,6.9082,0.8322,14.9061,15.6022,57.3482,0.1352,0.5117,0.0,0.0
PRF,45.996,-77.427,-4,2007,6,22,23,8.05,75.31,3.922,0.0,0.35,29.93,0.0,5.3097,21.0654,15.7557,14.6301,86.4971,16.134,104.3167,3.1618,23.2703,5.6673,0.5862,17.7762,18.1475,56.7455,0.032,0.1212,0.0,0.0
PRF,45.996,-77.427,-4,2007,6,23,0,6.896,79.32,4.127,0.0,0.35,28.94,0.0,5.3137,21.0688,15.7551,15.6094,85.6193,16.134,104.3167,2.8238,23.2703,5.065,0.4805,19.9449,20.145,55.4924,0.0007,0.0026,0.0,0.0
PRF,45.996,-77.427,-4,2007,6,23,1,4.103,92.5,2.823,0.0,0.35,28.94,0.0,5.3137,21.0688,15.7551,17.2687,84.1559,16.134,104.3167,2.1639,23.2703,3.8151,0.291,23.574,23.6885,54.2578,0.0,0.0,0.0,0.0
PRF,45.996,-77.427,-4,2007,6,23,2,4.492,85.3,6.203,0.0,0.35,28.94,0.0,5.3137,21.0688,15.7551,18.2021,83.3456,16.134,104.3167,2.3053,23.2703,4.0924,0.3294,24.2886,24.3506,53.7102,0.0,0.0,0.0,0.0
PRF,45.996,-77.427,-4,2007,6,23,3,7.005,71.68,5.853,0.0,0.35,28.94,0.0,5.3137,21.0688,15.7551,18.2607,83.2951,16.134,104.3167,2.2502,23.2703,3.985,0.3143,23.737,23.7788,53.9487,0.0,0.0,0.0,0.0
PRF,45.996,-77.427,-4,2007,6,23,4,5.673,77.28,6.033,0.0,0.35,28.94,0.0,5.3137,21.0688,15.7551,18.574,83.0253,16.134,104.3167,2.1931,23.2703,3.8728,0.2988,23.737,23.7788,53.9333,0.0,0.0,0.0,0.0
PRF,45.996,-77.427,-4,2007,6,23,5,5.639,74.69,6.328,0.0,0.35,28.94,0.0,5.3137,21.0688,15.7551,18.7259,82.8949,16.134,104.3167,2.1892,23.2703,3.8651,0.2977,23.7299,23.7592,53.9104,0.0,0.0,0.0,0.0
PRF,45.996,-77.427,-4,2007,6,23,6,5.434,73.32,6.432,0.0,0.35,28.94,0.0342,5.3137,21.0688,15.7551,18.804,82.8279,16.1662,104.5857,2.1821,23.3205,3.857,0.2966,23.3922,23.6537,54.0268,0.0,0.0,0.0,0.0
PRF,45.996,-77.427,-4,2007,6,23,7,6.822,71.32,9.15,0.0,0.35,28.94,0.1088,5.3137,21.0688,15.7551,18.804,82.8279,16.2096,104.8755,2.5024,23.3837,4.4846,0.3874,22.3374,23.2643,54.1328,0.0,0.0,0.0,0.0
PRF,45.996,-77.427,-4,2007,6,23,8,8.52,61.59,8.13,0.0,0.35,28.94,0.2356,5.3137,21.0688,15.7551,18.6807,82.9337,16.2823,105.1908,2.4092,23.4789,4.3192,0.3624,19.8401,21.9747,55.0629,0.0069,0.026,0.0,0.0
PRF,45.996,-77.427,-4,2007,6,23,9,10.38,60.17,8.48,0.0,0.35,28.94,0.355,5.3137,21.0688,15.7551,18.4689,83.1156,16.374,105.534,2.5099,23.5957,4.5266,0.3938,17.3815,20.8254,55.7414,0.1234,0.4671,0.0,0.0
PRF,45.996,-77.427,-4,2007,6,23,10,12.4,54.31,12.02,0.0,0.35,28.94,0.5026,5.3137,21.0688,15.7551,17.9661,83.5496,16.4998,105.9075,3.1739,23.7495,5.7621,0.6037,14.8112,19.2824,55.7894,0.4412,1.6693,0.0,0.0
PRF,45.996,-77.427,-4,2007,6,23,11,14.16,48.36,9.44,0.0,0.35,28.94,0.6355,5.3137,21.0688,15.7551,17.2397,84.1812,16.6621,106.3074,3.0306,23.9426,5.536,0.5624,12.0551,17.7238,56.8284,0.4308,1.6301,0.0,0.0
PRF,45.996,-77.427,-4,2007,6,23,12,14.7,45.36,10.35,0.0,0.35,28.94,0.7118,5.3137,21.0688,15.7551,16.4828,84.8453,16.8405,106.7154,3.4718,24.1524,6.3445,0.7158,10.554,16.6194,56.9163,0.5677,2.1482,0.0,0.0
PRF,45.996,-77.427,-4,2007,6,23,13,15.41,40.34,12.44,0.0,0.35,28.94,0.764,5.3137,21.0688,15.7551,15.572,85.6526,17.0446,107.1341,4.313,24.3888,7.7846,1.0281,9.569,15.4962,56.6211,0.779,2.9475,0.0,0.0
PRF,45.996,-77.427,-4,2007,6,23,14,17.53,36.56,13.88,0.0,0.35,28.94,0.7858,5.3137,21.0688,15.7551,14.4976,86.6166,17.2914,107.5845,5.3114,24.6702,9.3901,1.4328,8.6498,14.234,56.4194,0.9683,3.6638,0.0,0.0
PRF,45.996,-77.427,-4,2007,6,23,15,17.63,35.06,9.29,0.0,0.35,28.94,0.7414,5.3137,21.0688,15.7551,13.6702,87.3678,17.5456,108.0365,4.6902,24.958,8.4929,1.1995,7.9479,13.6237,57.5488,0.6592,2.4941,0.0,0.0
PRF,45.996,-77.427,-4,2007,6,23,16,18.28,30.76,12.47,0.0,0.35,28.94,0.6699,5.3137,21.0688,15.7551,12.7116,88.2478,17.8266,108.4982,6.2446,25.2724,10.8902,1.8626,7.9406,12.754,56.8293,0.9312,3.5236,0.0,0.0
PRF,45.996,-77.427,-4,2007,6,23,17,18.65,25.34,12.54,0.0,0.35,28.94,0.5647,5.3137,21.0688,15.7551,11.6318,89.2518,18.1357,108.9654,7.2385,25.6138,12.3589,2.3301,7.7234,11.6718,56.8397,0.9592,3.6295,0.0,0.0
PRF,45.996,-77.427,-4,2007,6,23,18,18.45,26.12,11.79,0.0,0.35,28.94,0.4293,5.3137,21.0688,15.7551,10.9299,89.9117,18.4383,109.4297,7.6623,25.9469,13.0166,2.554,7.7234,11.4611,57.0125,0.8958,3.3894,0.0,0.0
PRF,45.996,-77.427,-4,2007,6,23,19,18.01,24.28,9.8,0.0,0.35,28.94,0.2834,5.3137,21.0688,15.7551,10.3466,90.4646,18.7411,109.8873,7.5024,26.278,12.8863,2.509,7.7725,11.2163,57.459,0.7178,2.7161,0.0,0.0
PRF,45.996,-77.427,-4,2007,6,23,20,16.54,34.65,2.642,0.0,0.35,28.94,0.1308,5.3137,21.0688,15.7551,10.3466,90.4646,18.981,110.3229,5.2306,26.5446,9.6541,1.5049,8.895,11.4307,58.789,0.1018,0.3851,0.0,0.0
PRF,45.996,-77.427,-4,2007,6,23,21,12.43,55.33,5.907,0.0,0.35,28.94,0.0,5.3137,21.0688,15.7551,11.0857,89.7647,19.1043,110.6969,5.5778,26.6921,10.2195,1.6644,12.3834,13.6623,57.4193,0.2008,0.76,0.0,0.0
PRF,45.996,-77.427,-4,2007,6,23,22,13.56,56.4,5.508,0.0,0.35,28.94,0.0,5.3137,21.0688,15.7551,11.7089,89.1796,19.1043,110.6969,5.0264,26.6921,9.363,1.4255,14.1223,14.7503,57.0681,0.1325,0.5014,0.0,0.0
PRF,45.996,-77.427,-4,2007,6,23,23,12.17,63.9,5.013,0.0,0.35,28.94,0.0,5.3137,21.0688,15.7551,12.5243,88.421,19.1043,110.6969,4.3965,26.6921,8.3424,1.1621,15.8154,16.1255,56.6877,0.0701,0.2654,0.0,0.0
PRF,45.996,-77.427,-4,2007,6,24,0,11.07,74.92,1.659,0.0,0.35,27.95,0.0,5.3183,21.0714,15.7531,13.5636,87.4651,19.1043,110.6969,3.2376,26.6921,6.3192,0.7108,17.851,18.0152,55.9896,0.0117,0.0443,0.0,0.0
PRF,45.996,-77.427,-4,2007,6,24,1,11.08,77.62,1.164,0.0,0.35,27.95,0.0,5.3183,21.0714,15.7531,14.5278,86.5894,19.1043,110.6969,2.7877,26.6921,5.4695,0.5505,19.2504,19.3383,55.5553,0.003,0.0114,0.0,0.0
PRF,45.996,-77.427,-4,2007,6,24,2,10.84,80.8,1.538,0.0,0.35,27.95,0.0,5.3183,21.0714,15.7531,15.516,85.7025,19.1043,110.6969,2.5074,26.6921,4.9171,0.4559,20.4948,20.5408,55.064,0.0,0.0,0.0,0.0
PRF,45.996,-77.427,-4,2007,6,24,3,9.72,87.4,1.814,0.0,0.35,27.95,0.0,5.3183,21.0714,15.7531,16.7864,84.5782,19.1043,110.6969,2.1773,26.6921,4.2399,0.3507,22.4245,22.4487,54.3059,0.0,0.0,0.0,0.0
PRF,45.996,-77.427,-4,2007,6,24,4,10.26,86.1,3.092,0.0,0.35,27.95,0.0,5.3183,21.0714,15.7531,17.7839,83.7075,19.1043,110.6969,2.0665,26.6921,4.005,0.3171,23.1533,23.1654,53.9198,0.0,0.0,0.0,0.0
PRF,45.996,-77.427,-4,2007,6,24,5,10.6,89.0,1.978,0.0,0.35,27.95,0.0,5.3183,21.0714,15.7531,18.8003,82.8311,19.1043,110.6969,1.7441,26.6921,3.2967,0.2247,24.0593,24.0655,53.6458,0.0,0.0,0.0,0.0
PRF,45.996,-77.427,-4,2007,6,24,6,10.7,87.1,1.778,0.0,0.35,27.95,0.0254,5.3183,21.0714,15.7531,19.4628,82.2655,19.1349,111.0449,1.6088,26.7473,2.9911,0.1891,24.0593,24.1128,53.6599,0.0,0.0,0.0,0.0
PRF,45.996,-77.427,-4,2007,6,24,7,11.07,92.7,1.392,0.0,0.35,27.95,0.0446,5.3183,21.0714,15.7531,20.5285,81.3653,19.1529,111.3984,1.4166,26.7905,2.5356,0.1412,24.1734,25.3582,53.6404,0.0,0.0,0.0,0.0
PRF,45.996,-77.427,-4,2007,6,24,8,13.32,72.73,1.76,0.0,0.35,27.95,0.232,5.3183,21.0714,15.7531,20.4098,81.4649,19.2335,111.7857,1.46,26.8973,2.6507,0.1527,20.9075,24.0179,54.8896,0.0,0.0,0.0,0.0
PRF,45.996,-77.427,-4,2007,6,24,9,16.03,59.75,3.508,0.0,0.35,27.95,0.4248,5.3183,21.0714,15.7531,19.726,82.0421,19.3767,112.2137,1.708,27.0683,3.2508,0.2192,15.7642,21.1846,56.4131,0.0454,0.1717,0.0,0.0
PRF,45.996,-77.427,-4,2007,6,24,10,16.74,61.59,3.697,0.0,0.35,27.95,0.5255,5.3183,21.0714,15.7531,19.1879,82.4997,19.5195,112.6523,1.8243,27.2394,3.5315,0.2538,13.0287,19.6887,57.1325,0.0785,0.2969,0.0,0.0
PRF,45.996,-77.427,-4,2007,6,24,11,18.58,58.28,4.812,0.0,0.35,27.95,0.6499,5.3183,21.0714,15.7531,18.4833,83.1032,19.6916,113.1185,2.083,27.4409,4.1221,0.3337,10.7267,18.2267,57.4686,0.1326,0.5016,0.0,0.0
PRF,45.996,-77.427,-4,2007,6,24,12,18.82,58.62,7.092,0.0,0.35,27.95,0.708,5.3183,21.0714,15.7531,17.8755,83.6281,19.8645,113.5883,2.5016,27.6432,5.0229,0.4734,10.0267,17.4686,57.1623,0.3283,1.2422,0.0,0.0
PRF,45.996,-77.427,-4,2007,6,24,13,21.31,56.61,5.92,0.0,0.35,27.95,0.7737,5.3183,21.0714,15.7531,17.1749,84.2378,20.0697,114.0954,2.5574,27.8793,5.1655,0.4975,8.6074,16.5258,57.6549,0.2778,1.0512,0.0,0.0
PRF,45.996,-77.427,-4,2007,6,24,14,22.3,52.79,7.296,0.0,0.35,27.95,0.7859,5.3183,21.0714,15.7531,16.3486,84.9637,20.3034,114.6174,3.0253,28.1435,6.1262,0.6728,7.9892,15.5382,57.4643,0.4274,1.6172,0.0,0.0
PRF,45.996,-77.427,-4,2007,6,24,15,22.37,55.86,6.09,0.0,0.35,27.95,0.7288,5.3183,21.0714,15.7531,15.891,85.3689,20.5227,115.1405,3.0107,28.3933,6.1323,0.674,7.9892,15.4557,57.7234,0.3142,1.189,0.0,0.0
PRF,45.996,-77.427,-4,2007,6,24,16,21.45,61.24,3.874,0.0,0.35,27.95,0.6199,5.3183,21.0714,15.7531,15.8266,85.426,20.7072,115.6497,2.7141,28.6085,5.5742,0.5693,7.9892,15.4557,58.1894,0.1452,0.5495,0.0,0.0
PRF,45.996,-77.427,-4,2007,6,24,17,21.18,63.26,3.172,0.0,0.35,27.95,0.506,5.3183,21.0714,15.7531,15.8266,85.426,20.88,116.1549,2.6197,28.8119,5.4083,0.5396,8.5909,15.4557,58.2197,0.113,0.4274,0.0,0.0
PRF,45.996,-77.427,-4,2007,6,24,18,19.44,79.59,3.326,0.0,0.35,27.95,0.2831,5.3183,21.0714,15.7531,16.4322,84.89,20.9681,116.634,2.4518,28.9326,5.0755,0.4822,11.7805,17.7386,57.5019,0.0836,0.3165,0.0,0.0
PRF,45.996,-77.427,-4,2007,6,24,19,17.67,91.9,2.909,0.4,0.35,27.95,0.0888,5.3183,21.0714,15.7531,18.1568,83.3847,20.9998,117.0866,1.9627,28.9976,4.0208,0.3193,95.1587,24.5957,25.7345,0.0,0.0,0.4,0.0
PRF,45.996,-77.427,-4,2007,6,24,20,17.1,97.7,1.838,1.0,0.35,27.95,0.0132,5.3183,21.0714,15.7531,42.8415,64.8328,21.0086,117.5306,0.5743,29.0399,0.6635,0.0132,232.1585,41.2562,0.0,0.0,0.0,1.4,0.0
PRF,45.996,-77.427,-4,2007,6,24,21,16.49,99.6,1.192,0.2,0.35,27.95,0.0,5.3183,21.0714,15.7531,48.0599,61.5113,20.0387,117.9654,0.4747,28.1309,0.5369,0.009,248.1503,44.5996,0.0,0.0,0.0,1.6,0.0
PRF,45.996,-77.427,-4,2007,6,24,22,16.18,100.0,0.944,0.1,0.35,27.95,0.0,5.3183,21.0714,15.7531,50.6564,59.9239,19.5899,117.9654,0.4268,27.6858,0.4776,0.0074,250.0,46.3139,0.0,0.0,0.0,1.7,0.0
PRF,45.996,-77.427,-4,2007,6,24,23,16.18,100.0,2.873,0.2,0.35,27.95,0.0,5.3183,21.0714,15.7531,55.8163,56.8897,18.731,117.9654,0.3786,26.8169,0.4148,0.0057,250.0,49.7425,0.0,0.0,0.0,1.9,0.0
PRF,45.996,-77.427,-4,2007,6,25,0,16.25,100.0,2.862,0.0,0.35,26.96,0.0,5.3235,21.0735,15.7499,55.8163,56.8897,18.731,117.9654,0.3784,26.8169,0.4146,0.0057,250.0,49.7425,0.0,0.0,0.0,1.9,1.0
PRF,45.996,-77.427,-4,2007,6,25,1,16.35,99.9,3.752,0.0,0.35,26.96,0.0,5.3235,21.0735,15.7499,55.7967,56.9009,18.731,117.9654,0.3961,26.8169,0.434,0.0062,249.3735,49.6999,0.0,0.0,0.0,1.9,2.0
PRF,45.996,-77.427,-4,2007,6,25,2,16.05,99.9,2.342,0.0,0.35,26.96,0.0,5.3235,21.0735,15.7499,55.7798,56.9106,18.731,117.9654,0.3692,26.8169,0.4045,0.0055,248.8332,49.6634,0.0,0.0,0.0,1.9,3.0
PRF,45.996,-77.427,-4,2007,6,25,3,15.88,99.9,2.686,0.3,0.35,26.96,0.0,5.3235,21.0735,15.7499,63.3956,52.7024,17.5116,117.9654,0.2547,25.5435,0.2702,0.0027,249.4411,54.7554,0.0,0.0,0.0,2.2,0.0
PRF,45.996,-77.427,-4,2007,6,25,4,15.84,99.9,4.371,0.1,0.35,26.96,0.0,5.3235,21.0735,15.7499,65.8606,51.4048,17.0896,117.9654,0.2407,25.0917,0.2524,0.0024,249.3563,56.4062,0.0,0.0,0.0,2.3,0.0
PRF,45.996,-77.427,-4,2007,6,25,5,15.71,99.9,2.975,0.0,0.35,26.96,0.0,5.3235,21.0735,15.7499,65.8348,51.4182,17.0896,117.9654,0.2247,25.0917,0.2356,0.0021,248.7864,56.3501,0.0,0.0,0.0,2.3,1.0
PRF,45.996,-77.427,-4,2007,6,25,6,15.88,99.9,3.749,0.0,0.35,26.96,0.0003,5.3235,21.0735,15.7499,65.807,51.4326,17.09,118.3911,0.234,25.1161,0.2455,0.0023,247.9745,56.2897,0.0,0.0,0.0,2.3,2.0
PRF,45.996,-77.427,-4,2007,6,25,7,16.35,99.7,4.218,0.0,0.35,26.96,0.0028,5.3235,21.0735,15.7499,65.719,51.4785,17.0911,118.8239,0.2408,25.1415,0.2529,0.0024,244.2984,56.0975,0.0,0.0,0.0,2.3,3.0
PRF,45.996,-77.427,-4,2007,6,25,8,16.59,99.4,4.884,0.0,0.35,26.96,0.0095,5.3235,21.0735,15.7499,65.5328,51.5756,17.0933,119.2602,0.2518,25.1683,0.2646,0.0026,234.6563,55.6927,0.0,0.0,0.0,2.3,4.0
PRF,45.996,-77.427,-4,2007,6,25,9,17.54,96.5,4.889,0.0,0.35,26.96,0.0759,5.3235,21.0735,15.7499,64.3988,52.1706,17.1069,119.7108,0.2689,25.2081,0.2829,0.0029,183.1489,53.2197,5.05,0.0,0.0,0.0,0.0
PRF,45.996,-77.427,-4,2007,6,25,10,19.03,89.1,3.648,0.0,0.35,26.96,0.2693,5.3235,21.0735,15.7499,61.1753,53.8975,17.153,120.1838,0.3018,25.2843,0.3181,0.0036,100.9478,46.5008,23.7335,0.0,0.0,0.0,0.0
PRF,45.996,-77.427,-4,2007,6,25,11,22.81,67.14,4.326,0.0,0.35,26.96,0.6541,5.3235,21.0735,15.7499,52.6133,58.7547,17.3194,120.7134,0.4683,25.4942,0.4963,0.0079,30.7871,31.5896,50.2408,0.0,0.0,0.0,0.0
PRF,45.996,-77.427,-4,2007,6,25,12,23.19,61.48,11.45,0.1,0.35,26.96,0.7474,5.3235,21.0735,15.7499,43.1832,64.6098,17.5177,121.2488,0.9237,25.7387,0.9851,0.0265,18.6679,22.5851,53.9818,0.1997,0.7556,0.1,0.0
PRF,45.996,-77.427,-4,2007,6,25,13,22.06,74.34,5.452,0.0,0.35,26.96,0.6596,5.3235,21.0735,15.7499,38.912,67.4568,17.6433,121.7672,0.7585,25.9035,0.8123,0.0188,12.555,20.9941,56.4405,0.1349,0.5105,0.1,1.0
PRF,45.996,-77.427,-4,2007,6,25,14,22.34,71.61,7.956,0.8,0.35,26.96,0.6822,5.3235,21.0735,15.7499,43.1935,64.603,17.7841,122.2898,0.7744,26.0847,0.8331,0.0197,62.2655,26.1853,36.8328,0.0,0.0,0.9,0.0
PRF,45.996,-77.427,-4,2007,6,25,15,25.58,59.34,5.841,0.0,0.35,26.96,0.744,5.3235,21.0735,15.7499,36.1494,69.369,18.015,122.861,0.8226,26.3653,0.8913,0.0222,16.6769,19.4184,55.3226,0.0705,0.2668,0.9,1.0
PRF,45.996,-77.427,-4,2007,6,25,16,28.24,49.48,6.882,0.0,0.35,26.96,0.689,5.3235,21.0735,15.7499,28.9379,74.6428,18.3318,123.4721,1.0623,26.7388,1.5907,0.0619,8.1148,14.7775,57.0191,0.3493,1.3215,0.9,2.0
PRF,45.996,-77.427,-4,2007,6,25,17,29.63,42.83,9.99,0.0,0.35,26.96,0.5792,5.3235,21.0735,15.7499,22.5635,79.6774,18.7078,124.104,1.8183,27.1746,3.5117,0.2513,7.1195,12.1574,56.478,0.65,2.4595,0.9,3.0
PRF,45.996,-77.427,-4,2007,6,25,18,30.25,42.15,9.09,0.0,0.35,26.96,0.4422,5.3235,21.0735,15.7499,18.289,83.2707,19.0963,124.7453,2.6405,27.6216,5.3008,0.5208,7.1195,11.3209,56.6808,0.5781,2.1873,0.9,4.0
PRF,45.996,-77.427,-4,2007,6,25,19,28.75,47.4,8.82,0.0,0.35,26.96,0.2905,5.3235,21.0735,15.7499,16.143,85.1455,19.432,125.364,3.3496,28.0099,6.7215,0.7928,7.7277,11.3209,56.6577,0.5207,1.9701,0.0,0.0
PRF,45.996,-77.427,-4,2007,6,25,20,25.44,65.81,2.34,0.0,0.35,26.96,0.1288,5.3235,21.0735,15.7499,16.0666,85.2131,19.6251,125.9331,2.4391,28.2458,4.9672,0.4642,10.7156,13.2227,57.4097,0.0618,0.2337,0.0,0.0
PRF,45.996,-77.427,-4,2007,6,25,21,21.69,83.3,2.1,0.0,0.35,26.96,0.0,5.3235,21.0735,15.7499,16.8312,84.5389,19.7055,126.446,2.1972,28.3614,4.4693,0.385,16.431,17.3546,55.898,0.0217,0.0822,0.0,0.0
PRF,45.996,-77.427,-4,2007,6,25,22,19.42,87.3,1.991,0.0,0.35,26.96,0.0,5.3235,21.0735,15.7499,17.836,83.6623,19.7055,126.446,1.9433,28.3614,3.9122,0.3042,19.7323,20.0974,54.8064,0.0015,0.0058,0.0,0.0
PRF,45.996,-77.427,-4,2007,6,25,23,17.92,92.0,2.346,0.0,0.35,26.96,0.0,5.3235,21.0735,15.7499,19.213,82.4782,19.7055,126.446,1.6997,28.3614,3.354,0.2316,22.5383,22.6859,53.7368,0.0,0.0,0.0,0.0
PRF,45.996,-77.427,-4,2007,6,26,0,16.76,96.6,0.957,0.0,0.35,25.97,0.0,5.3294,21.0748,15.7454,20.9253,81.0329,19.7055,126.446,1.334,28.3614,2.4587,0.1337,25.2189,25.2845,52.2948,0.0,0.0,0.0,0.0
PRF,45.996,-77.427,-4,2007,6,26,1,16.59,93.1,1.593,0.0,0.35,25.97,0.0,5.3294,21.0748,15.7454,21.7325,80.3618,19.7055,126.446,1.279,28.3614,2.3158,0.1203,25.3078,25.3363,52.2197,0.0,0.0,0.0,0.0
PRF,45.996,-77.427,-4,2007,6,26,2,15.47,96.6,1.346,0.0,0.35,25.97,0.0,5.3294,21.0748,15.7454,22.9314,79.3766,19.7055,126.446,1.1416,28.3614,1.9438,0.0882,26.6241,26.637,51.6902,0.0,0.0,0.0,0.0
PRF,45.996,-77.427,-4,2007,6,26,3,15.16,96.2,2.748,0.0,0.35,25.97,0.0,5.3294,21.0748,15.7454,23.8626,78.621,19.7055,126.446,1.1411,28.3614,1.9423,0.0881,27.1463,27.1518,51.3972,0.0,0.0,0.0,0.0
PRF,45.996,-77.427,-4,2007,6,26,4,14.65,97.0,4.696,0.0,0.35,25.97,0.0,5.3294,21.0748,15.7454,24.7978,77.8703,19.7055,126.446,1.1798,28.3614,2.0496,0.0969,27.7538,27.7561,51.0403,0.0,0.0,0.0,0.0
PRF,45.996,-77.427,-4,2007,6,26,5,15.02,96.6,4.303,0.0,0.35,25.97,0.0,5.3294,21.0748,15.7454,25.4234,77.3727,19.7055,126.446,1.1115,28.3614,1.8586,0.0815,27.7992,27.8002,51.0435,0.0,0.0,0.0,0.0
PRF,45.996,-77.427,-4,2007,6,26,6,14.24,99.6,1.524,0.0,0.35,25.97,0.0012,5.3294,21.0748,15.7454,26.4804,76.54,19.7068,126.8471,0.9092,28.3878,1.1945,0.0373,28.9692,29.0214,50.6873,0.0,0.0,0.0,0.0
PRF,45.996,-77.427,-4,2007,6,26,7,18.2,89.9,1.732,0.0,0.35,25.97,0.0862,5.3294,21.0748,15.7454,26.3592,76.635,19.7476,127.3076,0.9248,28.459,1.2663,0.0413,26.9607,28.5041,51.5289,0.0,0.0,0.0,0.0
PRF,45.996,-77.427,-4,2007,6,26,8,21.69,75.77,2.17,0.0,0.35,25.97,0.2883,5.3294,21.0748,15.7454,25.3038,77.4675,19.8643,127.8204,1.0057,28.6122,1.5595,0.0597,19.7646,25.0499,54.2893,0.0013,0.005,0.0,0.0
PRF,45.996,-77.427,-4,2007,6,26,9,23.12,72.6,4.993,0.0,0.35,25.97,0.4331,5.3294,21.0748,15.7454,23.9185,78.5758,20.0049,128.3547,1.2726,28.7915,2.3327,0.1218,14.6124,21.834,55.5113,0.0663,0.251,0.0,0.0
PRF,45.996,-77.427,-4,2007,6,26,10,25.27,69.19,4.924,0.0,0.35,25.97,0.5815,5.3294,21.0748,15.7454,22.3896,79.8201,20.1777,128.9213,1.4292,29.006,2.7541,0.1634,11.001,19.2813,56.3689,0.1084,0.4102,0.0,0.0
PRF,45.996,-77.427,-4,2007,6,26,11,28.47,55.86,8.66,0.0,0.35,25.97,0.7374,5.3294,21.0748,15.7454,19.6765,82.0841,20.4567,129.5358,2.2256,29.3327,4.6386,0.4112,7.7673,15.4372,56.1796,0.4595,1.7385,0.0,0.0
PRF,45.996,-77.427,-4,2007,6,26,12,30.04,54.66,8.78,0.0,0.35,25.97,0.8089,5.3294,21.0748,15.7454,17.4914,83.9617,20.7591,130.1739,2.8467,29.6838,5.98,0.6447,6.4594,13.7735,56.3273,0.5388,2.0387,0.0,0.0
PRF,45.996,-77.427,-4,2007,6,26,13,30.38,51.25,7.59,0.0,0.35,25.97,0.8406,5.3294,21.0748,15.7454,15.751,85.4932,21.0879,130.8171,3.3037,30.0611,6.9325,0.8374,5.5642,12.8366,56.7095,0.4855,1.8369,0.0,0.0
PRF,45.996,-77.427,-4,2007,6,26,14,29.77,50.4,10.12,0.0,0.35,25.97,0.8281,5.3294,21.0748,15.7454,14.5072,86.608,21.4157,131.4512,4.3893,30.4353,8.9871,1.3258,5.5642,12.5963,56.1246,0.7089,2.6824,0.0,0.0
PRF,45.996,-77.427,-4,2007,6,26,15,31.03,47.88,13.83,0.0,0.35,25.97,0.7811,5.3294,21.0748,15.7454,13.3203,87.6878,21.7747,132.1041,6.1718,30.8407,12.0102,2.215,5.5642,11.9446,55.2489,1.0073,3.8114,0.0,0.0
PRF,45.996,-77.427,-4,2007,6,26,16,31.82,44.54,13.25,0.0,0.35,25.97,0.6967,5.3294,21.0748,15.7454,12.248,88.6772,22.1665,132.7689,6.9079,31.2779,13.2334,2.6298,5.5642,11.2061,55.387,0.9622,3.6407,0.0,0.0
PRF,45.996,-77.427,-4,2007,6,26,17,31.13,47.23,7.932,0.0,0.35,25.97,0.5796,5.3294,21.0748,15.7454,11.8801,89.0197,22.5312,133.4234,5.5505,31.6855,11.1868,1.9533,5.5642,11.2061,56.6311,0.5172,1.9569,0.0,0.0
PRF,45.996,-77.427,-4,2007,6,26,18,31.99,42.66,11.68,0.0,0.35,25.97,0.4433,5.3294,21.0748,15.7454,11.2139,89.644,22.9384,134.0907,7.3329,32.1341,14.0642,2.9291,5.7588,10.7842,55.7389,0.8201,3.103,0.0,0.0
PRF,45.996,-77.427,-4,2007,6,26,19,30.45,46.24,11.35,0.0,0.35,25.97,0.2922,5.3294,21.0748,15.7454,11.1731,89.6823,23.3018,134.735,7.2518,32.5362,14.0349,2.9183,7.1293,10.7842,55.6641,0.6846,2.5905,0.0,0.0
PRF,45.996,-77.427,-4,2007,6,26,20,29.29,49.69,9.53,0.0,0.35,25.97,0.1396,5.3294,21.0748,15.7454,11.1731,89.6823,23.6289,135.3618,6.6163,32.9002,13.1418,2.5977,8.7541,10.7842,55.8506,0.4668,1.7662,0.0,0.0
PRF,45.996,-77.427,-4,2007,6,26,21,27.25,55.65,6.886,0.0,0.35,25.97,0.0,5.3294,21.0748,15.7454,11.3499,89.516,23.8972,135.9581,5.6545,33.2039,11.6531,2.0998,11.026,11.6305,55.9981,0.2317,0.8768,0.0,0.0
PRF,45.996,-77.427,-4,2007,6,26,22,25.27,64.11,5.052,0.0,0.35,25.97,0.0,5.3294,21.0748,15.7454,12.0269,88.8828,23.8972,135.9581,4.7072,33.2039,10.0238,1.6084,13.0306,13.2237,55.8942,0.0906,0.3429,0.0,0.0
PRF,45.996,-77.427,-4,2007,6,26,23,22.38,78.75,2.604,0.0,0.35,25.97,0.0,5.3294,21.0748,15.7454,13.4704,87.5504,23.8972,135.9581,3.4372,33.2039,7.6384,0.9942,16.3036,16.3728,55.3742,0.0248,0.0938,0.0,0.0
PRF,45.996,-77.427,-4,2007,6,27,0,19.87,92.0,1.489,0.0,0.35,24.98,0.0,5.3359,21.0755,15.7396,15.8538,85.4019,23.8972,135.9581,2.3987,33.2039,5.449,0.5468,20.919,20.9463,53.4575,0.0,0.0,0.0,0.0
PRF,45.996,-77.427,-4,2007,6,27,1,18.71,95.8,1.223,0.0,0.35,24.98,0.0,5.3359,21.0755,15.7396,18.2455,83.3082,23.8972,135.9581,1.785,33.2039,4.0054,0.3171,24.1051,24.1164,52.2601,0.0,0.0,0.0,0.0
PRF,45.996,-77.427,-4,2007,6,27,2,18.33,95.8,1.309,0.0,0.35,24.98,0.0,5.3359,21.0755,15.7396,20.0855,81.7381,23.8972,135.9581,1.4739,33.2039,3.2113,0.2145,25.4719,25.4765,51.7048,0.0,0.0,0.0,0.0
PRF,45.996,-77.427,-4,2007,6,27,3,17.38,98.1,1.662,0.0,0.35,24.98,0.0,5.3359,21.0755,15.7396,21.9917,80.1476,23.8972,135.9581,1.2545,33.2039,2.6147,0.1491,27.0398,27.0417,51.0403,0.0,0.0,0.0,0.0
PRF,45.996,-77.427,-4,2007,6,27,4,17.14,99.3,1.558,0.0,0.35,24.98,0.0,5.3359,21.0755,15.7396,23.7341,78.7247,23.8972,135.9581,1.0848,33.2039,2.1224,0.1031,28.2113,28.2122,50.5548,0.0,0.0,0.0,0.0
PRF,45.996,-77.427,-4,2007,6,27,5,17.51,100.0,1.236,0.0,0.35,24.98,0.0,5.3359,21.0755,15.7396,25.2388,77.5191,23.8972,135.9581,0.9633,33.2039,1.7417,0.0726,28.9434,28.9438,50.2582,0.0,0.0,0.0,0.0
PRF,45.996,-77.427,-4,2007,6,27,6,17.38,98.2,2.505,0.0,0.35,24.98,0.0061,5.3359,21.0755,15.7396,26.022,76.8999,23.9042,136.4063,0.9799,33.244,1.7984,0.0769,28.9434,28.9438,50.2029,0.0,0.0,0.0,0.0
PRF,45.996,-77.427,-4,2007,6,27,7,21.13,87.1,4.721,0.0,0.35,24.98,0.1177,5.3359,21.0755,15.7396,25.6656,77.181,23.9647,136.9107,1.1187,33.3399,2.2327,0.1127,25.0572,27.4301,51.6469,0.0,0.0,0.0,0.0
PRF,45.996,-77.427,-4,2007,6,27,8,22.54,82.9,4.516,0.0,0.35,24.98,0.2467,5.3359,21.0755,15.7396,25.0102,77.7009,24.0503,137.4363,1.1531,33.4617,2.3422,0.1227,20.0206,25.3133,53.477,0.0,0.0,0.0,0.0
PRF,45.996,-77.427,-4,2007,6,27,9,25.37,72.63,4.238,0.0,0.35,24.98,0.4533,5.3359,21.0755,15.7396,23.547,78.8761,24.2044,138.0044,1.2591,33.653,2.66,0.1537,13.8148,21.5582,55.335,0.0592,0.2239,0.0,0.0
PRF,45.996,-77.427,-4,2007,6,27,10,28.13,68.41,5.638,0.0,0.35,24.98,0.6083,5.3359,21.0755,15.7396,21.7327,80.3616,24.4017,138.6138,1.5681,33.8888,3.514,0.2516,9.9258,18.3586,55.9431,0.1621,0.6135,0.0,0.0
PRF,45.996,-77.427,-4,2007,6,27,11,30.21,58.38,9.84,0.0,0.35,24.98,0.7394,5.3359,21.0755,15.7396,19.1299,82.5492,24.6808,139.2545,2.5015,34.2056,5.7915,0.6091,7.6099,15.0186,55.4408,0.4986,1.8867,0.0,0.0
PRF,45.996,-77.427,-4,2007,6,27,12,31.44,50.64,15.38,0.0,0.35,24.98,0.8148,5.3359,21.0755,15.7396,16.3566,84.9566,25.0253,139.9136,4.5421,34.5855,9.958,1.5898,6.7785,12.6985,54.2785,0.896,3.3904,0.0,0.0
PRF,45.996,-77.427,-4,2007,6,27,13,32.67,48.42,13.26,0.0,0.35,24.98,0.8453,5.3359,21.0755,15.7396,14.3416,86.7577,25.3994,140.5911,5.2521,34.9938,11.3002,1.9885,5.7377,11.6668,54.8712,0.8577,3.2455,0.0,0.0
PRF,45.996,-77.427,-4,2007,6,27,14,33.01,41.57,16.82,0.0,0.35,24.98,0.8353,5.3359,21.0755,15.7396,12.4081,88.5286,25.8276,141.2738,8.0947,35.452,15.9694,3.6677,5.493,10.4608,54.0463,1.1278,4.1108,0.0,0.0
PRF,45.996,-77.427,-4,2007,6,27,15,28.37,54.29,12.62,0.0,0.35,24.98,0.7696,5.3359,21.0755,15.7396,12.4081,88.5286,26.1155,141.8868,6.5507,35.7711,13.6376,2.7737,5.8609,11.2262,55.0094,0.8022,3.0352,0.0,0.0
PRF,45.996,-77.427,-4,2007,6,27,16,28.34,60.73,4.735,0.0,0.35,24.98,0.6743,5.3359,21.0755,15.7396,12.4382,88.5007,26.3626,142.4994,4.3853,36.0513,9.9027,1.5742,5.8609,12.1548,56.7992,0.1652,0.6249,0.0,0.0
PRF,45.996,-77.427,-4,2007,6,27,17,32.33,44.77,17.62,0.0,0.35,24.98,0.5812,5.3359,21.0755,15.7396,11.6373,89.2466,26.759,143.1719,9.3432,36.4749,18.0379,4.5501,5.8609,11.1351,53.8267,1.1356,4.1599,0.0,0.0
PRF,45.996,-77.427,-4,2007,6,27,18,31.82,48.15,13.79,0.0,0.35,24.98,0.4426,5.3359,21.0755,15.7396,11.4783,89.3956,27.1252,143.8367,7.8699,36.8685,15.9549,3.6618,6.4872,11.1351,54.6757,0.8249,3.1212,0.0,0.0
PRF,45.996,-77.427,-4,2007,6,27,19,25.3,80.3,14.41,4.6,0.35,24.98,0.2216,5.3359,21.0755,15.7396,87.1191,41.3463,17.9695,137.2812,0.0918,27.0781,0.1013,0.0005,94.5321,51.802,25.1195,0.0,0.0,4.6,0.0
PRF,45.996,-77.427,-4,2007,6,27,20,24.97,86.0,8.67,0.5,0.35,24.98,0.0881,5.3359,21.0755,15.7396,87.3319,41.2548,16.1805,136.6935,0.0676,24.9713,0.0707,0.0003,127.5044,44.694,16.1866,0.0,0.0,5.1,0.0
PRF,45.996,-77.427,-4,2007,6,27,21,24.28,82.3,7.095,0.0,0.35,24.98,0.0,5.3359,21.0755,15.7396,76.7267,46.0249,16.2759,137.2452,0.1369,25.1079,0.1437,0.0009,80.8015,34.3342,29.492,0.0,0.0,5.1,1.0
PRF,45.996,-77.427,-4,2007,6,27,22,23.78,83.0,7.155,0.0,0.35,24.98,0.0,5.3359,21.0755,15.7396,68.1929,50.2043,16.2759,137.2452,0.2407,25.1079,0.2525,0.0024,55.5959,28.8771,38.7722,0.0,0.0,5.1,2.0
PRF,45.996,-77.427,-4,2007,6,27,23,23.37,80.2,7.4,0.0,0.35,24.98,0.0,5.3359,21.0755,15.7396,60.1524,54.4567,16.2759,137.2452,0.3847,25.1079,0.4036,0.0055,39.6313,25.094,45.4739,0.0,0.0,5.1,3.0
PRF,45.996,-77.427,-4,2007,6,28,0,21.19,90.2,2.034,0.0,0.35,23.99,0.0,5.3429,21.0755,15.7325,57.6662,55.8391,16.2759,137.2452,0.3326,25.1079,0.3489,0.0042,36.6519,25.094,46.451,0.0,0.0,5.1,4.0
PRF,45.996,-77.427,-4,2007,6,28,1,21.2,83.8,4.253,0.0,0.35,23.99,0.0,5.3429,21.0755,15.7325,53.3432,58.3245,16.2759,137.2452,0.4526,25.1079,0.4749,0.0073,31.7593,24.2008,48.5001,0.0,0.0,0.0,0.0
PRF,45.996,-77.427,-4,2007,6,28,2,20.11,83.4,4.972,0.0,0.35,23.99,0.0,5.3429,21.0755,15.7325,49.4776,60.6393,16.2759,137.2452,0.5463,25.1079,0.5732,0.0102,28.5619,23.6548,49.7923,0.0,0.0,0.0,0.0
PRF,45.996,-77.427,-4,2007,6,28,3,19.8,87.1,4.428,0.0,0.35,23.99,0.0,5.3429,21.0755,15.7325,46.8834,62.2445,16.2759,137.2452,0.5811,25.1079,0.6097,0.0113,27.3445,23.6548,50.3111,0.0,0.0,0.0,0.0
PRF,45.996,-77.427,-4,2007,6,28,4,19.9,80.6,7.634,0.0,0.35,23.99,0.0,5.3429,21.0755,15.7325,42.9916,64.7347,16.2759,137.2452,0.7661,25.1079,0.8038,0.0185,24.9908,22.8271,50.9918,0.0,0.0,0.0,0.0
PRF,45.996,-77.427,-4,2007,6,28,5,18.5,74.43,7.399,0.0,0.35,23.99,0.0,5.3429,21.0755,15.7325,39.0785,67.3434,16.2759,137.2452,0.8335,25.1079,0.8746,0.0215,22.8268,21.635,51.7719,0.0,0.0,0.0,0.0
PRF,45.996,-77.427,-4,2007,6,28,6,17.21,77.81,10.39,0.0,0.35,23.99,0.049,5.3429,21.0755,15.7325,36.0923,69.4091,16.3607,137.6908,1.0359,25.2274,1.3841,0.0484,21.7214,21.5647,51.8214,0.0569,0.2152,0.0,0.0
PRF,45.996,-77.427,-4,2007,6,28,7,16.22,74.54,10.25,0.0,0.35,23.99,0.1482,5.3429,21.0755,15.7325,33.3708,71.3511,16.4524,138.1216,1.0961,25.3545,1.579,0.0611,19.9876,21.229,52.3487,0.0987,0.3734,0.0,0.0
PRF,45.996,-77.427,-4,2007,6,28,8,14.61,75.59,9.88,0.0,0.35,23.99,0.2262,5.3429,21.0755,15.7325,31.3599,72.8241,16.5315,138.5283,1.1365,25.4656,1.7032,0.0698,18.8942,21.229,52.7008,0.1202,0.4548,0.0,0.0
PRF,45.996,-77.427,-4,2007,6,28,9,13.86,75.05,9.55,0.0,0.35,23.99,0.3065,5.3429,21.0755,15.7325,29.6863,74.0755,16.6083,138.9237,1.1811,25.5734,1.8339,0.0796,17.8612,21.229,53.0217,0.1387,0.5246,0.0,0.0
PRF,45.996,-77.427,-4,2007,6,28,10,13.32,69.42,12.72,0.0,0.35,23.99,0.4204,5.3429,21.0755,15.7325,27.8139,75.504,16.6987,139.311,1.4956,25.6969,2.6296,0.1506,16.54,20.8305,52.8596,0.2349,0.8888,0.0,0.0
PRF,45.996,-77.427,-4,2007,6,28,11,13.86,66.08,11.18,0.0,0.35,23.99,0.5229,5.3429,21.0755,15.7325,26.0659,76.8654,16.8031,139.7064,1.5134,25.8373,2.6841,0.1562,14.9331,20.2088,53.4572,0.2472,0.9353,0.0,0.0
PRF,45.996,-77.427,-4,2007,6,28,12,14.95,56.66,10.99,0.0,0.35,23.99,0.6581,5.3429,21.0755,15.7325,24.0039,78.507,16.9469,140.1181,1.711,26.0248,3.1567,0.2081,12.6196,18.7852,53.9404,0.3043,1.1512,0.0,0.0
PRF,45.996,-77.427,-4,2007,6,28,13,16.38,52.15,11.64,0.0,0.35,23.99,0.7291,5.3429,21.0755,15.7325,21.9432,80.1876,17.1209,140.5513,2.0829,26.2484,3.9912,0.3152,10.9852,17.4233,54.0887,0.3826,1.4476,0.0,0.0
PRF,45.996,-77.427,-4,2007,6,28,14,16.21,50.2,10.19,0.0,0.35,23.99,0.7257,5.3429,21.0755,15.7325,20.292,81.5641,17.3002,140.982,2.2588,26.4775,4.385,0.3723,10.2724,16.6934,54.4904,0.354,1.3396,0.0,0.0
PRF,45.996,-77.427,-4,2007,6,28,15,17.67,45.02,10.29,0.0,0.35,23.99,0.7178,5.3429,21.0755,15.7325,18.5869,83.0142,17.5158,141.4345,2.714,26.7497,5.3335,0.5265,9.4501,15.617,54.5947,0.3915,1.4812,0.0,0.0
PRF,45.996,-77.427,-4,2007,6,28,16,18.65,45.18,12.0,0.0,0.35,23.99,0.6471,5.3429,21.0755,15.7325,17.1749,84.2378,17.7428,141.9018,3.4742,27.0348,6.8029,0.8099,9.4501,15.0213,54.2379,0.4673,1.768,0.0,0.0
PRF,45.996,-77.427,-4,2007,6,28,17,18.66,42.42,11.35,0.0,0.35,23.99,0.5449,5.3429,21.0755,15.7325,15.9749,85.2944,17.9813,142.3692,3.8842,27.3324,7.58,0.9808,9.4501,14.5132,54.3743,0.4388,1.6604,0.0,0.0
PRF,45.996,-77.427,-4,2007,6,28,18,18.76,39.59,9.01,0.0,0.35,23.99,0.4199,5.3429,21.0755,15.7325,14.9538,86.2058,18.2329,142.8381,3.9212,27.6441,7.6962,1.0076,9.4501,14.0205,54.8573,0.3322,1.2569,0.0,0.0
PRF,45.996,-77.427,-4,2007,6,28,19,18.52,40.07,7.476,0.0,0.35,23.99,0.2766,5.3429,21.0755,15.7325,14.2518,86.839,18.4793,143.3034,3.9698,27.9485,7.8319,1.0392,9.6017,13.9256,55.1413,0.2528,0.9566,0.0,0.0
PRF,45.996,-77.427,-4,2007,6,28,20,17.44,44.54,7.284,0.0,0.35,23.99,0.1291,5.3429,21.0755,15.7325,13.9939,87.073,18.694,143.7525,4.0647,28.2151,8.0425,1.0892,10.7757,13.9256,54.9722,0.2141,0.8103,0.0,0.0
PRF,45.996,-77.427,-4,2007,6,28,21,11.92,74.1,3.144,0.0,0.35,23.99,0.0,5.3429,21.0755,15.7325,14.7856,86.357,18.7626,144.1188,2.9806,28.3108,6.0625,0.6605,15.2687,16.8341,54.6165,0.0311,0.1176,0.0,0.0
PRF,45.996,-77.427,-4,2007,6,28,22,8.97,90.5,3.492,0.0,0.35,23.99,0.0,5.3429,21.0755,15.7325,16.5494,84.7867,18.7626,144.1188,2.4377,28.3108,4.9721,0.465,20.6224,21.4158,52.8998,0.0,0.0,0.0,0.0
PRF,45.996,-77.427,-4,2007,6,28,23,8.16,91.3,2.7,0.0,0.35,23.99,0.0,5.3429,21.0755,15.7325,18.0211,83.502,18.7626,144.1188,1.9721,28.3108,3.9712,0.3124,23.5162,23.9337,51.9174,0.0,0.0,0.0,0.0
PRF,45.996,-77.427,-4,2007,6,29,0,6.663,96.5,1.884,0.0,0.35,23.0,0.0,5.3506,21.0748,15.7242,19.7834,81.9935,18.7626,144.1188,1.5645,28.3108,3.0281,0.1933,26.426,26.6568,50.3688,0.0,0.0,0.0,0.0
PRF,45.996,-77.427,-4,2007,6,29,1,6.151,98.3,2.664,0.0,0.35,23.0,0.0,5.3506,21.0748,15.7242,21.5722,80.4945,18.7626,144.1188,1.3694,28.3108,2.5453,0.1421,28.652,28.7783,49.4214,0.0,0.0,0.0,0.0
PRF,45.996,-77.427,-4,2007,6,29,2,5.608,99.2,2.616,0.0,0.35,23.0,0.0,5.3506,21.0748,15.7242,23.2042,79.1544,18.7626,144.1188,1.1911,28.3108,2.077,0.0992,30.1973,30.2673,48.7808,0.0,0.0,0.0,0.0
PRF,45.996,-77.427,-4,2007,6,29,3,4.801,99.5,3.984,0.0,0.35,23.0,0.0,5.3506,21.0748,15.7242,24.674,77.9691,18.7626,144.1188,1.1476,28.3108,1.9566,0.0892,31.2615,31.2999,48.2827,0.0,0.0,0.0,0.0
PRF,45.996,-77.427,-4,2007,6,29,4,4.491,98.7,3.768,0.0,0.35,23.0,0.0,5.3506,21.0748,15.7242,25.7548,77.1105,18.7626,144.1188,1.0606,28.3108,1.7061,0.07,31.6205,31.6418,48.1402,0.0,0.0,0.0,0.0
PRF,45.996,-77.427,-4,2007,6,29,5,3.708,99.2,2.76,0.0,0.35,23.0,0.0,5.3506,21.0748,15.7242,26.7113,76.3595,18.7626,144.1188,0.9558,28.3108,1.3697,0.0475,32.0504,32.0626,47.9932,0.0,0.0,0.0,0.0
PRF,45.996,-77.427,-4,2007,6,29,6,3.982,99.7,2.94,0.0,0.35,23.0,0.0004,5.3506,21.0748,15.7242,27.6123,75.6596,18.7628,144.366,0.9223,28.323,1.2441,0.04,32.4088,32.4315,47.835,0.0,0.0,0.0,0.0
PRF,45.996,-77.427,-4,2007,6,29,7,9.43,89.1,1.812,0.0,0.35,23.0,0.0566,5.3506,21.0748,15.7242,27.5178,75.7326,18.7857,144.6949,0.8752,28.3648,0.9954,0.027,30.9057,31.7874,48.5116,0.0,0.0,0.0,0.0
PRF,45.996,-77.427,-4,2007,6,29,8,11.18,77.66,5.148,0.0,0.35,23.0,0.1832,5.3506,21.0748,15.7242,26.8205,76.2743,18.8411,145.0501,1.0719,28.4451,1.7496,0.0732,25.9297,29.0021,50.367,0.0,0.0,0.0,0.0
PRF,45.996,-77.427,-4,2007,6,29,9,14.99,62.46,4.8,0.0,0.35,23.0,0.3978,5.3506,21.0748,15.7242,25.229,77.5269,18.966,145.4625,1.1535,28.6072,1.9957,0.0924,18.5212,24.3243,52.9686,0.0131,0.0494,0.0,0.0
PRF,45.996,-77.427,-4,2007,6,29,10,17.8,46.04,8.35,0.0,0.35,23.0,0.5951,5.3506,21.0748,15.7242,22.4969,79.732,19.1793,145.917,1.6833,28.8714,3.363,0.2327,12.1608,18.8962,54.0238,0.2027,0.7669,0.0,0.0
PRF,45.996,-77.427,-4,2007,6,29,11,19.3,43.44,11.81,0.0,0.35,23.0,0.7067,5.3506,21.0748,15.7242,19.9075,81.8885,19.4216,146.394,2.5474,29.1689,5.3032,0.5212,9.6476,15.9066,53.7635,0.4077,1.5425,0.0,0.0
PRF,45.996,-77.427,-4,2007,6,29,12,20.77,41.67,6.204,0.0,0.35,23.0,0.7843,5.3506,21.0748,15.7242,17.9327,83.5785,19.6905,146.893,2.3766,29.4964,4.9824,0.4667,7.4619,14.4377,55.242,0.2122,0.803,0.0,0.0
PRF,45.996,-77.427,-4,2007,6,29,13,21.52,39.15,9.38,0.0,0.35,23.0,0.8207,5.3506,21.0748,15.7242,16.1112,85.1736,19.9813,147.4033,3.4589,29.8476,7.1981,0.895,6.9481,13.4263,54.6334,0.4156,1.5725,0.0,0.0
PRF,45.996,-77.427,-4,2007,6,29,14,21.69,37.44,8.87,0.0,0.35,23.0,0.8129,5.3506,21.0748,15.7242,14.6796,86.4524,20.2825,147.9162,4.0315,30.2092,8.3123,1.1547,6.6478,12.8622,54.7822,0.3998,1.5126,0.0,0.0
PRF,45.996,-77.427,-4,2007,6,29,15,22.81,35.43,17.8,0.0,0.35,23.0,0.7705,5.3506,21.0748,15.7242,13.2618,87.7414,20.6095,148.4458,7.5967,30.5986,14.0886,2.9381,6.6478,12.1818,52.76,0.8675,3.2824,0.0,0.0
PRF,45.996,-77.427,-4,2007,6,29,16,22.88,37.2,15.12,0.0,0.35,23.0,0.6845,5.3506,21.0748,15.7242,12.4496,88.4901,20.9284,148.9765,7.3893,30.9775,13.8782,2.8609,6.6478,12.1818,53.3783,0.7351,2.7816,0.0,0.0
PRF,45.996,-77.427,-4,2007,6,29,17,21.45,41.2,13.04,0.0,0.35,23.0,0.5618,5.3506,21.0748,15.7242,12.2436,88.6812,21.2084,149.4858,6.8391,31.3111,13.1372,2.5961,7.3429,12.1818,53.7799,0.5832,2.2066,0.0,0.0
PRF,45.996,-77.427,-4,2007,6,29,18,16.55,66.4,15.28,0.0,0.35,23.0,0.3345,5.3506,21.0748,15.7242,13.1629,87.8322,21.3319,149.9215,6.7783,31.4695,13.0803,2.5762,11.4169,15.1313,52.8094,0.444,1.6801,0.0,0.0
PRF,45.996,-77.427,-4,2007,6,29,19,13.9,92.4,6.972,1.0,0.35,23.0,0.0687,5.3506,21.0748,15.7242,27.0996,76.057,21.3553,150.3175,1.1585,31.5168,2.222,0.1118,186.5452,31.6778,3.8519,0.0,0.0,1.0,0.0
PRF,45.996,-77.427,-4,2007,6,29,20,13.76,92.5,5.04,0.0,0.35,23.0,0.0324,5.3506,21.0748,15.7242,27.0884,76.0657,21.3783,150.7114,1.0516,31.5634,1.9109,0.0856,151.7734,31.2585,10.3624,0.0,0.0,1.0,1.0
PRF,45.996,-77.427,-4,2007,6,29,21,13.53,93.1,4.236,0.0,0.35,23.0,0.0,5.3506,21.0748,15.7242,27.0884,76.0657,21.399,151.1019,1.0098,31.6074,1.7851,0.0759,133.4307,31.0221,14.3669,0.0,0.0,1.0,2.0
PRF,45.996,-77.427,-4,2007,6,29,22,10.84,99.2,1.908,0.0,0.35,23.0,0.0,5.3506,21.0748,15.7242,27.7739,75.5348,21.399,151.1019,0.869,31.6074,1.296,0.043,131.919,31.0221,14.7175,0.0,0.0,1.0,3.0
PRF,45.996,-77.427,-4,2007,6,29,23,10.81,99.9,4.056,0.0,0.35,23.0,0.0,5.3506,21.0748,15.7242,28.5293,74.9546,21.399,151.1019,0.9367,31.6074,1.5465,0.0588,131.6866,31.1281,14.7717,0.0,0.0,1.0,4.0
PRF,45.996,-77.427,-4,2007,6,30,0,9.31,99.8,4.068,0.0,0.35,22.9,0.0,5.3588,21.0734,15.7146,29.1348,74.4931,21.399,151.1019,0.9147,31.6074,1.4696,0.0538,131.2501,31.3448,14.8528,0.0,0.0,0.0,0.0
PRF,45.996,-77.427,-4,2007,6,30,1,8.83,99.9,4.476,0.0,0.35,22.9,0.0,5.3588,21.0734,15.7146,29.6604,74.095,21.399,151.1019,0.9155,31.6074,1.4723,0.0539,131.0301,31.554,14.9043,0.0,0.0,0.0,0.0
PRF,45.996,-77.427,-4,2007,6,30,2,7.712,99.9,4.26,0.0,0.35,22.9,0.0,5.3588,21.0734,15.7146,30.1053,73.76,21.399,151.1019,0.8914,31.6074,1.3842,0.0484,130.8232,31.8019,14.9528,0.0,0.0,0.0,0.0
PRF,45.996,-77.427,-4,2007,6,30,3,7.072,99.9,2.448,0.0,0.35,22.9,0.0,5.3588,21.0734,15.7146,30.4613,73.4931,21.399,151.1019,0.8039,31.6074,0.9832,0.0264,130.6517,32.0003,14.993,0.0,0.0,0.0,0.0
PRF,45.996,-77.427,-4,2007,6,30,4,5.707,99.8,4.092,0.1,0.35,22.9,0.0,5.3588,21.0734,15.7146,30.7821,73.2535,21.399,151.1019,0.8643,31.6074,1.2766,0.0419,158.732,33.7146,8.9368,0.0,0.0,0.1,0.0
PRF,45.996,-77.427,-4,2007,6,30,5,4.922,99.8,3.54,0.0,0.35,22.9,0.0,5.3588,21.0734,15.7146,31.0606,73.0462,21.399,151.1019,0.8333,31.6074,1.1296,0.0337,158.2777,33.7146,9.027,0.0,0.0,0.1,1.0
PRF,45.996,-77.427,-4,2007,6,30,6,6.117,99.9,2.016,0.0,0.35,22.9,0.0002,5.3588,21.0734,15.7146,31.2743,72.8876,21.3991,151.3812,0.7667,31.6228,0.938,0.0243,158.037,33.7146,9.0748,0.0,0.0,0.1,2.0
PRF,45.996,-77.427,-4,2007,6,30,7,8.56,99.8,2.604,0.0,0.35,22.9,0.0011,5.3588,21.0734,15.7146,31.3754,72.8126,21.3995,151.6971,0.7873,31.6404,0.9636,0.0255,157.2673,33.7146,9.2283,0.0,0.0,0.1,3.0
PRF,45.996,-77.427,-4,2007,6,30,8,11.38,90.4,3.624,0.0,0.35,22.9,0.0943,5.3588,21.0734,15.7146,31.0808,73.0312,21.4238,152.0553,0.8363,31.6864,1.1536,0.035,120.1935,32.8063,17.5318,0.0,0.0,0.1,4.0
PRF,45.996,-77.427,-4,2007,6,30,9,13.01,76.96,5.508,0.0,0.35,22.9,0.2799,5.3588,21.0734,15.7146,29.8274,73.9691,21.4903,152.4379,0.9586,31.78,1.6317,0.0647,68.8202,29.1823,33.0113,0.0,0.0,0.0,0.0
PRF,45.996,-77.427,-4,2007,6,30,10,15.08,63.74,10.54,0.0,0.35,22.9,0.4864,5.3588,21.0734,15.7146,27.474,75.7666,21.6117,152.8516,1.3615,31.9351,2.8129,0.1697,32.7891,23.9628,47.3499,0.0,0.0,0.0,0.0
PRF,45.996,-77.427,-4,2007,6,30,11,15.41,56.37,10.38,0.0,0.35,22.9,0.6125,5.3588,21.0734,15.7146,25.0856,77.6409,21.7609,153.2703,1.542,32.1208,3.2999,0.2251,18.0745,20.4349,52.3282,0.133,0.5033,0.0,0.0
PRF,45.996,-77.427,-4,2007,6,30,12,15.55,64.69,10.68,0.0,0.35,22.9,0.6117,5.3588,21.0734,15.7146,23.6256,78.8125,21.8828,153.691,1.7318,32.2766,3.7902,0.2876,14.3331,19.6148,53.137,0.2246,0.8497,0.0,0.0
PRF,45.996,-77.427,-4,2007,6,30,13,13.25,82.8,5.748,1.4,0.35,22.9,0.3715,5.3588,21.0734,15.7146,45.6322,63.0342,21.9334,154.0773,0.646,32.353,0.8026,0.0184,127.6917,37.7903,15.6944,0.0,0.0,1.4,0.0
PRF,45.996,-77.427,-4,2007,6,30,14,15.3,69.59,5.1,0.1,0.35,22.9,0.5752,5.3588,21.0734,15.7146,43.8271,64.1916,22.0367,154.4943,0.659,32.4883,0.8212,0.0192,62.7257,31.3358,35.2621,0.0,0.0,1.5,0.0
PRF,45.996,-77.427,-4,2007,6,30,15,16.0,61.42,10.66,0.0,0.35,22.9,0.618,5.3588,21.0734,15.7146,38.438,67.7808,22.1738,154.9218,0.9967,32.6608,1.8142,0.0781,27.217,24.393,49.4613,0.0,0.0,1.5,1.0
PRF,45.996,-77.427,-4,2007,6,30,16,18.14,58.04,5.94,0.0,0.35,22.9,0.5972,5.3588,21.0734,15.7146,33.9429,70.938,22.3427,155.3814,0.8698,32.8695,1.3909,0.0488,15.3576,20.4944,53.6573,0.0685,0.2593,1.5,2.0
PRF,45.996,-77.427,-4,2007,6,30,17,17.6,49.79,7.896,0.0,0.35,22.9,0.5201,5.3588,21.0734,15.7146,29.5844,74.1525,22.5389,155.8329,1.0907,33.1068,2.1335,0.104,12.1721,17.778,54.0541,0.1855,0.7019,1.5,3.0
PRF,45.996,-77.427,-4,2007,6,30,18,16.91,49.75,4.104,0.0,0.35,22.9,0.3922,5.3588,21.0734,15.7146,26.6091,76.4394,22.7276,156.274,1.0283,33.335,1.9579,0.0893,11.8341,16.796,54.7855,0.0617,0.2335,1.5,4.0
PRF,45.996,-77.427,-4,2007,6,30,19,16.31,54.74,6.192,0.0,0.35,22.9,0.248,5.3588,21.0734,15.7146,24.4179,78.1743,22.8914,156.7062,1.305,33.5357,2.7799,0.1661,12.0171,16.796,54.3867,0.1279,0.4839,0.0,0.0
PRF,45.996,-77.427,-4,2007,6,30,20,15.3,57.31,6.852,0.0,0.35,22.9,0.1138,5.3588,21.0734,15.7146,22.8448,79.4473,23.0364,157.1232,1.5171,33.7151,3.3662,0.2331,13.1987,16.796,54.0231,0.13,0.492,0.0,0.0
PRF,45.996,-77.427,-4,2007,6,30,21,13.49,65.9,3.456,0.0,0.35,22.9,0.0,5.3588,21.0734,15.7146,22.1658,80.0041,23.1386,157.513,1.3527,33.8469,2.9347,0.1829,15.3847,17.15,54.0039,0.0297,0.1125,0.0,0.0
PRF,45.996,-77.427,-4,2007,6,30,22,12.37,66.56,4.5,0.0,0.35,22.9,0.0,5.3588,21.0734,15.7146,21.6275,80.4487,23.1386,157.513,1.4947,33.8469,3.3176,0.2272,16.6777,17.5438,53.5018,0.0274,0.1037,0.0,0.0
PRF,45.996,-77.427,-4,2007,6,30,23,9.31,83.3,3.648,0.0,0.35,22.9,0.0,5.3588,21.0734,15.7146,21.6275,80.4487,23.1386,157.513,1.4319,33.8469,3.1499,0.2073,19.8362,20.2768,52.628,0.0011,0.0041,0.0,0.0
PRF,45.996,-77.427,-4,2007,7,1,0,11.46,71.93,6.72,0.0,0.35,22.8,0.0,5.3677,21.0714,15.7037,21.3569,80.6733,23.1386,157.513,1.7132,33.8469,3.8829,0.3002,19.8362,20.2768,52.1124,0.0,0.0,0.0,0.0
PRF,45.996,-77.427,-4,2007,7,1,1,9.79,77.53,8.75,0.0,0.35,22.8,0.0,5.3677,21.0714,15.7037,21.3467,80.6817,23.1386,157.513,1.8994,33.8469,4.3461,0.3664,20.5553,20.7605,51.7376,0.0,0.0,0.0,0.0
PRF,45.996,-77.427,-4,2007,7,1,2,8.05,85.8,5.868,0.0,0.35,22.8,0.0,5.3677,21.0714,15.7037,21.5473,80.5152,23.1386,157.513,1.613,33.8469,3.6269,0.266,22.4609,22.5634,51.4448,0.0,0.0,0.0,0.0
PRF,45.996,-77.427,-4,2007,7,1,3,7.741,86.1,5.052,0.0,0.35,22.8,0.0,5.3677,21.0714,15.7037,21.7377,80.3575,23.1386,157.513,1.5218,33.8469,3.3892,0.236,23.4898,23.5421,51.1689,0.0,0.0,0.0,0.0
PRF,45.996,-77.427,-4,2007,7,1,4,7.405,88.6,7.8,0.0,0.35,22.8,0.0,5.3677,21.0714,15.7037,22.1227,80.0396,23.1386,157.513,1.69,33.8469,3.8242,0.2922,24.6096,24.6352,50.5562,0.0,0.0,0.0,0.0
PRF,45.996,-77.427,-4,2007,7,1,5,6.624,93.9,4.464,0.0,0.35,22.8,0.0,5.3677,21.0714,15.7037,22.9658,79.3485,23.1386,157.513,1.3322,33.8469,2.878,0.1767,26.4655,26.4789,50.1072,0.0,0.0,0.0,0.0
PRF,45.996,-77.427,-4,2007,7,1,6,6.824,93.8,2.904,0.0,0.35,22.8,0.0096,5.3677,21.0714,15.7037,23.6161,78.8202,23.148,157.8029,1.1712,33.8737,2.4235,0.1303,27.0889,27.363,49.845,0.0,0.0,0.0,0.0
PRF,45.996,-77.427,-4,2007,7,1,7,9.1,86.9,7.08,0.0,0.35,22.8,0.0643,5.3677,21.0714,15.7037,23.6161,78.8202,23.1744,158.1269,1.4455,33.9207,3.1921,0.2122,26.3962,27.3185,49.6221,0.0,0.0,0.0,0.0
PRF,45.996,-77.427,-4,2007,7,1,8,10.71,80.3,7.74,0.0,0.35,22.8,0.1625,5.3677,21.0714,15.7037,23.431,78.9702,23.2213,158.475,1.5154,33.9909,3.3838,0.2353,23.8892,26.2639,49.9731,0.0,0.0,0.0,0.0
PRF,45.996,-77.427,-4,2007,7,1,9,11.14,80.7,5.244,0.0,0.35,22.8,0.2259,5.3677,21.0714,15.7037,23.2856,79.0882,23.269,158.8296,1.3513,34.0624,2.9467,0.1842,21.7873,25.6109,50.3901,0.0,0.0,0.0,0.0
PRF,45.996,-77.427,-4,2007,7,1,10,14.17,58.95,13.68,0.0,0.35,22.8,0.5004,5.3677,21.0714,15.7037,21.9016,80.2219,23.3981,159.2297,2.3169,34.2237,5.3736,0.5335,16.4486,21.6343,50.9034,0.0852,0.3225,0.0,0.0
PRF,45.996,-77.427,-4,2007,7,1,11,13.93,62.77,13.19,0.0,0.35,22.8,0.5478,5.3677,21.0714,15.7037,21.0065,80.9651,23.5133,159.6261,2.452,34.3697,5.6981,0.5919,14.6737,20.2301,51.3422,0.1309,0.4952,0.0,0.0
PRF,45.996,-77.427,-4,2007,7,1,12,15.29,55.15,8.27,0.0,0.35,22.8,0.6713,5.3677,21.0714,15.7037,19.93,81.8695,23.6655,160.043,2.1264,34.5564,4.9622,0.4634,11.9454,18.6494,52.41,0.0407,0.154,0.0,0.0
PRF,45.996,-77.427,-4,2007,7,1,13,16.54,53.27,3.324,0.0,0.35,22.8,0.7251,5.3677,21.0714,15.7037,19.0349,82.6304,23.8371,160.4786,1.8198,34.7646,4.2331,0.3497,9.7587,17.6271,53.3199,0.0185,0.0699,0.0,0.0
PRF,45.996,-77.427,-4,2007,7,1,14,15.28,63.57,11.05,0.0,0.35,22.8,0.6284,5.3677,21.0714,15.7037,18.6726,82.9406,23.9607,160.8953,2.7935,34.9204,6.5208,0.7514,10.3414,17.6271,52.2962,0.1825,0.6906,0.0,0.0
PRF,45.996,-77.427,-4,2007,7,1,15,16.85,56.68,7.872,0.0,0.35,22.8,0.6596,5.3677,21.0714,15.7037,18.0383,83.4872,24.1227,161.3355,2.5543,35.1183,6.0128,0.6509,10.3414,17.307,52.8281,0.0761,0.2879,0.0,0.0
PRF,45.996,-77.427,-4,2007,7,1,16,15.9,65.45,11.66,0.2,0.35,22.8,0.5224,5.3677,21.0714,15.7037,17.9143,83.5945,24.2447,161.7615,3.1352,35.2727,7.2979,0.9171,31.1692,19.7751,51.6636,0.1284,0.4858,0.2,0.0
PRF,45.996,-77.427,-4,2007,7,1,17,14.7,73.39,10.7,0.3,0.35,22.8,0.3643,5.3677,21.0714,15.7037,17.9143,83.5945,24.3315,162.1695,2.9872,35.3889,6.9975,0.8514,57.2091,23.1524,50.7883,0.0232,0.0878,0.5,0.0
PRF,45.996,-77.427,-4,2007,7,1,18,14.55,76.75,7.992,0.5,0.35,22.8,0.2545,5.3677,21.0714,15.7037,30.1631,73.7166,24.4066,162.5753,1.0737,35.4924,2.2387,0.1133,104.1254,27.8635,49.3579,0.0,0.0,1.0,0.0
PRF,45.996,-77.427,-4,2007,7,1,19,15.7,65.97,11.47,0.0,0.35,22.8,0.217,5.3677,21.0714,15.7037,27.7828,75.528,24.5252,162.9983,1.4063,35.643,3.2173,0.2152,53.0284,23.3968,50.6329,0.0178,0.0673,1.0,1.0
PRF,45.996,-77.427,-4,2007,7,1,20,13.86,77.64,10.86,1.8,0.35,22.8,0.0765,5.3677,21.0714,15.7037,67.7929,50.4083,19.4608,163.3937,0.2973,29.9914,0.3509,0.0043,147.3261,41.3853,43.7753,0.0,0.0,2.8,0.0
PRF,45.996,-77.427,-4,2007,7,1,21,12.67,81.6,6.612,0.0,0.35,22.8,0.0,5.3677,21.0714,15.7037,62.8901,52.9723,19.5126,163.7712,0.3192,30.0687,0.3775,0.0049,108.2582,35.8676,46.1791,0.0,0.0,2.8,1.0
PRF,45.996,-77.427,-4,2007,7,1,22,11.21,92.4,4.272,0.0,0.35,22.8,0.0,5.3677,21.0714,15.7037,61.2082,53.8796,19.5126,163.7712,0.3109,30.0687,0.3676,0.0046,96.4723,34.9584,46.6251,0.0,0.0,2.8,2.0
PRF,45.996,-77.427,-4,2007,7,1,23,9.41,95.5,6.024,0.0,0.35,22.8,0.0,5.3677,21.0714,15.7037,60.2315,54.4132,19.5126,163.7712,0.3574,30.0687,0.4227,0.0059,90.0124,34.7275,46.6748,0.0,0.0,2.8,3.0
PRF,45.996,-77.427,-4,2007,7,2,0,8.69,97.7,4.956,0.0,0.35,22.7,0.0,5.377,21.0686,15.6916,59.7955,54.6531,19.5126,163.7712,0.3464,30.0687,0.4097,0.0056,87.188,34.7275,46.6622,0.0,0.0,2.8,4.0
PRF,45.996,-77.427,-4,2007,7,2,1,8.93,97.1,2.808,0.0,0.35,22.7,0.0,5.377,21.0686,15.6916,59.3278,54.9115,19.5126,163.7712,0.3184,30.0687,0.3766,0.0048,84.3026,34.7008,46.7296,0.0,0.0,0.0,0.0
PRF,45.996,-77.427,-4,2007,7,2,2,7.671,99.2,3.972,0.0,0.35,22.7,0.0,5.377,21.0686,15.6916,59.1995,54.9826,19.5126,163.7712,0.3399,30.0687,0.4019,0.0054,83.4983,34.7008,46.7,0.0,0.0,0.0,0.0
PRF,45.996,-77.427,-4,2007,7,2,3,6.954,98.8,3.804,0.0,0.35,22.7,0.0,5.377,21.0686,15.6916,59.0148,55.0851,19.5126,163.7712,0.3401,30.0687,0.4022,0.0054,82.3662,34.7008,46.7043,0.0,0.0,0.0,0.0
PRF,45.996,-77.427,-4,2007,7,2,4,5.126,99.5,3.132,0.0,0.35,22.7,0.0,5.377,21.0686,15.6916,58.9492,55.1216,19.5126,163.7712,0.3299,30.0687,0.3901,0.0051,81.9612,34.7008,46.7215,0.0,0.0,0.0,0.0
PRF,45.996,-77.427,-4,2007,7,2,5,5.093,99.8,4.044,0.0,0.35,22.7,0.0,5.377,21.0686,15.6916,58.9212,55.1371,19.5126,163.7712,0.3459,30.0687,0.4091,0.0056,81.7881,34.7008,46.6981,0.0,0.0,0.0,0.0
PRF,45.996,-77.427,-4,2007,7,2,6,5.707,99.9,5.004,0.0,0.35,22.7,0.0002,5.377,21.0686,15.6916,58.9059,55.1456,19.5127,164.0443,0.3633,30.0804,0.4298,0.0061,81.6786,34.7008,46.6722,0.0,0.0,0.0,0.0
PRF,45.996,-77.427,-4,2007,7,2,7,9.34,94.2,4.788,0.0,0.35,22.7,0.0314,5.377,21.0686,15.6916,57.8163,55.7547,19.5247,164.3719,0.3793,30.1084,0.4489,0.0066,73.0566,34.3428,46.8296,0.0,0.0,0.0,0.0
PRF,45.996,-77.427,-4,2007,7,2,8,11.79,87.8,6.804,0.0,0.35,22.7,0.1175,5.377,21.0686,15.6916,55.1846,57.2528,19.5566,164.7363,0.4749,30.1617,0.5628,0.0098,55.3287,32.539,47.5161,0.0,0.0,0.0,0.0
PRF,45.996,-77.427,-4,2007,7,2,9,14.82,73.72,9.52,0.0,0.35,22.7,0.3262,5.377,21.0686,15.6916,49.6472,60.5359,19.6431,165.1461,0.6828,30.2817,0.8113,0.0188,32.9345,27.5479,49.3315,0.0,0.0,0.0,0.0
PRF,45.996,-77.427,-4,2007,7,2,10,17.87,65.2,14.86,0.0,0.35,22.7,0.5152,5.377,21.0686,15.6916,42.5597,65.0174,19.7812,165.6016,1.1153,30.4648,2.0229,0.0947,19.2947,22.3475,50.517,0.0641,0.2426,0.0,0.0
PRF,45.996,-77.427,-4,2007,7,2,11,18.99,55.04,6.78,0.0,0.35,22.7,0.6656,5.377,21.0686,15.6916,36.6474,69.02,19.9707,166.074,0.853,30.7093,1.1476,0.0347,12.1014,18.9288,52.4672,0.024,0.0908,0.0,0.0
PRF,45.996,-77.427,-4,2007,7,2,12,20.43,52.04,10.43,0.0,0.35,22.7,0.7531,5.377,21.0686,15.6916,31.0289,73.0698,20.1882,166.5679,1.1803,30.9872,2.246,0.1139,9.6793,16.6861,52.5659,0.1942,0.7349,0.0,0.0
PRF,45.996,-77.427,-4,2007,7,2,13,20.26,49.86,10.32,0.0,0.35,22.7,0.7853,5.377,21.0686,15.6916,26.6668,76.3943,20.4137,167.0593,1.4022,31.2738,2.869,0.1757,8.84,15.6304,52.8245,0.2196,0.8308,0.0,0.0
PRF,45.996,-77.427,-4,2007,7,2,14,21.79,39.18,11.42,0.0,0.35,22.7,0.8102,5.377,21.0686,15.6916,22.2519,79.9333,20.7079,167.5737,2.0059,31.6408,4.3868,0.3725,7.4675,13.736,53.0282,0.3022,1.1435,0.0,0.0
PRF,45.996,-77.427,-4,2007,7,2,15,16.71,79.25,1.428,1.4,0.35,22.7,0.4561,5.377,21.0686,15.6916,44.3748,63.8381,20.7849,168.0118,0.5393,31.7502,0.6616,0.0131,116.322,33.1711,47.4229,0.0,0.0,1.4,0.0
PRF,45.996,-77.427,-4,2007,7,2,16,20.56,50.67,3.36,0.0,0.35,22.7,0.6487,5.377,21.0686,15.6916,37.9395,68.1234,21.0101,168.5077,0.6977,32.0347,0.8611,0.0209,35.0518,23.2445,51.3644,0.0,0.0,1.4,1.0
PRF,45.996,-77.427,-4,2007,7,2,17,18.05,75.82,1.224,0.3,0.35,22.7,0.3895,5.377,21.0686,15.6916,42.9722,64.7474,19.7355,168.966,0.5549,30.5503,0.6633,0.0132,61.1468,25.8714,50.4913,0.0,0.0,1.7,0.0
PRF,45.996,-77.427,-4,2007,7,2,18,20.7,54.84,5.904,0.0,0.35,22.7,0.4056,5.377,21.0686,15.6916,36.693,68.9881,19.9431,169.464,0.8153,30.8189,0.9803,0.0263,26.2621,20.0896,52.2128,0.0,0.0,1.7,1.0
PRF,45.996,-77.427,-4,2007,7,2,19,18.76,65.78,8.26,0.0,0.35,22.7,0.2366,5.377,21.0686,15.6916,32.8566,71.7246,20.0856,169.9329,1.0046,31.0084,1.7277,0.0716,19.4925,19.088,52.2399,0.0271,0.1026,1.7,2.0
PRF,45.996,-77.427,-4,2007,7,2,20,17.95,71.76,4.464,0.1,0.35,22.7,0.1018,5.377,21.0686,15.6916,32.948,71.658,19.7489,170.3896,0.8277,30.6241,0.991,0.0268,33.4193,20.3168,52.2905,0.0,0.0,1.8,0.0
PRF,45.996,-77.427,-4,2007,7,2,21,15.71,84.9,4.212,0.0,0.35,22.7,0.0,5.377,21.0686,15.6916,31.9848,72.3628,19.8015,170.8128,0.8388,30.7045,1.0596,0.0301,30.9049,21.271,51.9942,0.0,0.0,1.8,1.0
PRF,45.996,-77.427,-4,2007,7,2,22,12.5,96.7,1.548,0.0,0.35,22.7,0.0,5.377,21.0686,15.6916,31.9568,72.3834,19.8015,170.8128,0.734,30.7045,0.8803,0.0217,30.9049,25.0225,50.8105,0.0,0.0,1.8,2.0
PRF,45.996,-77.427,-4,2007,7,2,23,11.15,98.3,2.76,0.0,0.35,22.7,0.0,5.377,21.0686,15.6916,31.9568,72.3834,19.8015,170.8128,0.7802,30.7045,0.9358,0.0242,30.9049,27.5886,49.716,0.0,0.0,1.8,3.0
PRF,45.996,-77.427,-4,2007,7,3,0,9.65,99.7,2.196,0.0,0.35,22.6,0.0,5.387,21.0652,15.6783,31.9568,72.3834,19.8015,170.8128,0.7584,30.7045,0.9096,0.023,31.1417,29.4485,48.9326,0.0,0.0,1.8,4.0
PRF,45.996,-77.427,-4,2007,7,3,1,9.17,99.9,2.724,0.0,0.35,22.6,0.0,5.387,21.0652,15.6783,31.9568,72.3834,19.8015,170.8128,0.7788,30.7045,0.9341,0.0241,31.399,30.537,48.457,0.0,0.0,0.0,0.0
PRF,45.996,-77.427,-4,2007,7,3,2,8.32,99.9,2.724,0.0,0.35,22.6,0.0,5.387,21.0652,15.6783,31.9645,72.3777,19.8015,170.8128,0.7787,30.7045,0.9339,0.0241,31.6373,31.1894,48.1831,0.0,0.0,0.0,0.0
PRF,45.996,-77.427,-4,2007,7,3,3,7.163,99.9,2.748,0.0,0.35,22.6,0.0,5.387,21.0652,15.6783,32.0061,72.3471,19.8015,170.8128,0.7787,30.7045,0.9339,0.0241,31.9033,31.6643,47.982,0.0,0.0,0.0,0.0
PRF,45.996,-77.427,-4,2007,7,3,4,6.928,99.9,4.392,0.0,0.35,22.6,0.0,5.387,21.0652,15.6783,32.0497,72.3151,19.8015,170.8128,0.8449,30.7045,1.1015,0.0323,32.0806,31.9568,47.8021,0.0,0.0,0.0,0.0
PRF,45.996,-77.427,-4,2007,7,3,5,7.466,99.9,2.724,0.0,0.35,22.6,0.0,5.387,21.0652,15.6783,32.0677,72.3019,19.8015,170.8128,0.7764,30.7045,0.9312,0.024,32.1018,32.0362,47.8255,0.0,0.0,0.0,0.0
PRF,45.996,-77.427,-4,2007,7,3,6,8.39,99.8,3.84,0.0,0.35,22.6,0.0004,5.387,21.0652,15.6783,32.0677,72.3019,19.8019,171.1261,0.8213,30.7176,0.9853,0.0265,32.1018,32.0362,47.7881,0.0,0.0,0.0,0.0
PRF,45.996,-77.427,-4,2007,7,3,7,11.46,96.5,1.056,0.0,0.35,22.6,0.0222,5.387,21.0652,15.6783,32.0401,72.3222,19.8108,171.4855,0.7144,30.7427,0.8575,0.0207,31.9895,32.0362,47.8778,0.0,0.0,0.0,0.0
PRF,45.996,-77.427,-4,2007,7,3,8,14.82,82.0,1.824,0.0,0.35,22.6,0.184,5.387,21.0652,15.6783,31.1543,72.9766,19.87,171.8953,0.762,30.8305,0.9165,0.0233,26.6502,29.8188,48.7928,0.0,0.0,0.0,0.0
PRF,45.996,-77.427,-4,2007,7,3,9,16.86,67.05,7.896,0.0,0.35,22.6,0.3929,5.387,21.0652,15.6783,28.7382,74.795,19.9933,172.3357,1.127,30.9966,2.0946,0.1007,18.7351,24.5654,50.4809,0.0,0.0,0.0,0.0
PRF,45.996,-77.427,-4,2007,7,3,10,19.78,58.93,4.668,0.0,0.35,22.6,0.569,5.387,21.0652,15.6783,26.1174,76.8248,20.1737,172.8199,1.0868,31.2327,1.9938,0.0923,12.6971,20.4196,52.1884,0.0,0.0,0.0,0.0
PRF,45.996,-77.427,-4,2007,7,3,11,21.89,46.92,3.18,0.0,0.35,22.6,0.7153,5.387,21.0652,15.6783,23.1104,79.2307,20.4316,173.3358,1.2345,31.5624,2.4393,0.1318,8.3121,16.764,53.5,0.0237,0.0897,0.0,0.0
PRF,45.996,-77.427,-4,2007,7,3,12,22.3,47.74,5.28,0.0,0.35,22.6,0.7804,5.387,21.0652,15.6783,20.6172,81.2908,20.6904,173.8578,1.7083,31.8922,3.698,0.2753,7.2584,15.1423,53.6627,0.066,0.2497,0.0,0.0
PRF,45.996,-77.427,-4,2007,7,3,13,23.36,39.69,6.168,0.0,0.35,22.6,0.8275,5.387,21.0652,15.6783,18.0242,83.4993,21.0031,174.3957,2.3478,32.2856,5.2338,0.5092,6.0846,13.4113,53.9419,0.1251,0.4733,0.0,0.0
PRF,45.996,-77.427,-4,2007,7,3,14,21.86,43.89,4.716,0.0,0.35,22.6,0.8025,5.387,21.0652,15.6783,16.6058,84.737,21.2754,174.9111,2.5753,32.6288,5.774,0.6059,6.0846,13.4113,54.1754,0.0702,0.2658,0.0,0.0
PRF,45.996,-77.427,-4,2007,7,3,15,21.59,54.73,2.316,0.0,0.35,22.6,0.725,5.387,21.0652,15.6783,16.1483,85.1408,21.4924,175.4224,2.412,32.9059,5.4457,0.5462,6.1095,13.4113,54.5454,0.036,0.136,0.0,0.0
PRF,45.996,-77.427,-4,2007,7,3,16,22.64,47.33,5.316,0.0,0.35,22.6,0.67,5.387,21.0652,15.6783,15.2997,85.8958,21.7571,175.9495,3.1164,33.2388,6.9941,0.8506,6.1978,13.4113,54.0798,0.0912,0.345,0.0,0.0
PRF,45.996,-77.427,-4,2007,7,3,17,22.27,46.58,4.152,0.0,0.35,22.6,0.5581,5.387,21.0652,15.6783,14.6677,86.4632,22.0212,176.4711,3.1834,33.5698,7.1755,0.8901,6.6229,13.4113,54.2641,0.0622,0.2353,0.0,0.0
PRF,45.996,-77.427,-4,2007,7,3,18,22.17,53.88,1.32,0.0,0.35,22.6,0.4152,5.387,21.0652,15.6783,14.546,86.573,22.2482,176.9911,2.8032,33.8567,6.4135,0.7297,7.619,13.4113,54.693,0.0217,0.0822,0.0,0.0
PRF,45.996,-77.427,-4,2007,7,3,19,22.47,63.29,2.784,0.0,0.35,22.6,0.2613,5.387,21.0652,15.6783,14.546,86.573,22.4313,177.5157,3.0178,34.0926,6.8994,0.8304,9.7862,14.122,54.2915,0.038,0.1439,0.0,0.0
PRF,45.996,-77.427,-4,2007,7,3,20,19.37,70.93,1.38,0.0,0.35,22.6,0.1073,5.387,21.0652,15.6783,14.8963,86.2574,22.5563,177.9937,2.689,34.259,6.2136,0.6899,12.6918,15.7121,54.0385,0.0147,0.0556,0.0,0.0
PRF,45.996,-77.427,-4,2007,7,3,21,16.93,81.4,3.084,0.0,0.35,22.6,0.0,5.387,21.0652,15.6783,15.8926,85.3674,22.6262,178.4352,2.587,34.36,6.0,0.6485,17.1723,18.4401,52.9974,0.0111,0.0419,0.0,0.0
PRF,45.996,-77.427,-4,2007,7,3,22,15.98,81.5,3.672,0.0,0.35,22.6,0.0,5.387,21.0652,15.6783,16.699,84.655,22.6262,178.4352,2.4161,34.36,5.6156,0.5768,19.2036,19.7419,52.5134,0.0021,0.008,0.0,0.0
PRF,45.996,-77.427,-4,2007,7,3,23,15.64,84.6,2.628,0.0,0.35,22.6,0.0,5.387,21.0652,15.6783,17.5455,83.9146,22.6262,178.4352,2.0748,34.36,4.8197,0.4401,20.6956,20.9318,52.2106,0.0,0.0,0.0,0.0
PRF,45.996,-77.427,-4,2007,7,4,0,15.88,83.6,4.356,0.0,0.35,22.5,0.0,5.3974,21.0611,15.6637,18.1548,83.3864,22.6262,178.4352,2.1116,34.36,4.9074,0.4543,21.1299,21.2279,51.9009,0.0,0.0,0.0,0.0
PRF,45.996,-77.427,-4,2007,7,4,1,15.81,82.9,4.512,0.0,0.35,22.5,0.0,5.3974,21.0611,15.6637,18.5713,83.0276,22.6262,178.4352,2.0319,34.36,4.7166,0.4235,21.179,21.2279,51.8862,0.0,0.0,0.0,0.0
PRF,45.996,-77.427,-4,2007,7,4,2,15.5,86.2,1.044,0.0,0.35,22.5,0.0,5.3974,21.0611,15.6637,19.1105,82.5657,22.6262,178.4352,1.6092,34.36,3.66,0.2704,21.885,21.9078,51.9459,0.0,0.0,0.0,0.0
PRF,45.996,-77.427,-4,2007,7,4,3,16.29,74.88,7.212,0.0,0.35,22.5,0.0,5.3974,21.0611,15.6637,19.1105,82.5657,22.6262,178.4352,2.1958,34.36,5.1064,0.4874,21.4687,21.4821,51.5364,0.0,0.0,0.0,0.0
PRF,45.996,-77.427,-4,2007,7,4,4,15.81,73.1,4.944,0.0,0.35,22.5,0.0,5.3974,21.0611,15.6637,19.1038,82.5714,22.6262,178.4352,1.9601,34.36,4.5426,0.3963,21.1076,21.1156,51.8826,0.0,0.0,0.0,0.0
PRF,45.996,-77.427,-4,2007,7,4,5,14.99,84.2,5.304,0.0,0.35,22.5,0.0,5.3974,21.0611,15.6637,19.4396,82.2853,22.6262,178.4352,1.9263,34.36,4.4599,0.3836,21.5655,21.5689,51.6956,0.0,0.0,0.0,0.0
PRF,45.996,-77.427,-4,2007,7,4,6,13.56,94.8,1.62,0.2,0.35,22.5,0.0117,5.3974,21.0611,15.6637,20.8174,81.1231,22.6419,178.8261,1.3935,34.3962,3.0879,0.2001,73.1549,26.1273,50.2748,0.0,0.0,0.2,0.0
PRF,45.996,-77.427,-4,2007,7,4,7,13.83,95.4,3.792,0.1,0.35,22.5,0.033,5.3974,21.0611,15.6637,22.1102,80.0499,22.656,179.221,1.3824,34.4307,3.0601,0.1969,89.7307,27.8416,49.4707,0.0,0.0,0.3,0.0
PRF,45.996,-77.427,-4,2007,7,4,8,13.83,98.6,2.1,0.8,0.35,22.5,0.0179,5.3974,21.0611,15.6637,38.5253,67.721,22.6603,179.616,0.6462,34.4539,0.8382,0.0199,235.1391,41.3386,43.8013,0.0,0.0,1.1,0.0
PRF,45.996,-77.427,-4,2007,7,4,9,14.17,95.4,1.344,1.0,0.35,22.5,0.0788,5.3974,21.0611,15.6637,64.1237,52.3159,19.782,180.016,0.2285,31.0373,0.276,0.0028,205.6756,56.2149,37.6448,0.0,0.0,2.1,0.0
PRF,45.996,-77.427,-4,2007,7,4,10,14.85,94.1,4.068,0.2,0.35,22.5,0.1278,5.3974,21.0611,15.6637,67.3323,50.6442,18.9384,180.4263,0.2171,30.0035,0.2564,0.0024,179.3332,55.5906,37.886,0.0,0.0,2.3,0.0
PRF,45.996,-77.427,-4,2007,7,4,11,15.77,89.9,2.652,0.1,0.35,22.5,0.2464,5.3974,21.0611,15.6637,67.0172,50.8062,18.5369,180.8503,0.206,29.5115,0.2406,0.0022,127.1727,51.431,39.5632,0.0,0.0,2.4,0.0
PRF,45.996,-77.427,-4,2007,7,4,12,15.94,90.6,4.08,0.3,0.35,22.5,0.2554,5.3974,21.0611,15.6637,71.2033,48.6927,17.357,181.2769,0.1705,28.0093,0.1923,0.0015,125.6784,50.6183,39.8895,0.0,0.0,2.7,0.0
PRF,45.996,-77.427,-4,2007,7,4,13,16.35,82.9,5.004,0.3,0.35,22.5,0.4259,5.3974,21.0611,15.6637,72.3754,48.1154,16.2441,177.9489,0.1655,26.4517,0.1797,0.0013,97.5109,45.4364,42.0333,0.0,0.0,3.0,0.0
PRF,45.996,-77.427,-4,2007,7,4,14,17.13,84.8,3.168,0.1,0.35,22.5,0.4009,5.3974,21.0611,15.6637,69.965,49.3094,15.893,178.1386,0.1763,25.9893,0.1892,0.0014,64.4035,40.7288,44.0496,0.0,0.0,3.1,0.0
PRF,45.996,-77.427,-4,2007,7,4,15,17.6,83.0,5.58,0.0,0.35,22.5,0.4154,5.3974,21.0611,15.6637,64.3751,52.1831,15.9594,178.5901,0.2788,26.0901,0.3,0.0032,35.0894,34.7859,46.5349,0.0,0.0,3.1,1.0
PRF,45.996,-77.427,-4,2007,7,4,16,17.8,78.4,7.524,0.0,0.35,22.5,0.4338,5.3974,21.0611,15.6637,57.9504,55.6794,16.0448,179.0446,0.4325,26.2162,0.4669,0.0071,22.2778,29.3409,48.681,0.0,0.0,3.1,2.0
PRF,45.996,-77.427,-4,2007,7,4,17,19.98,69.36,5.544,0.0,0.35,22.5,0.4621,5.3974,21.0611,15.6637,50.8097,59.8314,16.1807,179.5318,0.535,26.4106,0.5803,0.0104,15.7011,24.1729,50.7629,0.0,0.0,3.1,3.0
PRF,45.996,-77.427,-4,2007,7,4,18,19.81,69.16,5.844,0.0,0.35,22.5,0.3519,5.3974,21.0611,15.6637,44.8773,63.5156,16.3163,180.0164,0.6639,26.6042,0.7236,0.0153,14.4978,21.4665,51.6779,0.0,0.0,3.1,4.0
PRF,45.996,-77.427,-4,2007,7,4,19,19.13,75.91,4.716,0.0,0.35,22.5,0.2029,5.3974,21.0611,15.6637,41.1427,65.9538,16.4186,180.4909,0.6934,26.7531,0.7586,0.0167,14.5243,21.0303,51.9333,0.0,0.0,0.0,0.0
PRF,45.996,-77.427,-4,2007,7,4,20,18.82,77.85,5.628,0.0,0.35,22.5,0.0917,5.3974,21.0611,15.6637,38.0984,68.0141,16.5111,180.9607,0.7794,26.8888,0.8555,0.0206,16.0186,21.0303,51.8435,0.0,0.0,0.0,0.0
PRF,45.996,-77.427,-4,2007,7,4,21,16.86,87.3,4.14,0.0,0.35,22.5,0.0,5.3974,21.0611,15.6637,36.8462,68.8812,16.5587,181.4011,0.7435,26.964,0.8176,0.019,19.9587,21.9615,51.6674,0.0,0.0,0.0,0.0
PRF,45.996,-77.427,-4,2007,7,4,22,14.55,96.7,4.044,0.0,0.35,22.5,0.0,5.3974,21.0611,15.6637,36.6756,69.0003,16.5587,181.4011,0.7427,26.964,0.8167,0.019,24.6027,25.4519,50.3931,0.0,0.0,0.0,0.0
PRF,45.996,-77.427,-4,2007,7,4,23,15.47,93.5,6.228,0.0,0.35,22.5,0.0,5.3974,21.0611,15.6637,36.1705,69.3541,16.5587,181.4011,0.8384,26.964,0.922,0.0236,25.3875,25.7206,50.1439,0.0,0.0,0.0,0.0
PRF,45.996,-77.427,-4,2007,7,5,0,15.33,92.4,5.64,0.0,0.35,22.4,0.0,5.4084,21.0564,15.6479,35.6014,69.7551,16.5587,181.4011,0.8244,26.964,0.9065,0.0229,25.3875,25.7206,50.1389,0.0,0.0,0.0,0.0
PRF,45.996,-77.427,-4,2007,7,5,1,15.3,92.7,6.192,0.0,0.35,22.4,0.0,5.4084,21.0564,15.6479,35.0817,70.1234,16.5587,181.4011,0.8577,26.964,0.9432,0.0245,25.4632,25.7206,50.1008,0.0,0.0,0.0,0.0
PRF,45.996,-77.427,-4,2007,7,5,2,14.99,93.7,6.54,0.0,0.35,22.4,0.0,5.4084,21.0564,15.6479,34.6862,70.4052,16.5587,181.4011,0.8808,26.964,0.9686,0.0257,25.8678,25.9697,49.984,0.0,0.0,0.0,0.0
PRF,45.996,-77.427,-4,2007,7,5,3,15.02,94.8,4.092,0.0,0.35,22.4,0.0,5.4084,21.0564,15.6479,34.4409,70.5806,16.5587,181.4011,0.7831,26.964,0.8611,0.0209,26.378,26.4206,49.9703,0.0,0.0,0.0,0.0
PRF,45.996,-77.427,-4,2007,7,5,4,14.44,99.3,5.16,3.0,0.35,22.4,0.0,5.4084,21.0564,15.6479,96.8135,37.341,12.3212,177.6392,0.0263,21.0008,0.0246,0.0,245.5863,76.9695,30.0059,0.0,0.0,3.0,0.0
PRF,45.996,-77.427,-4,2007,7,5,5,14.68,99.7,4.668,0.0,0.35,22.4,0.0,5.4084,21.0564,15.6479,96.6481,37.4067,12.3212,177.6392,0.026,21.0008,0.0243,0.0,243.7506,76.6062,30.1291,0.0,0.0,3.0,1.0
PRF,45.996,-77.427,-4,2007,7,5,6,14.72,99.6,3.336,0.0,0.35,22.4,0.001,5.4084,21.0564,15.6479,96.449,37.4858,12.3225,178.0475,0.0247,21.0098,0.0231,0.0,240.9854,76.1717,30.2771,0.0,0.0,3.0,2.0
PRF,45.996,-77.427,-4,2007,7,5,7,14.99,99.2,3.804,0.0,0.35,22.4,0.0066,5.4084,21.0564,15.6479,96.0334,37.6515,12.3252,178.4598,0.0262,21.0209,0.0245,0.0,232.9512,75.271,30.5848,0.0,0.0,3.0,3.0
PRF,45.996,-77.427,-4,2007,7,5,8,17.03,92.0,3.864,0.0,0.35,22.4,0.1086,5.4084,21.0564,15.6479,91.9016,39.3298,12.3554,178.9028,0.0369,21.0725,0.0346,0.0001,163.836,66.5221,33.6845,0.0,0.0,3.0,4.0
PRF,45.996,-77.427,-4,2007,7,5,9,17.23,94.6,2.556,0.0,0.35,22.4,0.1085,5.4084,21.0564,15.6479,89.4499,40.3533,12.3761,179.3487,0.0421,21.1103,0.0395,0.0001,123.7972,62.0101,35.3655,0.0,0.0,0.0,0.0
PRF,45.996,-77.427,-4,2007,7,5,10,17.7,90.8,5.364,0.0,0.35,22.4,0.2181,5.4084,21.0564,15.6479,84.704,42.3961,12.4122,179.8017,0.0701,21.1708,0.0659,0.0002,76.2931,54.0562,38.4571,0.0,0.0,0.0,0.0
PRF,45.996,-77.427,-4,2007,7,5,11,20.09,84.5,4.716,0.0,0.35,22.4,0.4132,5.4084,21.0564,15.6479,77.548,45.6394,12.4814,180.2906,0.1147,21.2798,0.1081,0.0005,38.3621,43.7387,42.7115,0.0,0.0,0.0,0.0
PRF,45.996,-77.427,-4,2007,7,5,12,21.93,71.61,11.26,0.0,0.35,22.4,0.6587,5.4084,21.0564,15.6479,64.8674,51.924,12.6196,180.807,0.3608,21.4895,0.3424,0.0041,17.6741,29.8675,48.2252,0.0,0.0,0.0,0.0
PRF,45.996,-77.427,-4,2007,7,5,13,22.51,62.23,9.29,0.0,0.35,22.4,0.7578,5.4084,21.0564,15.6479,53.288,58.3569,12.8083,181.3322,0.5847,21.772,0.5594,0.0097,10.9021,21.9106,51.1383,0.0,0.0,0.0,0.0
PRF,45.996,-77.427,-4,2007,7,5,14,23.97,56.37,7.332,0.0,0.35,22.4,0.7867,5.4084,21.0564,15.6479,43.5073,64.3989,13.0405,181.8792,0.744,22.1166,0.719,0.0152,8.3088,17.656,52.6153,0.0576,0.2178,0.0,0.0
PRF,45.996,-77.427,-4,2007,7,5,15,24.89,52.65,6.42,0.0,0.35,22.4,0.7548,5.4084,21.0564,15.6479,35.6404,69.7275,13.3021,182.4401,0.8567,22.5025,0.8371,0.0199,7.4539,15.4459,53.3213,0.0909,0.344,0.0,0.0
PRF,45.996,-77.427,-4,2007,7,5,16,24.65,49.0,2.76,0.0,0.35,22.4,0.6769,5.4084,21.0564,15.6479,30.1922,73.6947,13.5812,182.9973,0.8241,22.9115,0.8147,0.0189,7.0205,14.3822,54.1276,0.0354,0.1338,0.0,0.0
PRF,45.996,-77.427,-4,2007,7,5,17,25.88,42.01,7.968,0.0,0.35,22.4,0.574,5.4084,21.0564,15.6479,24.4416,78.1552,13.9144,183.573,1.4249,23.3955,2.254,0.1146,7.0205,12.8619,53.6588,0.1974,0.747,0.0,0.0
PRF,45.996,-77.427,-4,2007,7,5,18,26.05,42.97,9.1,0.0,0.35,22.4,0.4376,5.4084,21.0564,15.6479,20.3891,81.4823,14.2442,184.1513,2.1176,23.8721,3.7934,0.288,7.0967,12.4789,53.5344,0.2471,0.9351,0.0,0.0
PRF,45.996,-77.427,-4,2007,7,5,19,17.09,89.0,8.95,2.6,0.35,22.4,0.1103,5.4084,21.0564,15.6479,71.141,48.7236,11.0658,184.5951,0.2188,19.2471,0.1936,0.0015,157.5587,48.1714,40.8274,0.0,0.0,2.6,0.0
PRF,45.996,-77.427,-4,2007,7,5,20,17.55,91.1,7.644,0.5,0.35,22.4,0.0454,5.4084,21.0564,15.6479,78.7362,45.0867,9.6125,180.9973,0.1222,16.9717,0.1,0.0005,180.7683,49.595,40.2524,0.0,0.0,3.1,0.0
PRF,45.996,-77.427,-4,2007,7,5,21,16.83,91.6,5.856,0.0,0.35,22.4,0.0,5.4084,21.0564,15.6479,75.1198,46.7874,9.6439,181.4372,0.1437,17.0255,0.1179,0.0006,148.3751,44.9724,42.1813,0.0,0.0,3.1,1.0
PRF,45.996,-77.427,-4,2007,7,5,22,15.74,92.4,7.068,0.0,0.35,22.4,0.0,5.4084,21.0564,15.6479,72.0031,48.2981,9.6439,181.4372,0.1882,17.0255,0.1543,0.001,124.456,41.7018,43.5428,0.0,0.0,3.1,2.0
PRF,45.996,-77.427,-4,2007,7,5,23,15.19,94.0,5.808,0.0,0.35,22.4,0.0,5.4084,21.0564,15.6479,69.8438,49.3701,9.6439,181.4372,0.2029,17.0255,0.1664,0.0011,109.8251,39.8766,44.3335,0.0,0.0,3.1,3.0
PRF,45.996,-77.427,-4,2007,7,6,0,13.69,99.8,3.66,0.0,0.35,22.3,0.0,5.4199,21.0509,15.631,69.7873,49.3985,9.6439,181.4372,0.1827,17.0255,0.1499,0.0009,109.4372,39.855,44.3352,0.0,0.0,3.1,4.0
PRF,45.996,-77.427,-4,2007,7,6,1,13.6,98.5,5.472,0.0,0.35,22.3,0.0,5.4199,21.0509,15.631,69.3073,49.6398,9.6439,181.4372,0.2063,17.0255,0.1692,0.0012,106.2703,39.6235,44.4055,0.0,0.0,0.0,0.0
PRF,45.996,-77.427,-4,2007,7,6,2,12.54,99.9,1.116,0.0,0.35,22.3,0.0,5.4199,21.0509,15.631,69.2878,49.6496,9.6439,181.4372,0.1659,17.0255,0.136,0.0008,106.1408,39.6171,44.4728,0.0,0.0,0.0,0.0
PRF,45.996,-77.427,-4,2007,7,6,3,11.76,99.9,1.824,0.0,0.35,22.3,0.0,5.4199,21.0509,15.631,69.2667,49.6603,9.6439,181.4372,0.1721,17.0255,0.1412,0.0009,105.9998,39.6106,44.4661,0.0,0.0,0.0,0.0
PRF,45.996,-77.427,-4,2007,7,6,4,11.39,99.9,2.988,0.0,0.35,22.3,0.0,5.4199,21.0509,15.631,69.2428,49.6723,9.6439,181.4372,0.1828,17.0255,0.1499,0.0009,105.8415,39.6035,44.4527,0.0,0.0,0.0,0.0
PRF,45.996,-77.427,-4,2007,7,6,5,11.05,99.9,4.272,0.0,0.35,22.3,0.0,5.4199,21.0509,15.631,69.2168,49.6855,9.6439,181.4372,0.1953,17.0255,0.1602,0.0011,105.6684,39.5959,44.4366,0.0,0.0,0.0,0.0
PRF,45.996,-77.427,-4,2007,7,6,6,12.31,99.9,2.868,0.0,0.35,22.3,0.0002,5.4199,21.0509,15.631,69.1923,49.6978,9.6442,181.8094,0.1823,17.03,0.1495,0.0009,105.4693,39.5881,44.461,0.0,0.0,0.0,0.0
PRF,45.996,-77.427,-4,2007,7,6,7,13.15,99.9,4.992,0.0,0.35,22.3,0.0007,5.4199,21.0509,15.631,69.1625,49.7128,9.6445,182.1941,0.2032,17.0346,0.1667,0.0011,105.1309,39.578,44.4327,0.0,0.0,0.0,0.0
PRF,45.996,-77.427,-4,2007,7,6,8,14.1,99.9,5.436,0.1,0.35,22.3,0.0013,5.4199,21.0509,15.631,69.1306,49.7289,9.6448,182.5931,0.2082,17.0395,0.1709,0.0012,133.0329,41.2756,43.7054,0.0,0.0,0.1,0.0
PRF,45.996,-77.427,-4,2007,7,6,9,15.4,99.9,9.11,0.0,0.35,22.3,0.002,5.4199,21.0509,15.631,69.0907,49.7491,9.6451,183.0116,0.2512,17.0446,0.2062,0.0017,132.0543,41.2536,43.6589,0.0,0.0,0.1,1.0
PRF,45.996,-77.427,-4,2007,7,6,10,19.2,83.7,9.07,0.0,0.35,22.3,0.3558,5.4199,21.0509,15.631,62.6825,53.0835,9.7146,183.4871,0.3655,17.1582,0.3012,0.0033,61.7403,34.2209,46.5736,0.0,0.0,0.1,2.0
PRF,45.996,-77.427,-4,2007,7,6,11,18.79,71.07,22.18,0.0,0.35,22.3,0.5599,5.4199,21.0509,15.631,52.4449,58.8544,9.8353,183.9565,1.1594,17.3513,0.9621,0.0254,27.7799,25.4897,48.612,0.0,0.0,0.1,3.0
PRF,45.996,-77.427,-4,2007,7,6,12,17.73,76.97,8.22,0.0,0.35,22.3,0.524,5.4199,21.0509,15.631,47.4233,61.907,9.9259,184.4099,0.6911,17.4974,0.5764,0.0103,18.4504,23.6005,50.6474,0.0,0.0,0.1,4.0
PRF,45.996,-77.427,-4,2007,7,6,13,17.43,81.6,7.764,0.0,0.35,22.3,0.4678,5.4199,21.0509,15.631,43.9709,64.0985,9.9971,184.8589,0.7507,17.613,0.6287,0.012,16.1752,23.2522,50.8061,0.0,0.0,0.0,0.0
PRF,45.996,-77.427,-4,2007,7,6,14,19.47,74.27,13.7,0.0,0.35,22.3,0.6027,5.4199,21.0509,15.631,39.0215,67.3822,10.1083,185.3384,1.1465,17.7909,0.9661,0.0256,14.076,21.4948,50.7075,0.0861,0.3257,0.0,0.0
PRF,45.996,-77.427,-4,2007,7,6,15,19.85,68.37,5.844,0.0,0.35,22.3,0.6279,5.4199,21.0509,15.631,35.0991,70.1111,10.2477,185.8237,0.8424,18.0121,0.7153,0.015,11.7812,19.9773,52.0651,0.0003,0.0011,0.0,0.0
PRF,45.996,-77.427,-4,2007,7,6,16,19.13,68.34,7.608,0.0,0.35,22.3,0.5491,5.4199,21.0509,15.631,31.8052,72.4951,10.3822,186.2981,1.0004,18.2252,0.8557,0.0206,11.7812,19.2754,52.0758,0.0185,0.0699,0.0,0.0
PRF,45.996,-77.427,-4,2007,7,6,17,18.93,71.2,8.35,0.0,0.35,22.3,0.4367,5.4199,21.0509,15.631,29.3298,74.3452,10.5032,186.7696,1.1266,18.4172,0.9699,0.0258,11.7812,19.2683,51.9876,0.0212,0.0801,0.0,0.0
PRF,45.996,-77.427,-4,2007,7,6,18,20.43,59.92,11.64,0.0,0.35,22.3,0.3904,5.4199,21.0509,15.631,26.0617,76.8687,10.685,187.2635,1.5492,18.7022,2.0615,0.0979,11.7812,17.6861,51.9582,0.1825,0.6904,0.0,0.0
PRF,45.996,-77.427,-4,2007,7,6,19,20.29,62.06,7.932,0.0,0.35,22.3,0.2526,5.4199,21.0509,15.631,23.9109,78.5819,10.8559,187.7554,1.4765,18.9697,1.9352,0.0875,11.9919,17.326,52.5751,0.0727,0.275,0.0,0.0
PRF,45.996,-77.427,-4,2007,7,6,20,19.06,62.27,6.024,0.0,0.35,22.3,0.1169,5.4199,21.0509,15.631,22.4217,79.7938,11.0155,188.2288,1.5066,19.2192,2.0264,0.0949,13.0895,17.326,52.8303,0.0471,0.1783,0.0,0.0
PRF,45.996,-77.427,-4,2007,7,6,21,14.68,88.0,3.0,0.0,0.35,22.3,0.0,5.4199,21.0509,15.631,22.4217,79.7938,11.0547,188.6365,1.2937,19.2841,1.5477,0.0589,18.8785,20.7506,52.0971,0.0,0.0,0.0,0.0
PRF,45.996,-77.427,-4,2007,7,6,22,13.52,93.4,0.516,0.0,0.35,22.3,0.0,5.4199,21.0509,15.631,22.9656,79.3487,11.0547,188.6365,1.0919,19.2841,0.9673,0.0256,22.6114,23.5502,51.2673,0.0,0.0,0.0,0.0
PRF,45.996,-77.427,-4,2007,7,6,23,11.96,99.0,1.212,0.0,0.35,22.3,0.0,5.4199,21.0509,15.631,24.3443,78.2332,11.0547,188.6365,1.0206,19.2841,0.9042,0.0228,26.4411,26.9099,49.889,0.0,0.0,0.0,0.0
PRF,45.996,-77.427,-4,2007,7,7,0,11.36,99.9,1.86,0.0,0.35,22.2,0.0,5.4319,21.0448,15.6129,25.6872,77.1639,11.0547,188.6365,0.9673,19.2841,0.857,0.0207,28.7837,29.0155,48.9483,0.0,0.0,0.0,0.0
PRF,45.996,-77.427,-4,2007,7,7,1,11.19,99.9,0.684,0.0,0.35,22.2,0.0,5.4319,21.0448,15.6129,26.7052,76.3643,11.0547,188.6365,0.8611,19.2841,0.7629,0.0168,29.9002,30.0212,48.573,0.0,0.0,0.0,0.0
PRF,45.996,-77.427,-4,2007,7,7,2,11.86,99.9,0.948,0.0,0.35,22.2,0.0,5.4319,21.0448,15.6129,27.5575,75.702,11.0547,188.6365,0.8363,19.2841,0.741,0.016,30.4129,30.4742,48.3718,0.0,0.0,0.0,0.0
PRF,45.996,-77.427,-4,2007,7,7,3,12.94,99.9,2.184,1.3,0.35,22.2,0.0,5.4319,21.0448,15.6129,49.2763,60.7624,11.0547,188.6365,0.4782,19.2841,0.4237,0.0059,249.5271,52.723,38.9297,0.0,0.0,1.3,0.0
PRF,45.996,-77.427,-4,2007,7,7,4,12.74,99.9,2.148,0.1,0.35,22.2,0.0,5.4319,21.0448,15.6129,51.8533,59.206,11.0547,188.6365,0.4328,19.2841,0.3834,0.005,249.5327,54.3973,38.2574,0.0,0.0,1.4,0.0
PRF,45.996,-77.427,-4,2007,7,7,5,11.65,99.9,1.86,0.0,0.35,22.2,0.0,5.4319,21.0448,15.6129,51.8426,59.2124,11.0547,188.6365,0.4267,19.2841,0.3781,0.0049,249.1016,54.3609,38.2727,0.0,0.0,1.4,1.0
PRF,45.996,-77.427,-4,2007,7,7,6,10.67,99.9,1.824,0.1,0.35,22.2,0.0002,5.4319,21.0448,15.6129,54.4033,57.7051,11.0549,188.984,0.3826,19.2889,0.339,0.004,249.4976,56.0376,37.6068,0.0,0.0,1.5,0.0
PRF,45.996,-77.427,-4,2007,7,7,7,13.29,99.2,2.58,0.0,0.35,22.2,0.0058,5.4319,21.0448,15.6129,54.2856,57.7736,11.0572,189.3709,0.3995,19.2976,0.3541,0.0043,242.6471,55.6557,37.7561,0.0,0.0,1.5,1.0
PRF,45.996,-77.427,-4,2007,7,7,8,14.48,96.7,5.592,0.0,0.35,22.2,0.042,5.4319,21.0448,15.6129,53.615,58.165,11.0679,189.7756,0.4786,19.319,0.4245,0.006,205.4146,53.5539,38.5845,0.0,0.0,1.5,2.0
PRF,45.996,-77.427,-4,2007,7,7,9,16.38,91.7,6.012,0.0,0.35,22.2,0.1495,5.4319,21.0448,15.6129,51.7567,59.2637,11.098,190.2088,0.5278,19.3706,0.469,0.0071,134.4686,48.2211,40.7514,0.0,0.0,1.5,3.0
PRF,45.996,-77.427,-4,2007,7,7,10,16.41,89.0,8.41,0.0,0.35,22.2,0.2349,5.4319,21.0448,15.6129,49.2429,60.7828,11.1381,190.6424,0.6552,19.4372,0.5834,0.0105,78.8257,42.1588,43.2514,0.0,0.0,1.5,4.0
PRF,45.996,-77.427,-4,2007,7,7,11,17.16,82.0,11.24,0.0,0.35,22.2,0.4031,5.4319,21.0448,15.6129,45.2811,63.2576,11.2067,191.0873,0.861,19.5474,0.7693,0.0171,40.4601,34.4125,46.374,0.0,0.0,0.0,0.0
PRF,45.996,-77.427,-4,2007,7,7,12,17.19,86.9,7.572,0.0,0.35,22.2,0.352,5.4319,21.0448,15.6129,42.9946,64.7328,11.2567,191.5327,0.7636,19.6292,0.6841,0.0139,27.2805,31.5127,47.6848,0.0,0.0,0.0,0.0
PRF,45.996,-77.427,-4,2007,7,7,13,17.97,74.07,7.368,0.0,0.35,22.2,0.5838,5.4319,21.0448,15.6129,39.1257,67.3113,11.3601,191.9897,0.8313,19.7924,0.7487,0.0163,17.1944,26.4866,49.6445,0.0,0.0,0.0,0.0
PRF,45.996,-77.427,-4,2007,7,7,14,17.7,85.7,3.072,0.0,0.35,22.2,0.3931,5.4319,21.0448,15.6129,37.6473,68.3251,11.4163,192.4427,0.6921,19.8837,0.6251,0.0118,16.1475,25.8909,50.1472,0.0,0.0,0.0,0.0
PRF,45.996,-77.427,-4,2007,7,7,15,18.69,70.25,3.852,0.0,0.35,22.2,0.5927,5.4319,21.0448,15.6129,34.5841,70.4781,11.5397,192.9106,0.7711,20.077,0.7007,0.0145,12.8172,22.9556,51.1979,0.0,0.0,0.0,0.0
PRF,45.996,-77.427,-4,2007,7,7,16,19.2,66.57,4.128,0.0,0.35,22.2,0.562,5.4319,21.0448,15.6129,31.595,72.6501,11.6822,193.3861,0.8446,20.2989,0.7729,0.0172,11.7042,20.733,51.9485,0.0,0.0,0.0,0.0
PRF,45.996,-77.427,-4,2007,7,7,17,19.34,69.57,4.764,0.0,0.35,22.2,0.4523,5.4319,21.0448,15.6129,29.2628,74.396,11.8129,193.8637,0.9427,20.5025,0.8681,0.0212,11.7042,19.837,52.178,0.0016,0.0062,0.0,0.0
PRF,45.996,-77.427,-4,2007,7,7,18,19.34,75.47,3.588,0.0,0.35,22.2,0.3114,5.4319,21.0448,15.6129,27.8289,75.4924,11.9182,194.3413,0.9434,20.6677,0.8731,0.0214,12.4002,19.837,52.3003,0.0012,0.0047,0.0,0.0
PRF,45.996,-77.427,-4,2007,7,7,19,19.03,80.5,3.456,0.0,0.35,22.2,0.1786,5.4319,21.0448,15.6129,26.9547,76.1697,12.0006,194.8142,0.9775,20.7982,0.9083,0.0229,14.3677,19.837,52.3137,0.0012,0.0045,0.0,0.0
PRF,45.996,-77.427,-4,2007,7,7,20,18.55,83.8,1.764,0.0,0.35,22.2,0.0739,5.4319,21.0448,15.6129,26.4804,76.54,12.0673,195.28,0.9202,20.905,0.8579,0.0207,16.7966,20.3923,52.2883,0.0,0.0,0.0,0.0
PRF,45.996,-77.427,-4,2007,7,7,21,16.96,96.0,2.292,0.0,0.35,22.2,0.0,5.4319,21.0448,15.6129,26.5225,76.5071,12.0824,195.7219,0.9429,20.934,0.8798,0.0217,22.7236,24.2173,50.8442,0.0,0.0,0.0,0.0
PRF,45.996,-77.427,-4,2007,7,7,22,15.64,99.7,1.872,0.0,0.35,22.2,0.0,5.4319,21.0448,15.6129,27.3771,75.8416,12.0824,195.7219,0.8838,20.934,0.8246,0.0193,26.6797,27.3349,49.6376,0.0,0.0,0.0,0.0
PRF,45.996,-77.427,-4,2007,7,7,23,15.47,99.0,1.752,0.0,0.35,22.2,0.0,5.4319,21.0448,15.6129,27.8819,75.4515,12.0824,195.7219,0.8579,20.934,0.8005,0.0183,28.1461,28.4365,49.1924,0.0,0.0,0.0,0.0
PRF,45.996,-77.427,-4,2007,7,8,0,15.77,99.9,2.184,1.1,0.35,22.1,0.0,5.4444,21.038,15.5936,44.1628,63.9747,12.0824,195.7219,0.5636,20.934,0.5259,0.0087,249.4738,47.2643,41.1335,0.0,0.0,1.1,0.0
PRF,45.996,-77.427,-4,2007,7,8,1,16.05,99.9,4.68,3.6,0.35,22.1,0.0,5.4444,21.038,15.5936,124.6618,27.4239,7.2654,187.3618,0.0021,13.2466,0.0015,0.0,249.3373,108.751,20.3221,0.0,0.0,4.7,0.0
PRF,45.996,-77.427,-4,2007,7,8,2,16.25,99.9,1.92,2.2,0.35,22.1,0.0,5.4444,21.038,15.5936,165.1212,16.1662,4.378,181.6606,0.0,8.2585,0.0,0.0,249.4819,146.1969,11.3617,0.0,0.0,6.9,0.0
PRF,45.996,-77.427,-4,2007,7,8,3,16.11,99.9,2.868,0.4,0.35,22.1,0.0,5.4444,21.038,15.5936,170.5346,14.8773,3.4734,180.6327,0.0,6.6281,0.0,0.0,249.4257,152.739,9.9987,0.0,0.0,7.3,0.0
PRF,45.996,-77.427,-4,2007,7,8,4,16.05,99.9,3.42,3.3,0.35,22.1,0.0,5.4444,21.038,15.5936,207.0559,7.2112,1.445,172.2519,0.0,2.8306,0.0,0.0,249.3973,208.8219,0.1612,0.0,0.0,10.6,0.0
PRF,45.996,-77.427,-4,2007,7,8,5,16.01,99.9,3.12,1.9,0.35,22.1,0.0,5.4444,21.038,15.5936,221.7132,4.5613,0.2733,167.505,0.0,0.5444,0.0,0.0,249.414,240.8308,0.0,0.0,0.0,12.5,0.0
PRF,45.996,-77.427,-4,2007,7,8,6,15.77,99.9,1.212,0.2,0.35,22.1,0.0003,5.4444,21.038,15.5936,225.3216,3.9409,0.0004,167.4326,0.0,0.0007,0.0,0.0,249.4159,243.8166,0.0,0.0,0.0,12.7,0.0
PRF,45.996,-77.427,-4,2007,7,8,7,16.05,100.0,2.22,1.2,0.35,22.1,0.0,5.4444,21.038,15.5936,235.6789,2.2251,0.0,164.8921,0.0,0.0,0.0,0.0,250.0,250.0,0.0,0.0,0.0,13.9,0.0
PRF,45.996,-77.427,-4,2007,7,8,8,16.42,99.9,0.552,0.1,0.35,22.1,0.0015,5.4444,21.038,15.5936,239.054,1.6858,0.0004,165.0793,0.0,0.0007,0.0,0.0,248.9307,249.6032,0.0,0.0,0.0,14.0,0.0
PRF,45.996,-77.427,-4,2007,7,8,9,16.96,98.9,2.568,0.1,0.35,22.1,0.0236,5.4444,21.038,15.5936,241.0161,1.3766,0.0041,165.2744,0.0,0.0083,0.0,0.0,231.4441,243.8536,0.0,0.0,0.0,14.1,0.0
PRF,45.996,-77.427,-4,2007,7,8,10,16.65,97.5,6.768,0.0,0.35,22.1,0.0639,5.4444,21.038,15.5936,235.8277,2.2011,0.0134,165.7116,0.0,0.0268,0.0,0.0,187.3747,226.8359,0.0,0.0,0.0,14.1,1.0
PRF,45.996,-77.427,-4,2007,7,8,11,17.57,93.4,5.676,0.0,0.35,22.1,0.1889,5.4444,21.038,15.5936,223.9003,4.1838,0.0391,166.1627,0.0,0.0782,0.0,0.0,118.1605,191.3109,2.9199,0.0,0.0,14.1,2.0
PRF,45.996,-77.427,-4,2007,7,8,12,17.9,90.9,7.44,0.0,0.35,22.1,0.2743,5.4444,21.038,15.5936,207.8269,7.0664,0.0753,166.6187,0.0,0.1504,0.0,0.0,67.5076,150.7272,10.4123,0.0,0.0,14.1,3.0
PRF,45.996,-77.427,-4,2007,7,8,13,18.99,87.7,4.752,0.0,0.35,22.1,0.3782,5.4444,21.038,15.5936,190.6525,10.4494,0.1271,167.091,0.0,0.2538,0.0,0.0,37.7964,115.4884,18.5465,0.0,0.0,14.1,4.0
PRF,45.996,-77.427,-4,2007,7,8,14,19.16,83.9,6.276,0.0,0.35,22.1,0.4538,5.4444,21.038,15.5936,170.1814,14.9601,0.1956,167.5659,0.0,0.3901,0.0,0.0,23.1005,82.9406,27.9416,0.0,0.0,0.0,0.0
PRF,45.996,-77.427,-4,2007,7,8,15,19.34,86.8,6.012,0.0,0.35,22.1,0.3753,5.4444,21.038,15.5936,154.6572,18.7885,0.2523,168.0435,0.0001,0.5027,0.0,0.0,18.8124,64.6453,34.2744,0.0,0.0,0.0,0.0
PRF,45.996,-77.427,-4,2007,7,8,16,20.56,79.05,4.872,0.0,0.35,22.1,0.469,5.4444,21.038,15.5936,135.6123,24.0591,0.3479,168.5394,0.0007,0.6923,0.0002,0.0,15.1477,47.1365,41.1697,0.0,0.0,0.0,0.0
PRF,45.996,-77.427,-4,2007,7,8,17,20.56,78.02,4.824,0.0,0.35,22.1,0.4011,5.4444,21.038,15.5936,118.7682,29.3495,0.4482,169.0353,0.0036,0.8906,0.0009,0.0,14.3807,36.2771,45.7553,0.0,0.0,0.0,0.0
PRF,45.996,-77.427,-4,2007,7,8,18,20.56,79.15,7.452,0.0,0.35,22.1,0.297,5.4444,21.038,15.5936,103.3744,34.8062,0.5434,169.5312,0.0168,1.0782,0.0045,0.0,14.3807,29.6454,48.3883,0.0,0.0,0.0,0.0
PRF,45.996,-77.427,-4,2007,7,8,19,20.09,81.7,5.868,0.0,0.35,22.1,0.1785,5.4444,21.038,15.5936,92.3375,39.15,0.625,170.0201,0.0394,1.2387,0.0108,0.0,15.3001,26.7199,49.6099,0.0,0.0,0.0,0.0
PRF,45.996,-77.427,-4,2007,7,8,20,19.85,86.2,5.16,0.0,0.35,22.1,0.0696,5.4444,21.038,15.5936,84.9061,42.3075,0.6858,170.5053,0.0683,1.358,0.0191,0.0,17.8317,25.8431,49.9882,0.0,0.0,0.0,0.0
PRF,45.996,-77.427,-4,2007,7,8,21,19.27,88.6,6.54,0.0,0.35,22.1,0.0,5.4444,21.038,15.5936,78.976,44.9758,0.7346,170.9819,0.1136,1.4536,0.0323,0.0001,20.888,25.6878,49.9519,0.0,0.0,0.0,0.0
PRF,45.996,-77.427,-4,2007,7,8,22,19.2,88.0,5.712,0.0,0.35,22.1,0.0,5.4444,21.038,15.5936,73.603,47.5173,0.7346,170.9819,0.1581,1.4536,0.045,0.0001,21.7661,25.4904,50.083,0.0,0.0,0.0,0.0
PRF,45.996,-77.427,-4,2007,7,8,23,18.76,90.2,7.14,0.0,0.35,22.1,0.0,5.4444,21.038,15.5936,69.3317,49.6275,0.7346,170.9819,0.2241,1.4536,0.0638,0.0002,22.8004,25.4904,49.9808,0.0,0.0,0.0,0.0
PRF,45.996,-77.427,-4,2007,7,9,0,18.59,91.2,9.97,0.0,0.35,22.0,0.0,5.4574,21.0306,15.5732,65.4381,51.625,0.7346,170.9819,0.3271,1.4536,0.0931,0.0004,23.5193,25.4904,49.7153,0.0,0.0,0.0,0.0
PRF,45.996,-77.427,-4,2007,7,9,1,18.45,91.2,13.81,0.0,0.35,22.0,0.0,5.4574,21.0306,15.5732,61.5218,53.7093,0.7346,170.9819,0.4943,1.4536,0.1407,0.0008,23.7857,25.4904,49.3779,0.0,0.0,0.0,0.0
PRF,45.996,-77.427,-4,2007,7,9,2,17.64,98.7,11.56,2.7,0.35,22.0,0.0,5.4574,21.0306,15.5732,112.9504,31.3358,0.0,170.9819,0.0088,0.0,0.0018,0.0,238.2107,69.6911,32.4057,0.0,0.0,2.7,0.0
PRF,45.996,-77.427,-4,2007,7,9,3,17.71,99.0,9.6,3.7,0.35,22.0,0.0,5.4574,21.0306,15.5732,175.6954,13.6889,0.0,158.9639,0.0,0.0,0.0,0.0,241.3671,129.1535,15.1561,0.0,0.0,6.4,0.0
PRF,45.996,-77.427,-4,2007,7,9,4,17.64,100.0,10.46,4.4,0.35,22.0,0.0,5.4574,21.0306,15.5732,217.0729,5.3771,0.0,148.4075,0.0,0.0,0.0,0.0,250.0,204.5821,0.7927,0.0,0.0,10.8,0.0
PRF,45.996,-77.427,-4,2007,7,9,5,17.81,100.0,10.33,5.8,0.35,22.0,0.0,5.4574,21.0306,15.5732,242.3429,1.1693,0.0,134.9047,0.0,0.0,0.0,0.0,250.0,250.0,0.0,0.0,0.0,16.6,0.0
PRF,45.996,-77.427,-4,2007,7,9,6,18.11,99.9,5.592,0.1,0.35,22.0,0.0003,5.4574,21.0306,15.5732,246.1641,0.5801,0.0004,135.135,0.0,0.0008,0.0,0.0,249.0372,249.2422,0.0,0.0,0.0,16.7,0.0
PRF,45.996,-77.427,-4,2007,7,9,7,18.31,100.0,6.684,0.6,0.35,22.0,0.0,5.4574,21.0306,15.5732,250.0,0.0,0.0,134.2252,0.0,0.0,0.0,0.0,250.0,250.0,0.0,0.0,0.0,17.3,0.0
PRF,45.996,-77.427,-4,2007,7,9,8,18.69,99.9,3.324,0.0,0.35,22.0,0.0017,5.4574,21.0306,15.5732,249.802,0.0297,0.0004,134.6931,0.0,0.0008,0.0,0.0,248.1944,249.3397,0.0,0.0,0.0,17.3,1.0
PRF,45.996,-77.427,-4,2007,7,9,9,20.36,96.6,3.924,0.0,0.35,22.0,0.0845,5.4574,21.0306,15.5732,242.8023,1.0979,0.0158,135.186,0.0,0.0316,0.0,0.0,187.9132,226.8843,0.0,0.0,0.0,17.3,2.0
PRF,45.996,-77.427,-4,2007,7,9,10,20.63,96.4,3.828,0.0,0.35,22.0,0.1128,5.4574,21.0306,15.5732,235.6356,2.2321,0.0323,135.6829,0.0,0.0645,0.0,0.0,136.1056,205.6198,0.6336,0.0,0.0,17.3,3.0
PRF,45.996,-77.427,-4,2007,7,9,11,22.75,88.9,5.256,0.0,0.35,22.0,0.3663,5.4574,21.0306,15.5732,214.1938,5.8939,0.0883,136.2117,0.0,0.1764,0.0,0.0,61.8763,151.1352,10.3096,0.0,0.0,17.3,4.0
PRF,45.996,-77.427,-4,2007,7,9,12,24.11,83.3,6.636,0.0,0.35,22.0,0.5436,5.4574,21.0306,15.5732,185.38,11.5581,0.1777,136.7608,0.0,0.3543,0.0,0.0,25.6618,96.909,23.6206,0.0,0.0,0.0,0.0
PRF,45.996,-77.427,-4,2007,7,9,13,23.94,80.4,7.092,0.0,0.35,22.0,0.6092,5.4574,21.0306,15.5732,157.8716,17.9638,0.2819,137.3074,0.0001,0.5609,0.0,0.0,14.9448,61.9998,35.2278,0.0,0.0,0.0,0.0
PRF,45.996,-77.427,-4,2007,7,9,14,23.32,82.1,12.84,0.0,0.35,22.0,0.5633,5.4574,21.0306,15.5732,133.0672,24.8177,0.3746,137.8447,0.0014,0.7441,0.0003,0.0,13.7908,42.1427,43.1056,0.0,0.0,0.0,0.0
PRF,45.996,-77.427,-4,2007,7,9,15,25.75,68.95,12.78,0.0,0.35,22.0,0.7012,5.4574,21.0306,15.5732,103.1394,34.8947,0.5521,138.4185,0.0225,1.0932,0.006,0.0,10.8678,26.2267,49.2306,0.0,0.0,0.0,0.0
PRF,45.996,-77.427,-4,2007,7,9,16,26.7,63.63,11.44,0.0,0.35,22.0,0.6544,5.4574,21.0306,15.5732,78.893,45.0142,0.7676,139.0065,0.1463,1.5144,0.0421,0.0001,9.8187,19.1917,51.4704,0.1323,0.5005,0.0,0.0
PRF,45.996,-77.427,-4,2007,7,9,17,26.02,66.36,5.352,0.0,0.35,22.0,0.5325,5.4574,21.0306,15.5732,64.7696,51.9753,0.9619,139.5843,0.2694,1.8913,0.0821,0.0003,9.8187,17.5372,52.7128,0.0326,0.1235,0.0,0.0
PRF,45.996,-77.427,-4,2007,7,9,18,26.22,67.59,6.42,0.0,0.35,22.0,0.4031,5.4574,21.0306,15.5732,53.6014,58.173,1.1506,140.1651,0.4993,2.2549,0.1602,0.0011,9.8187,16.9343,52.7412,0.0588,0.2225,0.0,0.0
PRF,45.996,-77.427,-4,2007,7,9,19,25.64,73.25,8.34,0.0,0.35,22.0,0.2489,5.4574,21.0306,15.5732,45.7655,62.9495,1.3029,140.7372,0.7331,2.5468,0.2444,0.0022,11.6526,16.9343,52.4762,0.0865,0.3275,0.0,0.0
PRF,45.996,-77.427,-4,2007,7,9,20,23.46,83.3,4.86,0.0,0.35,22.0,0.0896,5.4574,21.0306,15.5732,42.3747,65.1389,1.3898,141.2766,0.6771,2.713,0.2304,0.002,15.3354,18.5608,52.4704,0.0148,0.0561,0.0,0.0
PRF,45.996,-77.427,-4,2007,7,9,21,21.93,89.9,3.828,0.0,0.35,22.0,0.0,5.4574,21.0306,15.5732,40.8151,66.1723,1.439,141.793,0.6684,2.8068,0.2301,0.002,20.0143,21.0869,51.763,0.0,0.0,0.0,0.0
PRF,45.996,-77.427,-4,2007,7,9,22,19.44,99.4,3.024,0.0,0.35,22.0,0.0,5.4574,21.0306,15.5732,40.7678,66.2039,1.439,141.793,0.6426,2.8068,0.2212,0.0019,25.3748,25.772,50.1052,0.0,0.0,0.0,0.0
PRF,45.996,-77.427,-4,2007,7,9,23,18.3,99.9,2.868,0.0,0.35,22.0,0.0,5.4574,21.0306,15.5732,40.7609,66.2085,1.439,141.793,0.6377,2.8068,0.2195,0.0019,27.7173,27.8713,49.2808,0.0,0.0,0.0,0.0
PRF,45.996,-77.427,-4,2007,7,10,0,18.3,93.6,5.7,0.0,0.35,21.9,0.0,5.4708,21.0224,15.5516,39.9654,66.7426,1.439,141.793,0.7496,2.8068,0.2581,0.0025,27.7173,27.8713,49.0865,0.0,0.0,0.0,0.0
PRF,45.996,-77.427,-4,2007,7,10,1,15.94,100.0,2.076,0.0,0.35,21.9,0.0,5.4708,21.0224,15.5516,39.9654,66.7426,1.439,141.793,0.6245,2.8068,0.215,0.0018,28.9656,29.032,48.7986,0.0,0.0,0.0,0.0
PRF,45.996,-77.427,-4,2007,7,10,2,15.02,96.9,3.144,0.0,0.35,21.9,0.0,5.4708,21.0224,15.5516,39.7447,66.8916,1.439,141.793,0.6624,2.8068,0.2281,0.002,28.9656,29.032,48.7519,0.0,0.0,0.0,0.0
PRF,45.996,-77.427,-4,2007,7,10,3,13.6,99.8,3.408,0.0,0.35,21.9,0.0,5.4708,21.0224,15.5516,39.7353,66.8979,1.439,141.793,0.6714,2.8068,0.2312,0.002,29.7619,29.7914,48.4295,0.0,0.0,0.0,0.0
PRF,45.996,-77.427,-4,2007,7,10,4,12.99,99.9,3.444,0.0,0.35,21.9,0.0,5.4708,21.0224,15.5516,39.7309,66.9009,1.439,141.793,0.6727,2.8068,0.2316,0.002,30.2411,30.2543,48.2376,0.0,0.0,0.0,0.0
PRF,45.996,-77.427,-4,2007,7,10,5,12.78,100.0,2.628,0.0,0.35,21.9,0.0,5.4708,21.0224,15.5516,39.7309,66.9009,1.439,141.793,0.6456,2.8068,0.2223,0.0019,30.5219,30.528,48.1559,0.0,0.0,0.0,0.0
PRF,45.996,-77.427,-4,2007,7,10,6,11.96,99.9,3.312,0.0,0.35,21.9,0.0002,5.4708,21.0224,15.5516,39.7268,66.9037,1.4393,142.1599,0.6683,2.8075,0.2301,0.002,30.7221,30.7334,48.0446,0.0,0.0,0.0,0.0
PRF,45.996,-77.427,-4,2007,7,10,7,15.03,95.0,2.76,0.0,0.35,21.9,0.0366,5.4708,21.0224,15.5516,39.3491,67.1595,1.456,142.5729,0.6557,2.8394,0.2266,0.002,30.2486,30.7334,48.0654,0.0,0.0,0.0,0.0
PRF,45.996,-77.427,-4,2007,7,10,8,18.77,79.95,3.708,0.0,0.35,21.9,0.2264,5.4708,21.0224,15.5516,37.0357,68.7492,1.5395,143.0419,0.7244,2.9983,0.2551,0.0024,23.3864,27.5484,49.3221,0.0,0.0,0.0,0.0
PRF,45.996,-77.427,-4,2007,7,10,9,20.26,75.74,4.224,0.0,0.35,21.9,0.3694,5.4708,21.0224,15.5516,34.3527,70.6437,1.6486,143.5333,0.79,3.2052,0.2849,0.0029,17.583,24.4242,50.4929,0.0,0.0,0.0,0.0
PRF,45.996,-77.427,-4,2007,7,10,10,21.96,69.5,8.44,0.0,0.35,21.9,0.5328,5.4708,21.0224,15.5516,30.8233,73.2228,1.7973,144.0502,1.0746,3.4859,0.3997,0.0054,13.3899,20.9996,51.2775,0.0,0.0,0.0,0.0
PRF,45.996,-77.427,-4,2007,7,10,11,23.53,62.06,9.04,0.0,0.35,21.9,0.6777,5.4708,21.0224,15.5516,27.0825,76.0703,1.9955,144.5907,1.2868,3.8579,0.4975,0.0079,10.3608,18.0673,52.039,0.0598,0.2264,0.0,0.0
PRF,45.996,-77.427,-4,2007,7,10,12,23.32,64.55,7.428,0.0,0.35,21.9,0.725,5.4708,21.0224,15.5516,24.5725,78.0504,2.179,145.128,1.3744,4.2004,0.5496,0.0094,9.4314,17.2714,52.467,0.065,0.2461,0.0,0.0
PRF,45.996,-77.427,-4,2007,7,10,13,24.86,58.96,10.56,0.0,0.35,21.9,0.7925,5.4708,21.0224,15.5516,21.8697,80.2483,2.4055,145.6884,1.9854,4.6203,0.8258,0.0194,8.5745,15.9568,52.3309,0.2003,0.7578,0.0,0.0
PRF,45.996,-77.427,-4,2007,7,10,14,25.1,56.78,7.164,0.0,0.35,21.9,0.7914,5.4708,21.0224,15.5516,19.8608,81.928,2.6464,146.2524,2.0253,5.0636,0.876,0.0215,7.6568,15.2357,53.0201,0.1078,0.4078,0.0,0.0
PRF,45.996,-77.427,-4,2007,7,10,15,23.53,67.11,10.26,0.0,0.35,21.9,0.6862,5.4708,21.0224,15.5516,19.0438,82.6227,2.8182,146.7928,2.5787,5.3782,1.5454,0.0588,8.219,15.2357,52.5367,0.2111,0.7987,0.0,0.0
PRF,45.996,-77.427,-4,2007,7,10,16,22.88,73.79,11.88,0.0,0.35,21.9,0.5569,5.4708,21.0224,15.5516,18.8121,82.821,2.9513,147.3235,2.8689,5.6211,1.9474,0.0885,9.9194,16.2739,52.0533,0.2196,0.8308,0.0,0.0
PRF,45.996,-77.427,-4,2007,7,10,17,24.08,64.55,7.512,0.1,0.35,21.9,0.524,5.4708,21.0224,15.5516,18.1053,83.4292,3.1408,147.8722,2.4894,5.9649,1.5828,0.0613,17.2581,17.1034,52.5,0.0702,0.2655,0.1,0.0
PRF,45.996,-77.427,-4,2007,7,10,18,23.36,73.49,9.04,0.0,0.35,21.9,0.3588,5.4708,21.0224,15.5516,18.0425,83.4835,3.2783,148.4101,2.7078,6.2134,1.91,0.0855,14.8581,17.1034,52.2866,0.0898,0.3396,0.1,1.0
PRF,45.996,-77.427,-4,2007,7,10,19,22.37,80.1,5.952,0.0,0.35,21.9,0.2013,5.4708,21.0224,15.5516,18.0425,83.4835,3.3771,148.9332,2.3176,6.3919,1.4562,0.0529,14.8581,18.0823,52.4335,0.0317,0.1201,0.1,2.0
PRF,45.996,-77.427,-4,2007,7,10,20,19.54,98.1,6.024,9.2,0.35,21.9,0.0123,5.4708,21.0224,15.5516,148.2899,20.4751,1.1409,131.4037,0.0002,2.2333,0.0001,0.0,227.8057,166.1968,7.3197,0.0,0.0,9.3,0.0
PRF,45.996,-77.427,-4,2007,7,10,21,19.51,93.2,12.31,0.3,0.35,21.9,0.0,5.4708,21.0224,15.5516,143.0087,21.93,0.6347,131.2036,0.0005,1.2542,0.0001,0.0,195.9411,136.4476,13.4548,0.0,0.0,9.6,0.0
PRF,45.996,-77.427,-4,2007,7,10,22,18.73,98.4,4.32,0.0,0.35,21.9,0.0,5.4708,21.0224,15.5516,141.3107,22.4092,0.6347,131.2036,0.0004,1.2542,0.0001,0.0,187.7685,131.2567,14.6426,0.0,0.0,9.6,1.0
PRF,45.996,-77.427,-4,2007,7,10,23,19.35,98.4,8.88,0.0,0.35,21.9,0.0,5.4708,21.0224,15.5516,139.155,23.0256,0.6347,131.2036,0.0006,1.2542,0.0002,0.0,177.8121,124.929,16.144,0.0,0.0,9.6,2.0
PRF,45.996,-77.427,-4,2007,7,11,0,19.85,98.3,9.6,0.0,0.35,21.8,0.0,5.4847,21.0137,15.529,136.8098,23.7069,0.6347,131.2036,0.0008,1.2542,0.0002,0.0,167.5014,118.3699,17.7431,0.0,0.0,9.6,3.0
PRF,45.996,-77.427,-4,2007,7,11,1,20.12,99.3,6.108,0.0,0.35,21.8,0.0,5.4847,21.0137,15.529,135.9725,23.9528,0.6347,131.2036,0.0007,1.2542,0.0002,0.0,163.9389,116.1132,18.317,0.0,0.0,9.6,4.0
PRF,45.996,-77.427,-4,2007,7,11,2,19.72,94.3,4.044,1.1,0.35,21.8,0.0,5.4847,21.0137,15.529,149.1876,20.2329,0.0,128.7165,0.0002,0.0,0.0,0.0,215.3336,118.3408,17.7505,0.0,0.0,10.7,0.0
PRF,45.996,-77.427,-4,2007,7,11,3,19.17,98.8,7.272,0.6,0.35,21.8,0.0,5.4847,21.0137,15.529,156.9828,18.1901,0.0,127.3663,0.0001,0.0,0.0,0.0,240.1123,124.2738,16.2811,0.0,0.0,11.3,0.0
PRF,45.996,-77.427,-4,2007,7,11,4,19.17,97.4,4.032,0.0,0.35,21.8,0.0,5.4847,21.0137,15.529,153.9472,18.973,0.0,127.3663,0.0001,0.0,0.0,0.0,223.8306,117.0443,18.0792,0.0,0.0,11.3,1.0
PRF,45.996,-77.427,-4,2007,7,11,5,18.86,98.4,4.536,0.0,0.35,21.8,0.0,5.4847,21.0137,15.529,152.0465,19.4713,0.0,127.3663,0.0001,0.0,0.0,0.0,214.0744,112.7431,19.19,0.0,0.0,11.3,2.0
PRF,45.996,-77.427,-4,2007,7,11,6,19.07,99.8,6.912,0.1,0.35,21.8,0.0006,5.4847,21.0137,15.529,153.315,19.1381,0.0008,127.6153,0.0001,0.0017,0.0,0.0,240.612,113.8339,18.9053,0.0,0.0,11.4,0.0
PRF,45.996,-77.427,-4,2007,7,11,7,19.65,100.0,5.028,0.3,0.35,21.8,0.0,5.4847,21.0137,15.529,157.9046,17.9554,0.0,127.4237,0.0001,0.0,0.0,0.0,250.0,118.9767,17.5903,0.0,0.0,11.7,0.0
PRF,45.996,-77.427,-4,2007,7,11,8,20.8,96.5,5.46,0.0,0.35,21.8,0.0632,5.4847,21.0137,15.529,153.2008,19.168,0.0162,127.9232,0.0001,0.0323,0.0,0.0,193.2331,108.5895,20.2933,0.0,0.0,11.7,1.0
PRF,45.996,-77.427,-4,2007,7,11,9,22.1,93.6,1.944,0.0,0.35,21.8,0.1602,5.4847,21.0137,15.529,146.9219,20.8469,0.0476,128.4422,0.0002,0.095,0.0,0.0,126.9629,95.9125,23.8603,0.0,0.0,11.7,2.0
PRF,45.996,-77.427,-4,2007,7,11,10,21.96,90.7,1.932,0.0,0.35,21.8,0.2675,5.4847,21.0137,15.529,138.6763,23.1638,0.0929,128.9591,0.0005,0.1855,0.0001,0.0,72.7079,81.2734,28.3965,0.0,0.0,11.7,3.0
PRF,45.996,-77.427,-4,2007,7,11,11,22.57,78.57,9.02,0.0,0.35,21.8,0.5386,5.4847,21.0137,15.529,117.5262,29.7662,0.2003,129.4852,0.0051,0.399,0.0012,0.0,28.9662,51.9249,39.0771,0.0,0.0,11.7,4.0
PRF,45.996,-77.427,-4,2007,7,11,12,23.77,64.35,12.48,0.0,0.35,21.8,0.7304,5.4847,21.0137,15.529,91.6744,39.4238,0.3884,130.0292,0.0581,0.771,0.0146,0.0,13.4687,29.7284,47.9386,0.0,0.0,0.0,0.0
PRF,45.996,-77.427,-4,2007,7,11,13,24.28,54.83,20.96,0.0,0.35,21.8,0.7998,5.4847,21.0137,15.529,67.0993,50.7639,0.6319,130.5809,0.5157,1.2486,0.1418,0.0009,10.4018,18.902,50.0085,0.2551,0.9651,0.0,0.0
PRF,45.996,-77.427,-4,2007,7,11,14,22.54,56.74,14.76,0.0,0.35,21.8,0.7692,5.4847,21.0137,15.529,52.724,58.6892,0.8483,131.1065,0.7887,1.6697,0.2325,0.0021,9.8089,16.6614,51.4608,0.2599,0.9834,0.0,0.0
PRF,45.996,-77.427,-4,2007,7,11,15,23.19,52.75,21.49,0.0,0.35,21.8,0.7404,5.4847,21.0137,15.529,40.541,66.3557,1.0916,131.6419,1.6385,2.1388,0.5174,0.0085,9.8089,15.2331,50.4964,0.4495,1.7008,0.0,0.0
PRF,45.996,-77.427,-4,2007,7,11,16,21.14,56.64,13.73,0.0,0.35,21.8,0.6318,5.4847,21.0137,15.529,33.8866,70.9786,1.2951,132.1465,1.2897,2.5282,0.4289,0.0061,9.8089,15.2331,51.9115,0.2881,1.0901,0.0,0.0
PRF,45.996,-77.427,-4,2007,7,11,17,20.29,57.29,15.46,0.0,0.35,21.8,0.5173,5.4847,21.0137,15.529,29.0523,74.5558,1.4875,132.6383,1.6293,2.8938,0.5668,0.01,10.1014,15.2331,51.6099,0.3256,1.2318,0.0,0.0
PRF,45.996,-77.427,-4,2007,7,11,18,19.98,61.01,12.07,0.0,0.35,21.8,0.3812,5.4847,21.0137,15.529,25.9736,76.938,1.6604,133.1255,1.5911,3.2204,0.5748,0.0102,10.9244,15.2331,52.1926,0.2511,0.95,0.0,0.0
PRF,45.996,-77.427,-4,2007,7,11,19,19.4,61.49,21.65,0.0,0.35,21.8,0.2462,5.4847,21.0137,15.529,23.3809,79.0108,1.8263,133.604,3.0661,3.5318,1.5471,0.0589,12.5966,15.2331,50.4657,0.4527,1.7129,0.0,0.0
PRF,45.996,-77.427,-4,2007,7,11,20,17.67,70.09,8.24,0.0,0.35,21.8,0.0992,5.4847,21.0137,15.529,22.4442,79.7753,1.9436,134.0566,1.6814,3.7512,0.643,0.0124,14.5565,16.472,52.511,0.0961,0.3637,0.0,0.0
PRF,45.996,-77.427,-4,2007,7,11,21,16.46,76.82,5.22,0.0,0.35,21.8,0.0,5.4847,21.0137,15.529,22.1039,80.0551,2.0283,134.491,1.4864,3.9092,0.5776,0.0103,17.2952,18.0776,52.4766,0.0233,0.0883,0.0,0.0
PRF,45.996,-77.427,-4,2007,7,11,22,14.82,85.7,6.48,0.0,0.35,21.8,0.0,5.4847,21.0137,15.529,22.1039,80.0551,2.0283,134.491,1.5838,3.9092,0.6155,0.0115,20.3851,20.7027,51.5328,0.0,0.0,0.0,0.0
PRF,45.996,-77.427,-4,2007,7,11,23,13.01,90.9,2.136,0.0,0.35,21.8,0.0,5.4847,21.0137,15.529,22.4662,79.7572,2.0283,134.491,1.234,3.9092,0.4795,0.0074,22.9334,23.0838,51.0975,0.0,0.0,0.0,0.0
PRF,45.996,-77.427,-4,2007,7,12,0,10.84,96.2,4.128,0.0,0.35,21.7,0.0,5.499,21.0042,15.5053,23.559,78.8664,2.0283,134.491,1.251,3.9092,0.4862,0.0076,25.9836,26.0546,49.7918,0.0,0.0,0.0,0.0
PRF,45.996,-77.427,-4,2007,7,12,1,9.92,99.4,1.08,0.0,0.35,21.7,0.0,5.499,21.0042,15.5053,24.8733,77.8101,2.0283,134.491,0.9784,3.9092,0.3802,0.0049,28.399,28.4365,48.9982,0.0,0.0,0.0,0.0
PRF,45.996,-77.427,-4,2007,7,12,2,9.07,99.9,1.932,0.0,0.35,21.7,0.0,5.499,21.0042,15.5053,26.1019,76.837,2.0283,134.491,0.9477,3.9092,0.3683,0.0046,29.9735,29.9931,48.3172,0.0,0.0,0.0,0.0
PRF,45.996,-77.427,-4,2007,7,12,3,8.86,93.7,1.2672,0.0,0.35,21.7,0.0,5.499,21.0042,15.5053,26.1513,76.7982,2.0283,134.491,0.9139,3.9092,0.3552,0.0044,29.9735,29.9931,48.3424,0.0,0.0,0.0,0.0
PRF,45.996,-77.427,-4,2007,7,12,4,8.43,97.6,4.1184,0.0,0.35,21.7,0.0,5.499,21.0042,15.5053,26.7898,76.2982,2.0283,134.491,1.0193,3.9092,0.3961,0.0053,30.1142,30.124,48.1753,0.0,0.0,0.0,0.0
PRF,45.996,-77.427,-4,2007,7,12,5,7.719,97.1,3.0096,0.0,0.35,21.7,0.0,5.499,21.0042,15.5053,27.2235,75.9607,2.0283,134.491,0.943,3.9092,0.3665,0.0046,30.1177,30.124,48.2207,0.0,0.0,0.0,0.0
PRF,45.996,-77.427,-4,2007,7,12,6,7.421,97.5,4.3164,0.0,0.35,21.7,0.0032,5.499,21.0042,15.5053,27.6674,75.617,2.0324,134.7898,0.986,3.9172,0.3835,0.005,30.1738,30.2889,48.0997,0.0,0.0,0.0,0.0
PRF,45.996,-77.427,-4,2007,7,12,7,8.06,97.6,2.0196,0.0,0.35,21.7,0.0116,5.499,21.0042,15.5053,28.0084,75.3542,2.0367,135.0982,0.8646,3.9255,0.3366,0.004,30.1738,30.3203,48.1774,0.0,0.0,0.0,0.0
PRF,45.996,-77.427,-4,2007,7,12,8,11.3,97.5,1.188,0.0,0.35,21.7,0.0259,5.499,21.0042,15.5053,28.1875,75.2165,2.043,135.4552,0.8226,3.9375,0.3206,0.0036,30.1738,30.3203,48.2079,0.0,0.0,0.0,0.0
PRF,45.996,-77.427,-4,2007,7,12,9,14.34,84.7,4.9104,0.0,0.35,21.7,0.2163,5.499,21.0042,15.5053,27.6845,75.6038,2.0917,135.8578,1.0151,4.0283,0.3992,0.0054,25.2136,28.7568,48.6905,0.0,0.0,0.0,0.0
PRF,45.996,-77.427,-4,2007,7,12,10,18.82,63.53,6.492,0.0,0.35,21.7,0.5277,5.499,21.0042,15.5053,25.5444,77.2768,2.2441,136.3276,1.232,4.3107,0.4979,0.0079,15.8082,23.1185,50.6875,0.0,0.0,0.0,0.0
PRF,45.996,-77.427,-4,2007,7,12,11,20.12,55.24,7.512,0.0,0.35,21.7,0.6686,5.499,21.0042,15.5053,23.0981,79.2407,2.444,136.8169,1.5371,4.679,0.6427,0.0124,11.0212,18.9665,51.8929,0.0245,0.0925,0.0,0.0
PRF,45.996,-77.427,-4,2007,7,12,12,20.39,48.63,9.16,0.0,0.35,21.7,0.7559,5.499,21.0042,15.5053,20.6783,81.2396,2.6765,137.3102,2.065,5.1043,0.8963,0.0224,8.988,16.3647,52.3547,0.1123,0.425,0.0,0.0
PRF,45.996,-77.427,-4,2007,7,12,13,20.84,48.12,4.632,0.0,0.35,21.7,0.7896,5.499,21.0042,15.5053,18.9783,82.6787,2.9165,137.8103,1.9556,5.54,0.8802,0.0217,7.5526,15.314,53.2737,0.0449,0.17,0.0,0.0
PRF,45.996,-77.427,-4,2007,7,12,14,16.91,89.4,6.912,0.8,0.35,21.7,0.3007,5.499,21.0042,15.5053,27.0245,76.1154,2.9563,138.2515,1.1593,5.6126,0.5249,0.0087,123.4166,28.3409,48.7472,0.0,0.0,0.8,0.0
PRF,45.996,-77.427,-4,2007,7,12,15,21.18,50.16,10.14,0.0,0.35,21.7,0.7309,5.499,21.0042,15.5053,23.5584,78.8669,3.1907,138.7567,1.6938,6.0345,0.7927,0.018,31.5292,19.7887,51.3378,0.098,0.3707,0.8,1.0
PRF,45.996,-77.427,-4,2007,7,12,16,14.77,88.2,13.74,1.7,0.35,21.7,0.2457,5.499,21.0042,15.5053,64.5484,52.0917,1.8133,139.1657,0.4164,3.5122,0.1553,0.001,135.7781,41.8391,43.0926,0.0,0.0,2.5,0.0
PRF,45.996,-77.427,-4,2007,7,12,17,16.69,84.0,3.012,2.3,0.35,21.7,0.2823,5.499,21.0042,15.5053,109.8962,32.4146,0.5326,132.1087,0.0075,1.0546,0.002,0.0,135.4444,65.1644,33.9526,0.0,0.0,4.8,0.0
PRF,45.996,-77.427,-4,2007,7,12,18,19.1,75.37,3.468,0.0,0.35,21.7,0.3072,5.499,21.0042,15.5053,97.3457,37.1303,0.637,132.5827,0.0231,1.2589,0.0064,0.0,66.5013,47.494,40.8773,0.0,0.0,4.8,1.0
PRF,45.996,-77.427,-4,2007,7,12,19,19.4,78.02,3.864,0.0,0.35,21.7,0.1912,5.499,21.0042,15.5053,87.0158,41.3907,0.7317,133.0612,0.0544,1.4435,0.0155,0.0,41.1506,37.3706,45.1444,0.0,0.0,4.8,2.0
PRF,45.996,-77.427,-4,2007,7,12,20,18.79,89.1,2.58,0.0,0.35,21.7,0.0543,5.499,21.0042,15.5053,82.428,43.4058,0.7772,133.5305,0.0723,1.532,0.0209,0.0,35.8347,34.7536,46.2867,0.0,0.0,4.8,3.0
PRF,45.996,-77.427,-4,2007,7,12,21,14.27,94.7,4.368,0.0,0.35,21.7,0.0,5.499,21.0042,15.5053,80.319,44.3593,0.794,133.9321,0.0924,1.5647,0.0268,0.0,35.1914,34.246,46.4552,0.0,0.0,4.8,4.0
PRF,45.996,-77.427,-4,2007,7,12,22,12.88,93.7,4.488,0.0,0.35,21.7,0.0,5.499,21.0042,15.5053,78.0419,45.4089,0.794,133.9321,0.1095,1.5647,0.0317,0.0001,34.5131,33.6988,46.6814,0.0,0.0,0.0,0.0
PRF,45.996,-77.427,-4,2007,7,12,23,10.88,99.2,1.152,0.0,0.35,21.7,0.0,5.499,21.0042,15.5053,77.8583,45.4945,0.794,133.9321,0.0937,1.5647,0.0272,0.0,34.5131,33.6988,46.7727,0.0,0.0,0.0,0.0
PRF,45.996,-77.427,-4,2007,7,13,0,9.96,99.9,2.316,0.0,0.35,21.6,0.0,5.5137,20.9941,15.4805,77.8322,45.5067,0.794,133.9321,0.0996,1.5647,0.0289,0.0001,34.5131,33.6988,46.6998,0.0,0.0,0.0,0.0
PRF,45.996,-77.427,-4,2007,7,13,1,9.45,99.9,1.524,0.0,0.35,21.6,0.0,5.5137,20.9941,15.4805,77.8093,45.5174,0.794,133.9321,0.0959,1.5647,0.0278,0.0,34.5131,33.6988,46.7205,0.0,0.0,0.0,0.0
PRF,45.996,-77.427,-4,2007,7,13,2,8.59,99.9,1.284,0.0,0.35,21.6,0.0,5.5137,20.9941,15.4805,77.788,45.5273,0.794,133.9321,0.0948,1.5647,0.0275,0.0,34.5131,33.6988,46.7266,0.0,0.0,0.0,0.0
PRF,45.996,-77.427,-4,2007,7,13,3,8.15,99.9,3.408,0.0,0.35,21.6,0.0,5.5137,20.9941,15.4805,77.7611,45.5399,0.794,133.9321,0.1058,1.5647,0.0307,0.0001,34.5131,33.6988,46.6699,0.0,0.0,0.0,0.0
PRF,45.996,-77.427,-4,2007,7,13,4,7.367,99.9,1.248,0.0,0.35,21.6,0.0,5.5137,20.9941,15.4805,77.7411,45.5492,0.794,133.9321,0.095,1.5647,0.0275,0.0,34.5131,33.6988,46.7275,0.0,0.0,0.0,0.0
PRF,45.996,-77.427,-4,2007,7,13,5,8.08,99.9,1.452,0.0,0.35,21.6,0.0,5.5137,20.9941,15.4805,77.7197,45.5592,0.794,133.9321,0.0961,1.5647,0.0279,0.0,34.5131,33.6988,46.7223,0.0,0.0,0.0,0.0
PRF,45.996,-77.427,-4,2007,7,13,6,10.03,99.9,4.116,0.0,0.35,21.6,0.0002,5.5137,20.9941,15.4805,77.689,45.5735,0.7942,134.27,0.1102,1.5652,0.0319,0.0001,34.5131,33.6988,46.6496,0.0,0.0,0.0,0.0
PRF,45.996,-77.427,-4,2007,7,13,7,10.97,99.9,0.78,0.3,0.35,21.6,0.0006,5.5137,20.9941,15.4805,77.668,45.5833,0.7944,134.6221,0.0933,1.5657,0.027,0.0,119.9982,38.838,44.5262,0.0,0.0,0.3,0.0
PRF,45.996,-77.427,-4,2007,7,13,8,12.44,98.3,2.268,0.0,0.35,21.6,0.0191,5.5137,20.9941,15.4805,77.181,45.8113,0.7991,134.9962,0.104,1.5749,0.0302,0.0001,113.5174,38.6831,44.5707,0.0,0.0,0.3,1.0
PRF,45.996,-77.427,-4,2007,7,13,9,14.65,89.7,6.444,0.0,0.35,21.6,0.1604,5.5137,20.9941,15.4805,73.2138,47.7062,0.8326,135.4034,0.1684,1.64,0.0494,0.0001,76.9842,35.9926,45.6257,0.0,0.0,0.3,2.0
PRF,45.996,-77.427,-4,2007,7,13,10,15.33,82.7,7.38,0.0,0.35,21.6,0.3095,5.5137,20.9941,15.4805,67.2572,50.6828,0.8915,135.8209,0.2577,1.7542,0.077,0.0003,45.2001,31.8038,47.3153,0.0,0.0,0.3,3.0
PRF,45.996,-77.427,-4,2007,7,13,11,16.75,74.45,4.476,0.0,0.35,21.6,0.4871,5.5137,20.9941,15.4805,60.6684,54.1739,0.9865,136.2596,0.3232,1.9379,0.0992,0.0005,25.2934,27.44,49.1886,0.0,0.0,0.3,4.0
PRF,45.996,-77.427,-4,2007,7,13,12,15.79,85.2,7.248,0.2,0.35,21.6,0.3581,5.5137,20.9941,15.4805,56.6485,56.4147,1.0384,136.684,0.454,2.038,0.1414,0.0009,46.3497,28.8919,48.4715,0.0,0.0,0.5,0.0
PRF,45.996,-77.427,-4,2007,7,13,13,17.71,75.37,9.61,0.6,0.35,21.6,0.5597,5.5137,20.9941,15.4805,63.2048,52.8041,1.1352,137.1371,0.3649,2.2244,0.1166,0.0006,78.2904,30.7401,47.6327,0.0,0.0,1.1,0.0
PRF,45.996,-77.427,-4,2007,7,13,14,18.45,71.75,9.04,0.2,0.35,21.6,0.6079,5.5137,20.9941,15.4805,59.2671,54.9451,1.2509,137.6014,0.4372,2.4463,0.1439,0.0009,47.9488,27.0681,49.0464,0.0,0.0,1.3,0.0
PRF,45.996,-77.427,-4,2007,7,13,15,19.27,51.63,11.81,0.0,0.35,21.6,0.7074,5.5137,20.9941,15.4805,48.1745,61.4403,1.4578,138.0779,0.8074,2.8407,0.2791,0.0028,18.4103,20.0024,51.0222,0.1095,0.4142,1.3,1.0
PRF,45.996,-77.427,-4,2007,7,13,16,20.09,48.29,13.4,0.0,0.35,21.6,0.646,5.5137,20.9941,15.4805,38.95,67.4309,1.6885,138.5668,1.1311,3.2771,0.4112,0.0056,11.8177,16.6339,51.5929,0.2313,0.8753,1.3,2.0
PRF,45.996,-77.427,-4,2007,7,13,17,20.84,44.19,10.1,0.0,0.35,21.6,0.5494,5.5137,20.9941,15.4805,31.9344,72.3999,1.9467,139.0669,1.1301,3.7617,0.4327,0.0062,10.0346,14.8832,52.4944,0.2093,0.792,1.3,3.0
PRF,45.996,-77.427,-4,2007,7,13,18,20.97,45.52,10.19,0.0,0.35,21.6,0.4163,5.5137,20.9941,15.4805,26.8526,76.2493,2.2003,139.5689,1.3796,4.2337,0.5535,0.0095,10.0346,14.3774,52.5848,0.2232,0.8447,1.3,4.0
PRF,45.996,-77.427,-4,2007,7,13,19,20.53,45.39,8.22,0.0,0.35,21.6,0.2712,5.5137,20.9941,15.4805,23.3061,79.0715,2.4492,140.0644,1.5674,4.6932,0.6562,0.0129,10.0346,14.2633,52.9331,0.1529,0.5784,0.0,0.0
PRF,45.996,-77.427,-4,2007,7,13,20,19.64,52.31,5.136,0.0,0.35,21.6,0.1204,5.5137,20.9941,15.4805,21.3611,80.6698,2.6571,140.5465,1.5811,5.0744,0.6845,0.0139,11.2818,14.2633,53.4166,0.0652,0.2466,0.0,0.0
PRF,45.996,-77.427,-4,2007,7,13,21,16.08,68.56,4.824,0.0,0.35,21.6,0.0,5.5137,20.9941,15.4805,20.8478,81.0977,2.6571,140.5465,1.6329,5.0744,0.707,0.0147,14.7031,15.9975,53.0173,0.0395,0.1494,0.0,0.0
PRF,45.996,-77.427,-4,2007,7,13,22,11.58,93.4,2.616,0.0,0.35,21.6,0.0,5.5137,20.9941,15.4805,21.7931,80.3116,2.6571,140.5465,1.3394,5.0744,0.5799,0.0104,21.008,21.6328,51.4934,0.0,0.0,0.0,0.0
PRF,45.996,-77.427,-4,2007,7,13,23,10.23,97.7,2.292,0.0,0.35,21.6,0.0,5.5137,20.9941,15.4805,23.1959,79.1612,2.6571,140.5465,1.1726,5.0744,0.5077,0.0082,25.4022,25.716,49.9887,0.0,0.0,0.0,0.0
PRF,45.996,-77.427,-4,2007,7,14,0,9.48,98.5,2.94,0.0,0.35,21.5,0.0,5.5288,20.9834,15.4546,24.5078,78.1022,2.6571,140.5465,1.101,5.0744,0.4767,0.0073,27.9786,28.1363,48.9465,0.0,0.0,0.0,0.0
PRF,45.996,-77.427,-4,2007,7,14,1,8.56,99.9,0.924,0.0,0.35,21.5,0.0,5.5288,20.9834,15.4546,25.7277,77.1319,2.6571,140.5465,0.9205,5.0744,0.3985,0.0053,29.7201,29.8065,48.3451,0.0,0.0,0.0,0.0
PRF,45.996,-77.427,-4,2007,7,14,2,8.22,99.9,1.428,0.0,0.35,21.5,0.0,5.5288,20.9834,15.4546,26.7769,76.3083,2.6571,140.5465,0.8907,5.0744,0.3856,0.005,30.7304,30.7771,47.9195,0.0,0.0,0.0,0.0
PRF,45.996,-77.427,-4,2007,7,14,3,7.508,99.9,1.776,0.0,0.35,21.5,0.0,5.5288,20.9834,15.4546,27.6666,75.6176,2.6571,140.5465,0.8675,5.0744,0.3756,0.0048,31.362,31.3874,47.6509,0.0,0.0,0.0,0.0
PRF,45.996,-77.427,-4,2007,7,14,4,7.638,99.9,1.332,0.0,0.35,21.5,0.0,5.5288,20.9834,15.4546,28.3919,75.0597,2.6571,140.5465,0.8213,5.0744,0.3556,0.0044,31.6847,31.6987,47.5338,0.0,0.0,0.0,0.0
PRF,45.996,-77.427,-4,2007,7,14,5,7.842,99.9,1.56,0.0,0.35,21.5,0.0,5.5288,20.9834,15.4546,29.0046,74.5921,2.6571,140.5465,0.8103,5.0744,0.3508,0.0043,31.8398,31.8474,47.4637,0.0,0.0,0.0,0.0
PRF,45.996,-77.427,-4,2007,7,14,6,8.35,99.9,1.344,0.0,0.35,21.5,0.0001,5.5288,20.9834,15.4546,29.5033,74.2138,2.6573,140.8592,0.7864,5.0753,0.3405,0.004,31.856,31.8656,47.4627,0.0,0.0,0.0,0.0
PRF,45.996,-77.427,-4,2007,7,14,7,11.42,99.9,1.656,0.0,0.35,21.5,0.0006,5.5288,20.9834,15.4546,29.867,73.9393,2.6576,141.218,0.7884,5.0763,0.3414,0.0041,31.856,31.8656,47.453,0.0,0.0,0.0,0.0
PRF,45.996,-77.427,-4,2007,7,14,8,12.6,96.6,3.624,0.0,0.35,21.5,0.0373,5.5288,20.9834,15.4546,29.867,73.9393,2.6671,141.5945,0.8705,5.0943,0.3775,0.0049,31.5356,31.8656,47.3885,0.0,0.0,0.0,0.0
PRF,45.996,-77.427,-4,2007,7,14,9,14.41,89.5,7.644,0.0,0.35,21.5,0.1604,5.5288,20.9834,15.4546,29.4737,74.2362,2.7007,141.9982,1.0813,5.1562,0.4714,0.0072,27.5117,30.7003,47.7001,0.0,0.0,0.0,0.0
PRF,45.996,-77.427,-4,2007,7,14,10,16.01,80.9,5.448,0.0,0.35,21.5,0.3405,5.5288,20.9834,15.4546,28.498,74.9785,2.7686,142.4258,1.0061,5.2805,0.4433,0.0064,21.3358,27.9974,48.8726,0.0,0.0,0.0,0.0
PRF,45.996,-77.427,-4,2007,7,14,11,16.85,79.15,6.048,0.0,0.35,21.5,0.4329,5.5288,20.9834,15.4546,27.4493,75.7857,2.8465,142.8661,1.087,5.423,0.4846,0.0075,17.3702,25.7436,49.6931,0.0,0.0,0.0,0.0
PRF,45.996,-77.427,-4,2007,7,14,12,17.56,68.0,4.956,0.0,0.35,21.5,0.6115,5.5288,20.9834,15.4546,25.8475,77.0374,2.9713,143.317,1.1199,5.6498,0.5085,0.0082,13.252,22.6736,50.8814,0.0,0.0,0.0,0.0
PRF,45.996,-77.427,-4,2007,7,14,13,17.09,81.7,3.792,0.0,0.35,21.5,0.4561,5.5288,20.9834,15.4546,25.343,77.4364,3.0407,143.7608,1.0886,5.776,0.4993,0.008,13.252,22.6736,50.9786,0.0,0.0,0.0,0.0
PRF,45.996,-77.427,-4,2007,7,14,14,17.12,73.32,7.044,0.0,0.35,21.5,0.5653,5.5288,20.9834,15.4546,24.3289,78.2457,3.1421,144.2051,1.3707,5.9596,0.6378,0.0123,13.0144,21.6196,51.0422,0.0,0.0,0.0,0.0
PRF,45.996,-77.427,-4,2007,7,14,15,17.29,68.92,8.76,0.0,0.35,21.5,0.577,5.5288,20.9834,15.4546,23.1705,79.1818,3.2614,144.652,1.6277,6.1748,0.7699,0.0171,12.7439,20.4426,51.2222,0.0,0.0,0.0,0.0
PRF,45.996,-77.427,-4,2007,7,14,16,16.17,79.54,6.336,0.0,0.35,21.5,0.3902,5.5288,20.9834,15.4546,22.8553,79.4387,3.3349,145.082,1.4769,6.3073,0.7056,0.0147,13.2204,20.4426,51.4893,0.0,0.0,0.0,0.0
PRF,45.996,-77.427,-4,2007,7,14,17,14.27,92.2,6.252,1.1,0.35,21.5,0.1406,5.5288,20.9834,15.4546,38.5448,67.7077,3.3596,145.4836,0.7963,6.3524,0.3817,0.0049,169.2072,37.3397,45.0251,0.0,0.0,1.1,0.0
PRF,45.996,-77.427,-4,2007,7,14,18,13.59,96.4,3.0,1.7,0.35,21.5,0.0508,5.5288,20.9834,15.4546,81.6185,43.7697,1.7832,145.8749,0.0784,3.4606,0.0291,0.0001,212.5479,63.77,34.4016,0.0,0.0,2.8,0.0
PRF,45.996,-77.427,-4,2007,7,14,19,14.1,95.2,8.39,0.3,0.35,21.5,0.0447,5.5288,20.9834,15.4546,86.0876,41.792,1.2109,142.5972,0.0734,2.3715,0.0239,0.0,201.5541,63.6796,34.4295,0.0,0.0,3.1,0.0
PRF,45.996,-77.427,-4,2007,7,14,20,14.34,96.3,9.88,0.0,0.35,21.5,0.0163,5.5288,20.9834,15.4546,84.0192,42.6978,1.2227,142.9998,0.0927,2.3942,0.0303,0.0001,175.4623,59.9381,35.8329,0.0,0.0,3.1,1.0
PRF,45.996,-77.427,-4,2007,7,14,21,14.55,97.0,7.968,0.0,0.35,21.5,0.0,5.5288,20.9834,15.4546,82.4901,43.378,1.2227,142.9998,0.0944,2.3942,0.0309,0.0001,162.2205,57.4063,36.8095,0.0,0.0,3.1,2.0
PRF,45.996,-77.427,-4,2007,7,14,22,14.85,96.9,6.516,0.0,0.35,21.5,0.0,5.5288,20.9834,15.4546,81.0356,44.0334,1.2227,142.9998,0.0977,2.3942,0.0319,0.0001,150.4653,55.1458,37.6967,0.0,0.0,3.1,3.0
PRF,45.996,-77.427,-4,2007,7,14,23,15.06,97.7,3.96,0.5,0.35,21.5,0.0,5.5288,20.9834,15.4546,91.7044,39.4113,0.508,141.8335,0.0377,1.007,0.0099,0.0,236.9586,61.8796,35.1073,0.0,0.0,3.6,0.0
PRF,45.996,-77.427,-4,2007,7,15,0,15.13,98.5,3.852,0.2,0.35,21.4,0.0,5.5443,20.972,15.4278,95.4623,37.8801,0.1345,141.3679,0.0276,0.2683,0.0061,0.0,241.3341,64.0505,34.2635,0.0,0.0,3.8,0.0
PRF,45.996,-77.427,-4,2007,7,15,1,14.2,99.6,2.808,0.0,0.35,21.4,0.0,5.5443,20.972,15.4278,95.2801,37.9532,0.1345,141.3679,0.0265,0.2683,0.0059,0.0,239.3123,63.7691,34.3687,0.0,0.0,3.8,1.0
PRF,45.996,-77.427,-4,2007,7,15,2,13.62,100.0,2.112,0.0,0.35,21.4,0.0,5.5443,20.972,15.4278,95.2801,37.9532,0.1345,141.3679,0.0256,0.2683,0.0057,0.0,239.3123,63.7691,34.3693,0.0,0.0,3.8,2.0
PRF,45.996,-77.427,-4,2007,7,15,3,14.17,100.0,4.248,0.0,0.35,21.4,0.0,5.5443,20.972,15.4278,95.2801,37.9532,0.1345,141.3679,0.0285,0.2683,0.0063,0.0,239.3123,63.7691,34.3674,0.0,0.0,3.8,3.0
PRF,45.996,-77.427,-4,2007,7,15,4,13.39,99.9,4.5,0.0,0.35,21.4,0.0,5.5443,20.972,15.4278,95.2295,37.9736,0.1345,141.3679,0.029,0.2683,0.0064,0.0,238.7497,63.6922,34.3957,0.0,0.0,3.8,4.0
PRF,45.996,-77.427,-4,2007,7,15,5,13.86,99.9,2.088,0.0,0.35,21.4,0.0,5.5443,20.972,15.4278,95.1881,37.9902,0.1345,141.3679,0.0258,0.2683,0.0057,0.0,238.2913,63.6292,34.4213,0.0,0.0,0.0,0.0
PRF,45.996,-77.427,-4,2007,7,15,6,14.31,97.8,7.968,1.0,0.35,21.4,0.004,5.5443,20.972,15.4278,104.7792,34.2806,0.1415,141.77,0.0153,0.2822,0.0034,0.0,232.7647,77.4809,29.5313,0.0,0.0,1.0,0.0
PRF,45.996,-77.427,-4,2007,7,15,7,14.44,97.4,7.5,0.1,0.35,21.4,0.0184,5.5443,20.972,15.4278,105.0663,34.1739,0.1498,142.1741,0.0145,0.2988,0.0033,0.0,223.326,75.5142,30.1948,0.0,0.0,1.1,0.0
PRF,45.996,-77.427,-4,2007,7,15,8,14.44,94.6,6.804,0.0,0.35,21.4,0.0638,5.5443,20.972,15.4278,101.5732,35.4888,0.1671,142.5782,0.019,0.3332,0.0043,0.0,174.2157,68.9974,32.4639,0.0,0.0,1.1,1.0
PRF,45.996,-77.427,-4,2007,7,15,9,16.38,83.3,9.38,0.0,0.35,21.4,0.251,5.5443,20.972,15.4278,91.5775,39.4639,0.2278,143.0114,0.05,0.4539,0.0117,0.0,91.9886,52.521,38.6902,0.0,0.0,1.1,2.0
PRF,45.996,-77.427,-4,2007,7,15,10,17.32,77.07,7.608,0.0,0.35,21.4,0.4012,5.5443,20.972,15.4278,80.9513,44.0716,0.316,143.4587,0.1039,0.6285,0.0252,0.0,44.6709,39.4801,44.0612,0.0,0.0,1.1,3.0
PRF,45.996,-77.427,-4,2007,7,15,11,16.81,78.98,6.42,0.0,0.35,21.4,0.4337,5.5443,20.972,15.4278,72.912,47.8531,0.3944,143.8984,0.1716,0.7835,0.0431,0.0001,26.5004,32.8022,46.8611,0.0,0.0,1.1,4.0
PRF,45.996,-77.427,-4,2007,7,15,12,18.31,70.18,6.42,0.0,0.35,21.4,0.6041,5.5443,20.972,15.4278,63.5905,52.5987,0.5157,144.3605,0.3041,1.0222,0.0802,0.0003,16.1743,26.4764,49.3506,0.0,0.0,0.0,0.0
PRF,45.996,-77.427,-4,2007,7,15,13,19.47,63.29,13.1,0.0,0.35,21.4,0.7028,5.5443,20.972,15.4278,52.8705,58.6028,0.6743,144.8401,0.721,1.3331,0.2011,0.0016,12.4237,21.2674,50.428,0.082,0.3102,0.0,0.0
PRF,45.996,-77.427,-4,2007,7,15,14,20.43,56.47,16.06,0.0,0.35,21.4,0.7445,5.5443,20.972,15.4278,42.9333,64.7728,0.8718,145.334,1.1731,1.7178,0.3484,0.0042,10.9287,17.9161,50.8104,0.2256,0.8536,0.0,0.0
PRF,45.996,-77.427,-4,2007,7,15,15,20.6,54.83,10.2,0.0,0.35,21.4,0.7082,5.5443,20.972,15.4278,36.0355,69.449,1.0783,145.8305,1.0273,2.1175,0.3235,0.0037,9.8714,16.5727,52.0079,0.1691,0.6398,0.0,0.0
PRF,45.996,-77.427,-4,2007,7,15,16,22.47,46.89,6.492,0.0,0.35,21.4,0.6631,5.5443,20.972,15.4278,30.1021,73.7624,1.3433,146.3551,0.9977,2.6263,0.3359,0.0039,8.3849,14.907,52.9592,0.0939,0.3553,0.0,0.0
PRF,45.996,-77.427,-4,2007,7,15,17,22.13,44.64,10.5,0.0,0.35,21.4,0.5531,5.5443,20.972,15.4278,25.177,77.5682,1.6152,146.8745,1.5424,3.144,0.5524,0.0095,8.3849,14.0687,52.4987,0.2339,0.8851,0.0,0.0
PRF,45.996,-77.427,-4,2007,7,15,18,22.03,45.56,15.43,0.0,0.35,21.4,0.4183,5.5443,20.972,15.4278,21.441,80.6034,1.8815,147.3925,2.6368,3.6466,0.9975,0.0271,8.9014,13.8959,51.6517,0.3601,1.3624,0.0,0.0
PRF,45.996,-77.427,-4,2007,7,15,19,19.44,63.19,3.216,0.0,0.35,21.4,0.2389,5.5443,20.972,15.4278,20.551,81.3464,2.0403,147.8716,1.5495,3.9446,0.6043,0.0112,10.8167,14.7484,53.4766,0.0346,0.1308,0.0,0.0
PRF,45.996,-77.427,-4,2007,7,15,20,14.27,98.2,3.684,9.5,0.35,21.4,0.0081,5.5443,20.972,15.4278,151.9581,19.4947,0.3924,129.8578,0.0001,0.7789,0.0,0.0,235.9716,171.0502,6.3332,0.0,0.0,9.5,0.0
PRF,45.996,-77.427,-4,2007,7,15,21,13.97,97.8,3.936,0.0,0.35,21.4,0.0,5.5443,20.972,15.4278,149.9294,20.0339,0.3924,129.8578,0.0002,0.7789,0.0,0.0,224.7489,163.4271,7.7612,0.0,0.0,9.5,1.0
PRF,45.996,-77.427,-4,2007,7,15,22,11.59,99.9,2.58,0.0,0.35,21.4,0.0,5.5443,20.972,15.4278,149.8536,20.0542,0.3924,129.8578,0.0002,0.7789,0.0,0.0,224.3344,163.1475,7.8147,0.0,0.0,9.5,2.0
PRF,45.996,-77.427,-4,2007,7,15,23,10.47,99.9,1.92,0.0,0.35,21.4,0.0,5.5443,20.972,15.4278,149.7864,20.0722,0.3924,129.8578,0.0001,0.7789,0.0,0.0,223.9679,162.9006,7.8621,0.0,0.0,9.5,3.0
PRF,45.996,-77.427,-4,2007,7,16,0,9.72,99.9,1.2,0.0,0.35,21.3,0.0,5.5601,20.9601,15.4,149.7282,20.0877,0.3924,129.8578,0.0001,0.7789,0.0,0.0,223.6508,162.687,7.8859,0.0,0.0,9.5,4.0
PRF,45.996,-77.427,-4,2007,7,16,1,9.04,99.9,1.368,0.0,0.35,21.3,0.0,5.5601,20.9601,15.4,149.6698,20.1034,0.3924,129.8578,0.0001,0.7789,0.0,0.0,223.3327,162.4729,7.9271,0.0,0.0,0.0,0.0
PRF,45.996,-77.427,-4,2007,7,16,2,8.35,99.8,0.804,0.0,0.35,21.3,0.0,5.5601,20.9601,15.4,149.5687,20.1305,0.3924,129.8578,0.0001,0.7789,0.0,0.0,222.7833,162.1031,7.9983,0.0,0.0,0.0,0.0
PRF,45.996,-77.427,-4,2007,7,16,3,8.08,99.9,2.136,0.1,0.35,21.3,0.0,5.5601,20.9601,15.4,149.5058,20.1474,0.3924,129.8578,0.0002,0.7789,0.0,0.0,249.6086,163.5847,7.7139,0.0,0.0,0.1,0.0
PRF,45.996,-77.427,-4,2007,7,16,4,7.228,99.9,2.448,0.0,0.35,21.3,0.0,5.5601,20.9601,15.4,149.4427,20.1643,0.3924,129.8578,0.0002,0.7789,0.0,0.0,249.2162,163.3515,7.7585,0.0,0.0,0.1,1.0
PRF,45.996,-77.427,-4,2007,7,16,5,6.792,99.9,2.196,0.0,0.35,21.3,0.0,5.5601,20.9601,15.4,149.3825,20.1805,0.3924,129.8578,0.0002,0.7789,0.0,0.0,248.8421,163.1292,7.8011,0.0,0.0,0.1,2.0
PRF,45.996,-77.427,-4,2007,7,16,6,7.028,99.9,1.56,0.0,0.35,21.3,0.0001,5.5601,20.9601,15.4,149.3268,20.1955,0.3925,130.1507,0.0002,0.7792,0.0,0.0,248.4524,162.9241,7.8404,0.0,0.0,0.1,3.0
PRF,45.996,-77.427,-4,2007,7,16,7,9.92,99.9,2.316,0.0,0.35,21.3,0.0005,5.5601,20.9601,15.4,149.258,20.214,0.3928,130.487,0.0002,0.7797,0.0,0.0,247.7713,162.6706,7.8891,0.0,0.0,0.1,4.0
PRF,45.996,-77.427,-4,2007,7,16,8,12.06,99.9,2.028,0.0,0.35,21.3,0.0011,5.5601,20.9601,15.4,149.186,20.2333,0.393,130.8554,0.0002,0.7802,0.0,0.0,246.7893,162.4053,7.9401,0.0,0.0,0.0,0.0
PRF,45.996,-77.427,-4,2007,7,16,9,13.93,98.1,2.952,0.0,0.35,21.3,0.0325,5.5601,20.9601,15.4,147.6031,20.6613,0.3989,131.2519,0.0002,0.7918,0.0,0.0,222.587,156.6757,9.0608,0.0,0.0,0.0,0.0
PRF,45.996,-77.427,-4,2007,7,16,10,16.64,88.7,5.7,0.0,0.35,21.3,0.2382,5.5601,20.9601,15.4,137.1712,23.6012,0.4407,131.689,0.0006,0.874,0.0002,0.0,126.4735,123.109,16.4558,0.0,0.0,0.0,0.0
PRF,45.996,-77.427,-4,2007,7,16,11,18.99,73.11,4.248,0.0,0.35,21.3,0.5358,5.5601,20.9601,15.4,119.2809,29.1786,0.554,132.1613,0.0034,1.0965,0.0009,0.0,49.501,79.3763,28.872,0.0,0.0,0.0,0.0
PRF,45.996,-77.427,-4,2007,7,16,12,21.86,61.65,7.596,0.0,0.35,21.3,0.7174,5.5601,20.9601,15.4,96.2066,37.5824,0.7401,132.6767,0.0313,1.4599,0.0089,0.0,17.7896,43.4829,42.3532,0.0,0.0,0.0,0.0
PRF,45.996,-77.427,-4,2007,7,16,13,22.68,41.84,15.62,0.0,0.35,21.3,0.8114,5.5601,20.9601,15.4,70.2231,49.1803,1.033,133.2044,0.3248,2.0266,0.101,0.0005,9.4929,21.8936,49.9024,0.075,0.2838,0.0,0.0
PRF,45.996,-77.427,-4,2007,7,16,14,23.32,41.33,14.41,0.0,0.35,21.3,0.8058,5.5601,20.9601,15.4,52.0282,59.1018,1.3367,133.7417,0.7972,2.6082,0.2678,0.0026,7.8627,15.4069,51.5261,0.2827,1.0696,0.0,0.0
PRF,45.996,-77.427,-4,2007,7,16,15,23.67,41.81,5.328,0.0,0.35,21.3,0.7584,5.5601,20.9601,15.4,41.2564,65.8781,1.6425,134.2843,0.7132,3.1875,0.2567,0.0024,6.5752,13.7047,53.3742,0.0771,0.2918,0.0,0.0
PRF,45.996,-77.427,-4,2007,7,16,16,23.9,35.26,14.78,0.0,0.35,21.3,0.6807,5.5601,20.9601,15.4,31.0981,73.0183,1.986,134.8303,1.4664,3.8309,0.5654,0.0099,6.5752,12.1712,51.9905,0.3995,1.5117,0.0,0.0
PRF,45.996,-77.427,-4,2007,7,16,17,23.32,40.41,9.49,0.0,0.35,21.3,0.5609,5.5601,20.9601,15.4,25.3541,77.4276,2.2945,135.3676,1.4497,4.4024,0.591,0.0107,6.707,12.1712,52.9872,0.243,0.9196,0.0,0.0
PRF,45.996,-77.427,-4,2007,7,16,18,24.55,37.61,10.76,0.0,0.35,21.3,0.429,5.5601,20.9601,15.4,20.7182,81.2062,2.6345,135.9233,2.2298,5.0255,0.9613,0.0254,6.9896,11.9368,52.7945,0.2901,1.0976,0.0,0.0
PRF,45.996,-77.427,-4,2007,7,16,19,22.27,43.68,11.71,0.0,0.35,21.3,0.273,5.5601,20.9601,15.4,18.2561,83.299,2.9129,136.4449,3.0243,5.5307,2.0941,0.1006,8.625,11.9368,52.6161,0.319,1.2069,0.0,0.0
PRF,45.996,-77.427,-4,2007,7,16,20,20.22,61.38,3.792,0.0,0.35,21.3,0.1111,5.5601,20.9601,15.4,17.7985,83.6949,3.0863,136.9357,2.1371,5.8433,0.9854,0.0265,11.4189,13.6497,53.6239,0.0484,0.183,0.0,0.0
PRF,45.996,-77.427,-4,2007,7,16,21,16.42,74.12,6.54,0.0,0.35,21.3,0.0,5.5601,20.9601,15.4,17.7985,83.6949,3.0863,136.9357,2.4545,5.8433,1.5071,0.0562,15.657,16.5523,52.4911,0.0637,0.241,0.0,0.0
PRF,45.996,-77.427,-4,2007,7,16,22,14.2,86.2,5.076,0.0,0.35,21.3,0.0,5.5601,20.9601,15.4,18.6214,82.9846,3.0863,136.9357,2.079,5.8433,0.9586,0.0252,19.787,20.1688,51.6143,0.0,0.0,0.0,0.0
PRF,45.996,-77.427,-4,2007,7,16,23,12.64,95.9,2.28,0.0,0.35,21.3,0.0,5.5601,20.9601,15.4,20.367,81.5009,3.0863,136.9357,1.505,5.8433,0.694,0.0142,24.1413,24.3216,50.3907,0.0,0.0,0.0,0.0
PRF,45.996,-77.427,-4,2007,7,17,0,10.91,99.1,1.752,0.0,0.35,21.2,0.0,5.5763,20.9474,15.3711,22.2718,79.9168,3.0863,136.9357,1.2303,5.8433,0.5673,0.01,27.365,27.4555,49.1446,0.0,0.0,0.0,0.0
PRF,45.996,-77.427,-4,2007,7,17,1,10.16,99.9,1.932,0.0,0.35,21.2,0.0,5.5763,20.9474,15.3711,23.9836,78.5233,3.0863,136.9357,1.0856,5.8433,0.5005,0.008,29.348,29.394,48.3449,0.0,0.0,0.0,0.0
PRF,45.996,-77.427,-4,2007,7,17,2,11.02,99.3,1.776,0.0,0.35,21.2,0.0,5.5763,20.9474,15.3711,25.2609,77.5016,3.0863,136.9357,0.9885,5.8433,0.4558,0.0068,30.0381,30.0611,48.0748,0.0,0.0,0.0,0.0
PRF,45.996,-77.427,-4,2007,7,17,3,9.96,99.8,1.596,0.0,0.35,21.2,0.0,5.5763,20.9474,15.3711,26.389,76.6116,3.0863,136.9357,0.917,5.8433,0.4228,0.0059,30.6859,30.6978,47.8157,0.0,0.0,0.0,0.0
PRF,45.996,-77.427,-4,2007,7,17,4,8.93,99.9,2.16,0.0,0.35,21.2,0.0,5.5763,20.9474,15.3711,27.3606,75.8544,3.0863,136.9357,0.8974,5.8433,0.4138,0.0057,31.1872,31.1934,47.5888,0.0,0.0,0.0,0.0
PRF,45.996,-77.427,-4,2007,7,17,5,8.15,99.9,1.728,0.0,0.35,21.2,0.0,5.5763,20.9474,15.3711,28.1494,75.2458,3.0863,136.9357,0.8467,5.8433,0.3904,0.0051,31.5365,31.5398,47.4579,0.0,0.0,0.0,0.0
PRF,45.996,-77.427,-4,2007,7,17,6,8.12,99.9,2.028,0.0,0.35,21.2,0.0001,5.5763,20.9474,15.3711,28.814,74.7372,3.0865,137.245,0.8359,5.8444,0.3855,0.005,31.7249,31.7314,47.3677,0.0,0.0,0.0,0.0
PRF,45.996,-77.427,-4,2007,7,17,7,11.32,99.9,1.176,0.0,0.35,21.2,0.0006,5.5763,20.9474,15.3711,29.2964,74.3705,3.0867,137.6023,0.7858,5.8456,0.3624,0.0045,31.7249,31.7314,47.3946,0.0,0.0,0.0,0.0
PRF,45.996,-77.427,-4,2007,7,17,8,14.61,91.3,2.58,0.0,0.35,21.2,0.097,5.5763,20.9474,15.3711,29.1221,74.5028,3.1149,138.0089,0.8491,5.8971,0.3932,0.0052,29.3362,31.1405,47.5963,0.0,0.0,0.0,0.0
PRF,45.996,-77.427,-4,2007,7,17,9,16.88,69.3,6.66,0.0,0.35,21.2,0.3657,5.5763,20.9474,15.3711,27.2848,75.9132,3.23,138.4496,1.13,6.104,0.5316,0.0089,20.2674,25.783,49.5005,0.0,0.0,0.0,0.0
PRF,45.996,-77.427,-4,2007,7,17,10,19.27,64.42,4.248,0.0,0.35,21.2,0.5224,5.5763,20.9474,15.3711,25.3876,77.401,3.3822,138.9262,1.1109,6.3763,0.5335,0.0089,14.1624,21.9168,51.0659,0.0,0.0,0.0,0.0
PRF,45.996,-77.427,-4,2007,7,17,11,21.35,57.53,4.008,0.0,0.35,21.2,0.6667,5.5763,20.9474,15.3711,23.227,79.1358,3.5835,139.4339,1.2754,6.7343,0.6286,0.012,10.09,18.7044,52.1426,0.0103,0.0388,0.0,0.0
PRF,45.996,-77.427,-4,2007,7,17,12,23.63,55.96,7.248,0.0,0.35,21.2,0.7567,5.5763,20.9474,15.3711,20.98,80.9873,3.8145,139.9759,1.8221,7.1424,0.9241,0.0237,8.4059,16.4665,52.3672,0.0759,0.2871,0.0,0.0
PRF,45.996,-77.427,-4,2007,7,17,13,25.23,40.41,8.53,0.0,0.35,21.2,0.8225,5.5763,20.9474,15.3711,17.9423,83.5702,4.1483,140.5418,2.6693,7.7264,2.2065,0.1104,6.2944,13.4237,52.8663,0.1769,0.6692,0.0,0.0
PRF,45.996,-77.427,-4,2007,7,17,14,25.23,34.17,10.54,0.0,0.35,21.2,0.8173,5.5763,20.9474,15.3711,15.2689,85.9233,4.517,141.1078,4.0705,8.3646,3.9609,0.3109,5.771,11.7118,52.8253,0.2874,1.0875,0.0,0.0
PRF,45.996,-77.427,-4,2007,7,17,15,26.33,30.01,15.67,0.0,0.35,21.2,0.7717,5.5763,20.9474,15.3711,12.8517,88.1185,4.9261,141.6902,7.2025,9.0644,7.283,0.9138,5.771,10.4207,51.9952,0.5056,1.913,0.0,0.0
PRF,45.996,-77.427,-4,2007,7,17,16,25.71,31.37,4.62,0.0,0.35,21.2,0.685,5.5763,20.9474,15.3711,11.7076,89.1808,5.3178,142.2634,4.8073,9.7267,5.1325,0.4919,5.2773,10.4207,54.1464,0.0865,0.3273,0.0,0.0
PRF,45.996,-77.427,-4,2007,7,17,17,25.98,30.69,7.476,0.0,0.35,21.2,0.5697,5.5763,20.9474,15.3711,10.7788,90.0545,5.7176,142.8406,6.2928,10.3949,6.8846,0.8272,5.2773,10.3106,53.6396,0.2161,0.8175,0.0,0.0
PRF,45.996,-77.427,-4,2007,7,17,18,26.63,33.86,3.648,0.0,0.35,21.2,0.4313,5.5763,20.9474,15.3711,10.3582,90.4536,6.1086,143.4275,5.4939,11.0415,6.2559,0.6982,5.4169,10.3106,54.342,0.0699,0.2644,0.0,0.0
PRF,45.996,-77.427,-4,2007,7,17,19,25.68,34.82,6.78,0.0,0.35,21.2,0.2792,5.5763,20.9474,15.3711,10.1579,90.6443,6.4802,144.0002,6.611,11.6497,7.6253,0.9912,6.4975,10.3106,53.7704,0.1865,0.7057,0.0,0.0
PRF,45.996,-77.427,-4,2007,7,17,20,23.39,51.56,3.84,0.0,0.35,21.2,0.1207,5.5763,20.9474,15.3711,10.5264,90.2938,6.7317,144.5386,5.4219,12.0593,6.4735,0.7418,9.2563,11.5632,54.0479,0.0641,0.2425,0.0,0.0
PRF,45.996,-77.427,-4,2007,7,17,21,17.29,86.8,1.452,0.0,0.35,21.2,0.0,5.5763,20.9474,15.3711,12.8606,88.1103,6.7317,144.5386,3.5142,12.0593,4.1886,0.3433,16.6087,17.6115,52.7686,0.0074,0.0282,0.0,0.0
PRF,45.996,-77.427,-4,2007,7,17,22,14.44,92.0,1.764,0.0,0.35,21.2,0.0,5.5763,20.9474,15.3711,15.216,85.9707,6.7317,144.5386,2.6332,12.0593,2.9963,0.1897,21.3438,21.8055,51.3155,0.0,0.0,0.0,0.0
PRF,45.996,-77.427,-4,2007,7,17,23,13.05,97.1,1.104,0.0,0.35,21.2,0.0,5.5763,20.9474,15.3711,17.7273,83.7566,6.7317,144.5386,1.8816,12.0593,1.8465,0.0805,25.0971,25.3227,50.0305,0.0,0.0,0.0,0.0
PRF,45.996,-77.427,-4,2007,7,18,0,12.28,95.6,0.72,0.0,0.35,21.1,0.0,5.5928,20.9342,15.3414,19.4467,82.2793,6.7317,144.5386,1.5278,12.0593,1.1444,0.0345,26.5008,26.6156,49.4901,0.0,0.0,0.0,0.0
PRF,45.996,-77.427,-4,2007,7,18,1,11.49,98.4,2.796,0.0,0.35,21.1,0.0,5.5928,20.9342,15.3414,21.4871,80.5651,6.7317,144.5386,1.3892,12.0593,0.9297,0.0239,28.3086,28.3636,48.6834,0.0,0.0,0.0,0.0
PRF,45.996,-77.427,-4,2007,7,18,2,10.5,99.1,1.92,0.0,0.35,21.1,0.0,5.5928,20.9342,15.3414,23.188,79.1676,6.7317,144.5386,1.1515,12.0593,0.7706,0.0172,29.5068,29.5346,48.2433,0.0,0.0,0.0,0.0
PRF,45.996,-77.427,-4,2007,7,18,3,10.91,99.7,1.656,0.0,0.35,21.1,0.0,5.5928,20.9342,15.3414,24.6853,77.9602,6.7317,144.5386,1.0198,12.0593,0.6824,0.0138,30.272,30.286,47.9418,0.0,0.0,0.0,0.0
PRF,45.996,-77.427,-4,2007,7,18,4,10.71,99.2,2.784,0.0,0.35,21.1,0.0,5.5928,20.9342,15.3414,25.8564,77.0304,6.7317,144.5386,1.0033,12.0593,0.6714,0.0134,30.5117,30.5185,47.8033,0.0,0.0,0.0,0.0
PRF,45.996,-77.427,-4,2007,7,18,5,10.13,99.4,3.828,0.0,0.35,21.1,0.0,5.5928,20.9342,15.3414,26.8784,76.2291,6.7317,144.5386,0.9999,12.0593,0.6691,0.0134,30.7851,30.7884,47.6523,0.0,0.0,0.0,0.0
PRF,45.996,-77.427,-4,2007,7,18,6,9.48,99.7,1.728,0.0,0.35,21.1,0.0004,5.5928,20.9342,15.3414,27.7057,75.5874,6.7323,144.8683,0.8638,12.0632,0.5782,0.0103,31.0819,31.0985,47.5997,0.0,0.0,0.0,0.0
PRF,45.996,-77.427,-4,2007,7,18,7,11.66,96.2,1.776,0.0,0.35,21.1,0.0215,5.5928,20.9342,15.3414,27.7203,75.5762,6.7422,145.2307,0.8654,12.0821,0.5797,0.0104,31.0427,31.0985,47.5981,0.0,0.0,0.0,0.0
PRF,45.996,-77.427,-4,2007,7,18,8,15.91,82.3,3.216,0.0,0.35,21.1,0.1787,5.5928,20.9342,15.3414,27.1196,76.0414,6.8047,145.6568,0.9578,12.1861,0.6448,0.0125,25.7128,28.8139,48.4822,0.0,0.0,0.0,0.0
PRF,45.996,-77.427,-4,2007,7,18,9,19.1,69.23,2.352,0.0,0.35,21.1,0.389,5.5928,20.9342,15.3414,25.7163,77.1409,6.9352,146.1308,0.9898,12.3992,0.673,0.0135,18.0052,24.6436,50.1716,0.0,0.0,0.0,0.0
PRF,45.996,-77.427,-4,2007,7,18,10,20.84,65.61,2.232,0.0,0.35,21.1,0.5329,5.5928,20.9342,15.3414,24.1973,78.3513,7.0943,146.6309,1.0855,12.6576,0.7468,0.0162,12.9336,21.4125,51.3701,0.0,0.0,0.0,0.0
PRF,45.996,-77.427,-4,2007,7,18,11,22.95,57.66,3.348,0.0,0.35,21.1,0.6797,5.5928,20.9342,15.3414,22.1806,79.9919,7.31,147.1627,1.3437,13.005,0.9389,0.0243,9.2432,18.1958,52.3262,0.0119,0.0452,0.0,0.0
PRF,45.996,-77.427,-4,2007,7,18,12,23.9,54.36,6.288,0.0,0.35,21.1,0.7621,5.5928,20.9342,15.3414,20.1072,81.7198,7.5521,147.7087,1.8901,13.3924,2.054,0.0972,7.8833,16.0642,52.5571,0.0667,0.2523,0.0,0.0
PRF,45.996,-77.427,-4,2007,7,18,13,25.23,45.49,5.688,0.0,0.35,21.1,0.816,5.5928,20.9342,15.3414,17.8561,83.6449,7.8575,148.2746,2.3359,13.8765,2.8522,0.1739,6.2384,14.0089,53.1501,0.0838,0.317,0.0,0.0
PRF,45.996,-77.427,-4,2007,7,18,14,26.46,42.86,4.668,0.0,0.35,21.1,0.8134,5.5928,20.9342,15.3414,15.9673,85.3011,8.1931,148.859,2.7763,14.4042,3.6119,0.2641,5.4001,12.789,53.5918,0.0657,0.2485,0.0,0.0
PRF,45.996,-77.427,-4,2007,7,18,15,27.49,31.78,7.644,0.0,0.35,21.1,0.7714,5.5928,20.9342,15.3414,13.5703,87.459,8.6094,149.4589,4.3734,15.0513,5.9667,0.6421,4.8425,10.7652,53.4801,0.2102,0.7954,0.0,0.0
PRF,45.996,-77.427,-4,2007,7,18,16,27.79,33.35,3.768,0.0,0.35,21.1,0.6857,5.5928,20.9342,15.3414,12.1887,88.7323,9.0206,150.0632,4.318,15.6842,6.0353,0.6552,4.8018,10.4091,54.2515,0.0706,0.2671,0.0,0.0
PRF,45.996,-77.427,-4,2007,7,18,17,27.45,33.28,3.9,0.0,0.35,21.1,0.5693,5.5928,20.9342,15.3414,11.2467,89.6132,9.4272,150.6625,4.9329,16.304,6.9886,0.8494,4.8018,10.3589,54.2381,0.0733,0.2775,0.0,0.0
PRF,45.996,-77.427,-4,2007,7,18,18,27.69,33.69,4.824,0.0,0.35,21.1,0.4307,5.5928,20.9342,15.3414,10.5823,90.2407,9.8348,151.2653,5.6544,16.9195,8.0635,1.0943,5.1435,10.3489,54.0742,0.09,0.3404,0.0,0.0
PRF,45.996,-77.427,-4,2007,7,18,19,26.63,38.98,4.872,0.0,0.35,21.1,0.2776,5.5928,20.9342,15.3414,10.5203,90.2995,10.1956,151.8523,5.716,17.4604,8.28,1.1468,6.4865,10.3489,54.0655,0.0908,0.3436,0.0,0.0
PRF,45.996,-77.427,-4,2007,7,18,20,23.6,56.33,4.98,0.0,0.35,21.1,0.1173,5.5928,20.9342,15.3414,11.0431,89.8048,10.4244,152.3938,5.354,17.8041,7.899,1.055,9.8381,12.085,53.695,0.0767,0.2903,0.0,0.0
PRF,45.996,-77.427,-4,2007,7,18,21,19.24,78.51,1.968,0.0,0.35,21.1,0.0,5.5928,20.9342,15.3414,12.6601,88.2953,10.4244,152.3938,3.7037,17.8041,5.6061,0.575,15.1757,16.1005,53.1198,0.0158,0.0598,0.0,0.0
PRF,45.996,-77.427,-4,2007,7,18,22,17.58,85.2,1.704,0.0,0.35,21.1,0.0,5.5928,20.9342,15.3414,14.4024,86.7026,10.4244,152.3938,2.911,17.8041,4.3849,0.3723,18.8289,19.2246,52.1703,0.0027,0.0104,0.0,0.0
PRF,45.996,-77.427,-4,2007,7,18,23,17.99,86.6,3.384,0.0,0.35,21.1,0.0,5.5928,20.9342,15.3414,15.9861,85.2845,10.4244,152.3938,2.5964,17.8041,3.8706,0.2985,20.7448,20.9009,51.445,0.0,0.0,0.0,0.0
PRF,45.996,-77.427,-4,2007,7,19,0,17.72,90.9,5.076,1.2,0.35,21.0,0.0,5.6097,20.9204,15.3107,34.6856,70.4056,10.4244,152.3938,0.8182,17.8041,0.6898,0.0141,200.3858,38.2672,44.4533,0.0,0.0,1.2,0.0
PRF,45.996,-77.427,-4,2007,7,19,1,16.39,91.2,3.252,0.2,0.35,21.0,0.0,5.6097,20.9204,15.3107,39.178,67.2757,10.4244,152.3938,0.6748,17.8041,0.5689,0.01,208.4591,39.0664,44.1468,0.0,0.0,1.4,0.0
PRF,45.996,-77.427,-4,2007,7,19,2,15.98,94.8,2.724,0.0,0.35,21.0,0.0,5.6097,20.9204,15.3107,38.7825,67.5452,10.4244,152.3938,0.663,17.8041,0.559,0.0097,187.8151,38.0532,44.5856,0.0,0.0,1.4,1.0
PRF,45.996,-77.427,-4,2007,7,19,3,16.46,90.5,5.808,0.0,0.35,21.0,0.0,5.6097,20.9204,15.3107,37.7743,68.2374,10.4244,152.3938,0.7922,17.8041,0.6679,0.0133,151.1865,35.5703,45.5668,0.0,0.0,1.4,2.0
PRF,45.996,-77.427,-4,2007,7,19,4,15.98,92.9,3.288,0.0,0.35,21.0,0.0,5.6097,20.9204,15.3107,37.2309,68.6136,10.4244,152.3938,0.7062,17.8041,0.5954,0.0109,132.0365,34.5228,46.0705,0.0,0.0,1.4,3.0
PRF,45.996,-77.427,-4,2007,7,19,5,16.15,88.5,7.476,0.0,0.35,21.0,0.0,5.6097,20.9204,15.3107,36.0435,69.4434,10.4244,152.3938,0.8954,17.8041,0.7548,0.0165,103.0192,32.2146,46.8876,0.0,0.0,1.4,4.0
PRF,45.996,-77.427,-4,2007,7,19,6,13.79,98.3,2.688,0.0,0.35,21.0,0.0025,5.6097,20.9204,15.3107,35.994,69.4782,10.4296,152.7881,0.7042,17.8184,0.594,0.0108,99.9362,32.2146,47.0576,0.0,0.0,0.0,0.0
PRF,45.996,-77.427,-4,2007,7,19,7,16.01,93.9,3.168,0.0,0.35,21.0,0.0425,5.6097,20.9204,15.3107,35.6277,69.7365,10.4513,153.2158,0.7274,17.8573,0.6144,0.0115,84.7404,31.8564,47.1914,0.0,0.0,0.0,0.0
PRF,45.996,-77.427,-4,2007,7,19,8,16.63,88.2,5.736,0.0,0.35,21.0,0.1365,5.6097,20.9204,15.3107,34.604,70.4639,10.4948,153.6527,0.8475,17.9283,0.7176,0.0151,59.0074,30.2542,47.7459,0.0,0.0,0.0,0.0
PRF,45.996,-77.427,-4,2007,7,19,9,17.82,83.8,3.312,0.0,0.35,21.0,0.2582,5.6097,20.9204,15.3107,33.3289,71.3815,10.5589,154.1075,0.7735,18.0295,0.6572,0.0129,38.2086,28.2207,48.6718,0.0,0.0,0.0,0.0
PRF,45.996,-77.427,-4,2007,7,19,10,20.05,70.42,10.16,0.0,0.35,21.0,0.4926,5.6097,20.9204,15.3107,30.2309,73.6657,10.6906,154.5958,1.1949,18.2296,1.1433,0.0345,20.5068,23.2718,49.9774,0.0157,0.0594,0.0,0.0
PRF,45.996,-77.427,-4,2007,7,19,11,20.7,70.45,4.2,0.0,0.35,21.0,0.5828,5.6097,20.9204,15.3107,28.1065,75.2787,10.8264,155.0938,0.9609,18.4355,0.8277,0.0195,13.7329,21.1222,51.2476,0.0,0.0,0.0,0.0
PRF,45.996,-77.427,-4,2007,7,19,12,22.85,62.06,5.16,0.0,0.35,21.0,0.7233,5.6097,20.9204,15.3107,25.4173,77.3775,11.0188,155.624,1.161,18.7234,1.0826,0.0313,9.6743,18.4794,51.9847,0.0165,0.0623,0.0,0.0
PRF,45.996,-77.427,-4,2007,7,19,13,23.15,57.87,8.03,0.0,0.35,21.0,0.7726,5.6097,20.9204,15.3107,22.7794,79.5007,11.2353,156.1588,1.6185,19.045,2.2421,0.1136,8.6045,16.6778,52.1085,0.0808,0.3058,0.0,0.0
PRF,45.996,-77.427,-4,2007,7,19,14,22.57,59.44,4.344,0.0,0.35,21.0,0.7517,5.6097,20.9204,15.3107,21.1362,80.857,11.4386,156.6848,1.5512,19.3463,2.1345,0.1041,8.1597,16.2785,52.7164,0.0313,0.1185,0.0,0.0
PRF,45.996,-77.427,-4,2007,7,19,15,22.71,64.65,7.056,0.0,0.35,21.0,0.6834,5.6097,20.9204,15.3107,20.0222,81.7915,11.6168,157.213,1.9816,19.6109,3.0221,0.1926,8.1597,16.2785,52.3466,0.0753,0.2848,0.0,0.0
PRF,45.996,-77.427,-4,2007,7,19,16,23.32,62.61,5.952,0.0,0.35,21.0,0.6225,5.6097,20.9204,15.3107,19.0252,82.6386,11.8104,157.7503,2.0796,19.8967,3.2425,0.2182,8.1597,16.2785,52.5002,0.0564,0.2135,0.0,0.0
PRF,45.996,-77.427,-4,2007,7,19,17,23.87,55.45,7.884,0.0,0.35,21.0,0.5395,5.6097,20.9204,15.3107,17.7507,83.7363,12.0464,158.2958,2.6409,20.2418,4.3048,0.3603,8.1597,15.4283,52.4335,0.1085,0.4106,0.0,0.0
PRF,45.996,-77.427,-4,2007,7,19,18,23.46,55.45,5.424,0.0,0.35,21.0,0.4059,5.6097,20.9204,15.3107,16.8888,84.4883,12.2785,158.8352,2.58,20.5797,4.2458,0.3516,8.6402,15.1945,52.8533,0.0597,0.2261,0.0,0.0
PRF,45.996,-77.427,-4,2007,7,19,19,21.48,65.44,4.788,0.0,0.35,21.0,0.239,5.6097,20.9204,15.3107,16.7923,84.573,12.4433,159.3449,2.5276,20.8216,4.1859,0.3429,10.8436,15.227,52.9359,0.0441,0.1668,0.0,0.0
PRF,45.996,-77.427,-4,2007,7,19,20,20.91,62.68,11.06,0.0,0.35,21.0,0.107,5.6097,20.9204,15.3107,16.596,84.7456,12.6165,159.8461,3.5495,21.0745,5.9604,0.6409,12.7702,15.227,51.9802,0.2108,0.7975,0.0,0.0
PRF,45.996,-77.427,-4,2007,7,19,21,18.83,75.99,7.464,0.1,0.35,21.0,0.0,5.6097,20.9204,15.3107,16.8151,84.553,12.6165,159.8461,2.8846,21.0745,4.851,0.4451,32.1403,17.8297,51.8849,0.0476,0.1803,0.1,0.0
PRF,45.996,-77.427,-4,2007,7,19,22,16.87,91.0,4.596,2.0,0.35,21.0,0.0,5.6097,20.9204,15.3107,58.221,55.5278,10.5296,159.8461,0.3683,18.0814,0.3134,0.0035,203.3385,46.9277,40.837,0.0,0.0,2.1,0.0
PRF,45.996,-77.427,-4,2007,7,19,23,15.88,97.4,5.82,4.7,0.35,21.0,0.0,5.6097,20.9204,15.3107,147.0802,20.8037,5.69,147.2079,0.0002,10.3772,0.0001,0.0,233.148,120.1451,17.1193,0.0,0.0,6.8,0.0
PRF,45.996,-77.427,-4,2007,7,20,0,15.6,96.9,5.508,6.7,0.35,20.9,0.0,5.6269,20.9059,15.279,212.1165,6.2719,2.4887,131.6958,0.0,4.7528,0.0,0.0,230.7518,217.0798,0.0,0.0,0.0,13.5,0.0
PRF,45.996,-77.427,-4,2007,7,20,1,15.36,97.7,5.4,5.4,0.35,20.9,0.0,5.6269,20.9059,15.279,234.0387,2.4906,0.7016,119.6171,0.0,1.3829,0.0,0.0,235.5585,235.5585,0.0,0.0,0.0,18.9,0.0
PRF,45.996,-77.427,-4,2007,7,20,2,14.55,97.6,3.156,5.8,0.35,20.9,0.0,5.6269,20.9059,15.279,246.167,0.5797,0.0,107.0375,0.0,0.0,0.0,0.0,237.497,237.497,0.0,0.0,0.0,24.7,0.0
PRF,45.996,-77.427,-4,2007,7,20,3,13.93,94.5,3.492,5.1,0.35,20.9,0.0,5.6269,20.9059,15.279,241.6987,1.2698,0.0,96.2938,0.0,0.0,0.0,0.0,223.5649,223.5649,0.0,0.0,0.0,29.8,0.0
PRF,45.996,-77.427,-4,2007,7,20,4,13.62,97.5,5.04,2.1,0.35,20.9,0.0,5.6269,20.9059,15.279,245.5885,0.6681,0.0,91.9525,0.0,0.0,0.0,0.0,235.6611,235.6611,0.0,0.0,0.0,31.9,0.0
PRF,45.996,-77.427,-4,2007,7,20,5,13.45,95.1,4.452,0.5,0.35,20.9,0.0,5.6269,20.9059,15.279,242.1311,1.2023,0.0,90.9258,0.0,0.0,0.0,0.0,224.8921,219.7866,0.0,0.0,0.0,32.4,0.0
PRF,45.996,-77.427,-4,2007,7,20,6,12.98,94.3,2.892,0.0,0.35,20.9,0.007,5.6269,20.9059,15.279,234.5341,2.4101,0.0164,91.308,0.0,0.0328,0.0,0.0,200.2435,198.1192,1.6471,0.0,0.0,32.4,1.0
PRF,45.996,-77.427,-4,2007,7,20,7,13.12,85.5,5.304,0.0,0.35,20.9,0.0741,5.6269,20.9059,15.279,216.0055,5.5678,0.0587,91.6923,0.0,0.1171,0.0,0.0,140.7625,152.2224,9.8849,0.0,0.0,32.4,2.0
PRF,45.996,-77.427,-4,2007,7,20,8,13.46,81.1,15.22,0.0,0.35,20.9,0.1656,5.6269,20.9059,15.279,188.723,10.8511,0.1151,92.0817,0.0,0.2295,0.0,0.0,81.8964,100.9021,22.1905,0.0,0.0,32.4,3.0
PRF,45.996,-77.427,-4,2007,7,20,9,13.59,82.8,12.31,0.0,0.35,20.9,0.2215,5.6269,20.9059,15.279,167.8382,15.5138,0.167,92.473,0.0,0.3325,0.0,0.0,51.0763,73.0489,30.883,0.0,0.0,32.4,4.0
PRF,45.996,-77.427,-4,2007,7,20,10,14.48,81.5,9.32,0.0,0.35,20.9,0.3069,5.6269,20.9059,15.279,149.5624,20.1322,0.2265,92.8777,0.0002,0.4502,0.0001,0.0,33.1879,55.0949,37.4933,0.0,0.0,0.0,0.0
PRF,45.996,-77.427,-4,2007,7,20,11,15.88,75.29,8.51,0.0,0.35,20.9,0.457,5.6269,20.9059,15.279,129.9371,25.7697,0.3136,93.3034,0.0015,0.622,0.0004,0.0,21.678,40.7028,43.335,0.0,0.0,0.0,0.0
PRF,45.996,-77.427,-4,2007,7,20,12,18.15,66.47,13.39,0.0,0.35,20.9,0.6285,5.6269,20.9059,15.279,106.2275,33.7448,0.4487,93.7632,0.0177,0.8868,0.0045,0.0,15.0141,28.5062,47.9183,0.0,0.0,0.0,0.0
PRF,45.996,-77.427,-4,2007,7,20,13,19.85,63.16,5.556,0.0,0.35,20.9,0.7045,5.6269,20.9059,15.279,88.8721,40.5976,0.6111,94.2484,0.0512,1.2026,0.014,0.0,10.9921,22.7784,50.5165,0.0,0.0,0.0,0.0
PRF,45.996,-77.427,-4,2007,7,20,14,20.73,53.5,7.392,0.0,0.35,20.9,0.7547,5.6269,20.9059,15.279,71.5371,48.5276,0.825,94.7469,0.1972,1.6149,0.0576,0.0002,9.0501,18.4623,51.673,0.0329,0.1246,0.0,0.0
PRF,45.996,-77.427,-4,2007,7,20,15,21.93,49.51,14.74,0.0,0.35,20.9,0.7309,5.6269,20.9059,15.279,55.0222,57.3466,1.0709,95.2633,0.7136,2.0832,0.2236,0.0019,9.0501,15.7783,51.2129,0.2661,1.0069,0.0,0.0
PRF,45.996,-77.427,-4,2007,7,20,16,22.06,42.59,17.62,0.0,0.35,20.9,0.6622,5.6269,20.9059,15.279,41.7673,65.5393,1.352,95.7817,1.3081,2.6119,0.4397,0.0064,9.0501,14.0415,50.9846,0.3857,1.4594,0.0,0.0
PRF,45.996,-77.427,-4,2007,7,20,17,20.94,49.45,7.26,0.0,0.35,20.9,0.5333,5.6269,20.9059,15.279,34.9261,70.2342,1.587,96.2833,0.9083,3.0484,0.3218,0.0037,9.0501,14.0415,52.7991,0.1246,0.4715,0.0,0.0
PRF,45.996,-77.427,-4,2007,7,20,18,21.28,49.34,8.52,0.0,0.35,20.9,0.4042,5.6269,20.9059,15.279,29.5085,74.2098,1.8263,96.79,1.1287,3.4881,0.4199,0.0059,9.1352,14.0415,52.5954,0.1553,0.5878,0.0,0.0
PRF,45.996,-77.427,-4,2007,7,20,19,21.76,47.74,9.97,0.0,0.35,20.9,0.2631,5.6269,20.9059,15.279,25.1181,77.6151,2.0788,97.3039,1.5073,3.9468,0.588,0.0106,9.7485,14.0415,52.3548,0.2102,0.7953,0.0,0.0
PRF,45.996,-77.427,-4,2007,7,20,20,20.12,52.55,8.51,0.0,0.35,20.9,0.1109,5.6269,20.9059,15.279,22.5347,79.701,2.2907,97.7932,1.6917,4.328,0.6848,0.0139,11.3445,14.0415,52.5971,0.1551,0.5869,0.0,0.0
PRF,45.996,-77.427,-4,2007,7,20,21,17.75,60.03,4.668,0.0,0.35,20.9,0.0,5.6269,20.9059,15.279,21.3467,80.6818,2.2907,97.7932,1.5463,4.328,0.6259,0.0119,13.5618,14.7365,53.0298,0.047,0.1778,0.0,0.0
PRF,45.996,-77.427,-4,2007,7,20,22,14.34,79.55,5.88,0.0,0.35,20.9,0.0,5.6269,20.9059,15.279,21.3094,80.7127,2.2907,97.7932,1.6493,4.328,0.6676,0.0133,17.5668,18.0671,51.9715,0.0283,0.1071,0.0,0.0
PRF,45.996,-77.427,-4,2007,7,20,23,13.12,81.8,4.704,0.0,0.35,20.9,0.0,5.6269,20.9059,15.279,21.3094,80.7127,2.2907,97.7932,1.5544,4.328,0.6292,0.012,19.769,19.9942,51.5207,0.0,0.0,0.0,0.0
PRF,45.996,-77.427,-4,2007,7,21,0,13.27,80.9,8.92,0.0,0.35,20.8,0.0,5.6443,20.8909,15.2465,21.3094,80.7127,2.2907,97.7932,1.9224,4.328,0.7782,0.0174,20.6325,20.7257,50.795,0.0,0.0,0.0,0.0
PRF,45.996,-77.427,-4,2007,7,21,1,12.68,81.3,6.588,0.0,0.35,20.8,0.0,5.6443,20.8909,15.2465,21.3094,80.7127,2.2907,97.7932,1.7092,4.328,0.6919,0.0142,21.1353,21.1762,50.9048,0.0,0.0,0.0,0.0
PRF,45.996,-77.427,-4,2007,7,21,2,12.37,82.5,4.572,0.0,0.35,20.8,0.0,5.6443,20.8909,15.2465,21.3094,80.7127,2.2907,97.7932,1.5441,4.328,0.6251,0.0118,21.6056,21.6245,50.9509,0.0,0.0,0.0,0.0
PRF,45.996,-77.427,-4,2007,7,21,3,11.18,87.9,2.928,0.0,0.35,20.8,0.0,5.6443,20.8909,15.2465,21.5854,80.4835,2.2907,97.7932,1.3861,4.328,0.5611,0.0098,23.0172,23.0264,50.5961,0.0,0.0,0.0,0.0
PRF,45.996,-77.427,-4,2007,7,21,4,8.66,97.9,3.78,0.0,0.35,20.8,0.0,5.6443,20.8909,15.2465,23.1112,79.23,2.2907,97.7932,1.2723,4.328,0.515,0.0084,26.6833,26.6879,49.1619,0.0,0.0,0.0,0.0
PRF,45.996,-77.427,-4,2007,7,21,5,9.48,94.5,5.22,0.0,0.35,20.8,0.0,5.6443,20.8909,15.2465,23.8446,78.6354,2.2907,97.7932,1.2941,4.328,0.5239,0.0087,27.4041,27.4063,48.8022,0.0,0.0,0.0,0.0
PRF,45.996,-77.427,-4,2007,7,21,6,9.27,94.9,4.416,0.0,0.35,20.8,0.0047,5.6443,20.8909,15.2465,24.4827,78.1223,2.3012,98.1198,1.188,4.3475,0.4818,0.0075,27.7436,27.8904,48.6581,0.0,0.0,0.0,0.0
PRF,45.996,-77.427,-4,2007,7,21,7,11.53,88.9,4.284,0.0,0.35,20.8,0.0541,5.6443,20.8909,15.2465,24.4827,78.1223,2.3296,98.4802,1.1802,4.3991,0.4809,0.0074,27.0322,27.8243,48.6909,0.0,0.0,0.0,0.0
PRF,45.996,-77.427,-4,2007,7,21,8,14.51,79.14,6.24,0.0,0.35,20.8,0.1847,5.6443,20.8909,15.2465,24.0451,78.4738,2.3968,98.8854,1.3428,4.5198,0.5534,0.0095,23.1446,25.9867,49.2742,0.0,0.0,0.0,0.0
PRF,45.996,-77.427,-4,2007,7,21,9,17.46,66.53,6.804,0.0,0.35,20.8,0.3816,5.6443,20.8909,15.2465,22.8574,79.437,2.5266,99.3348,1.5119,4.751,0.6363,0.0122,17.3016,22.4614,50.4663,0.0,0.0,0.0,0.0
PRF,45.996,-77.427,-4,2007,7,21,10,19.85,56.54,7.692,0.0,0.35,20.8,0.5575,5.6443,20.8909,15.2465,21.111,80.878,2.7181,99.82,1.8406,5.0897,0.7979,0.0182,12.4515,18.8982,51.4666,0.0247,0.0934,0.0,0.0
PRF,45.996,-77.427,-4,2007,7,21,11,21.62,50.09,6.396,0.0,0.35,20.8,0.6865,5.6443,20.8909,15.2465,19.2625,82.436,2.9576,100.3318,2.0735,5.5092,0.9309,0.024,9.2025,16.3402,52.3276,0.062,0.2345,0.0,0.0
PRF,45.996,-77.427,-4,2007,7,21,12,22.54,43.85,6.936,0.0,0.35,20.8,0.7716,5.6443,20.8909,15.2465,17.369,84.0684,3.2386,100.8574,2.6313,5.9959,1.7662,0.0744,7.3645,14.4578,52.7081,0.1071,0.4053,0.0,0.0
PRF,45.996,-77.427,-4,2007,7,21,13,23.67,42.49,10.49,0.0,0.35,20.8,0.8095,5.6443,20.8909,15.2465,15.6716,85.5639,3.5408,101.4,3.8613,6.513,3.2298,0.2167,7.0147,13.3712,52.348,0.2357,0.8919,0.0,0.0
PRF,45.996,-77.427,-4,2007,7,21,14,24.86,36.28,10.34,0.0,0.35,20.8,0.8105,5.6443,20.8909,15.2465,13.9332,87.1282,3.8925,101.9604,4.7788,7.1067,4.3151,0.3618,6.1418,12.052,52.6123,0.2606,0.9861,0.0,0.0
PRF,45.996,-77.427,-4,2007,7,21,15,25.23,39.66,9.5,0.0,0.35,20.8,0.7601,5.6443,20.8909,15.2465,12.9542,88.024,4.2304,102.5263,5.2068,7.6697,4.9107,0.4549,6.1418,12.0166,52.772,0.2364,0.8945,0.0,0.0
PRF,45.996,-77.427,-4,2007,7,21,16,26.43,34.27,5.892,0.0,0.35,20.8,0.6801,5.6443,20.8909,15.2465,11.881,89.0189,4.6161,103.1103,5.0077,8.3029,4.9169,0.4559,5.6345,11.1389,53.5834,0.1282,0.4851,0.0,0.0
PRF,45.996,-77.427,-4,2007,7,21,17,25.4,35.74,7.692,0.0,0.35,20.8,0.5621,5.6443,20.8909,15.2465,11.286,89.5762,4.9784,103.6788,5.9399,8.8897,6.0286,0.654,5.6345,11.1389,53.2588,0.1977,0.7482,0.0,0.0
PRF,45.996,-77.427,-4,2007,7,21,18,25.54,34.31,11.76,0.0,0.35,20.8,0.4243,5.6443,20.8909,15.2465,10.7352,90.0958,5.3509,104.2494,7.8553,9.4847,8.0418,1.089,6.2888,11.0511,52.5052,0.3357,1.2702,0.0,0.0
PRF,45.996,-77.427,-4,2007,7,21,19,25.61,34.82,2.736,0.0,0.35,20.8,0.2726,5.6443,20.8909,15.2465,10.457,90.3597,5.7215,104.821,5.1771,10.069,5.6277,0.579,6.6637,11.0511,54.1478,0.0473,0.179,0.0,0.0
PRF,45.996,-77.427,-4,2007,7,21,20,22.85,59.95,3.132,0.0,0.35,20.8,0.109,5.6443,20.8909,15.2465,11.1643,89.6907,5.9246,105.3513,4.7987,10.3887,5.3097,0.5223,10.2105,12.7821,53.6904,0.0437,0.1653,0.0,0.0
PRF,45.996,-77.427,-4,2007,7,21,21,16.72,86.5,3.072,0.0,0.35,20.8,0.0,5.6443,20.8909,15.2465,13.4566,87.563,5.9246,105.3513,3.5256,10.3887,3.8359,0.2938,17.2725,18.3414,52.1692,0.0098,0.0372,0.0,0.0
PRF,45.996,-77.427,-4,2007,7,21,22,14.62,90.2,2.592,0.0,0.35,20.8,0.0,5.6443,20.8909,15.2465,15.5459,85.6759,5.9246,105.3513,2.6344,10.3887,2.694,0.1572,21.2522,21.7291,51.0879,0.0,0.0,0.0,0.0
PRF,45.996,-77.427,-4,2007,7,21,23,13.29,94.4,2.64,0.0,0.35,20.8,0.0,5.6443,20.8909,15.2465,17.7218,83.7614,5.9246,105.3513,2.0344,10.3887,1.8306,0.0793,24.3495,24.5687,50.0443,0.0,0.0,0.0,0.0
PRF,45.996,-77.427,-4,2007,7,22,0,12.34,97.9,1.8,0.0,0.35,20.7,0.0,5.6621,20.8752,15.2132,19.9491,81.8533,5.9246,105.3513,1.5318,10.3887,0.9434,0.0245,26.9591,27.065,49.0751,0.0,0.0,0.0,0.0
PRF,45.996,-77.427,-4,2007,7,22,1,11.22,98.5,2.988,0.0,0.35,20.7,0.0,5.6621,20.8752,15.2132,21.9157,80.2103,5.9246,105.3513,1.3501,10.3887,0.8315,0.0196,28.5991,28.6499,48.3818,0.0,0.0,0.0,0.0
PRF,45.996,-77.427,-4,2007,7,22,2,10.88,99.9,2.088,0.0,0.35,20.7,0.0,5.6621,20.8752,15.2132,23.7226,78.734,5.9246,105.3513,1.1151,10.3887,0.6868,0.014,29.91,29.9353,47.8956,0.0,0.0,0.0,0.0
PRF,45.996,-77.427,-4,2007,7,22,3,10.37,99.9,1.98,0.0,0.35,20.7,0.0,5.6621,20.8752,15.2132,25.1763,77.5688,5.9246,105.3513,1.0041,10.3887,0.6184,0.0116,30.6188,30.6316,47.6115,0.0,0.0,0.0,0.0
PRF,45.996,-77.427,-4,2007,7,22,4,9.58,99.9,3.588,0.0,0.35,20.7,0.0,5.6621,20.8752,15.2132,26.4265,76.5822,5.9246,105.3513,1.0118,10.3887,0.6231,0.0118,31.0933,31.0996,47.3597,0.0,0.0,0.0,0.0
PRF,45.996,-77.427,-4,2007,7,22,5,9.27,99.9,1.824,0.0,0.35,20.7,0.0,5.6621,20.8752,15.2132,27.3777,75.8412,5.9246,105.3513,0.8816,10.3887,0.543,0.0092,31.3544,31.3577,47.3143,0.0,0.0,0.0,0.0
PRF,45.996,-77.427,-4,2007,7,22,6,8.46,99.9,3.36,0.0,0.35,20.7,0.0,5.6621,20.8752,15.2132,28.2117,75.198,5.9248,105.6657,0.9168,10.3928,0.5648,0.0099,31.6009,31.6026,47.1605,0.0,0.0,0.0,0.0
PRF,45.996,-77.427,-4,2007,7,22,7,11.6,96.8,4.176,0.0,0.35,20.7,0.0174,5.6621,20.8752,15.2132,28.2312,75.183,5.9331,106.0272,0.9545,10.4098,0.5885,0.0106,31.6009,31.6026,47.1316,0.0,0.0,0.0,0.0
PRF,45.996,-77.427,-4,2007,7,22,8,15.02,85.0,4.308,0.0,0.35,20.7,0.1488,5.6621,20.8752,15.2132,27.7349,75.5649,5.9831,106.44,0.9825,10.4918,0.6084,0.0113,27.0173,29.7023,47.899,0.0,0.0,0.0,0.0
PRF,45.996,-77.427,-4,2007,7,22,9,18.28,75.95,5.712,0.0,0.35,20.7,0.3313,5.6621,20.8752,15.2132,26.4984,76.5259,6.0807,106.9017,1.1217,10.6473,0.7002,0.0145,20.0468,25.9501,49.2781,0.0,0.0,0.0,0.0
PRF,45.996,-77.427,-4,2007,7,22,10,21.04,59.2,3.936,0.0,0.35,20.7,0.5575,5.6621,20.8752,15.2132,24.2609,78.3003,6.2713,107.4048,1.1775,10.9449,0.7463,0.0162,12.7723,20.8899,51.2103,0.0,0.0,0.0,0.0
PRF,45.996,-77.427,-4,2007,7,22,11,22.54,59.1,6.228,0.0,0.35,20.7,0.6655,5.6621,20.8752,15.2132,22.1613,80.0078,6.4759,107.9304,1.5561,11.2624,1.0296,0.0286,9.9197,18.0119,51.8497,0.0318,0.1203,0.0,0.0
PRF,45.996,-77.427,-4,2007,7,22,12,24.89,46.27,6.288,0.0,0.35,20.7,0.7781,5.6621,20.8752,15.2132,19.4089,82.3114,6.7728,108.4912,2.0307,11.717,2.0385,0.096,7.0181,14.8178,52.6746,0.0844,0.3194,0.0,0.0
PRF,45.996,-77.427,-4,2007,7,22,13,25.58,38.53,9.64,0.0,0.35,20.7,0.8188,5.6621,20.8752,15.2132,16.6016,84.7407,7.1219,109.0624,3.3022,12.2448,3.9498,0.3094,6.0535,12.5932,52.5945,0.2268,0.8581,0.0,0.0
PRF,45.996,-77.427,-4,2007,7,22,14,27.01,35.06,7.776,0.0,0.35,20.7,0.8141,5.6621,20.8752,15.2132,14.3118,86.7846,7.5113,109.6551,3.9993,12.8261,4.9783,0.466,5.0982,11.2525,53.1744,0.1964,0.743,0.0,0.0
PRF,45.996,-77.427,-4,2007,7,22,15,27.18,36.25,7.176,0.0,0.35,20.7,0.7647,5.6621,20.8752,15.2132,12.849,88.121,7.8959,110.2503,4.6963,13.3938,5.9811,0.6449,5.0982,11.0079,53.3282,0.1797,0.6798,0.0,0.0
PRF,45.996,-77.427,-4,2007,7,22,16,27.59,29.8,6.648,0.0,0.35,20.7,0.6811,5.6621,20.8752,15.2132,11.3545,89.5118,8.3259,110.8516,5.5836,14.0194,7.2076,0.8971,4.9404,10.0306,53.5997,0.1773,0.6709,0.0,0.0
PRF,45.996,-77.427,-4,2007,7,22,17,27.76,31.65,4.704,0.0,0.35,20.7,0.5642,5.6621,20.8752,15.2132,10.5129,90.3065,8.7471,111.4555,5.6736,14.6248,7.4795,0.9579,4.9404,9.9883,53.9676,0.0878,0.3321,0.0,0.0
PRF,45.996,-77.427,-4,2007,7,22,18,27.08,33.59,6.588,0.0,0.35,20.7,0.4242,5.6621,20.8752,15.2132,10.095,90.7044,9.1464,112.0492,6.6038,15.1924,8.7241,1.2579,5.4222,9.9883,53.6183,0.1755,0.664,0.0,0.0
PRF,45.996,-77.427,-4,2007,7,22,19,25.92,40.41,3.9,0.0,0.35,20.7,0.2699,5.6621,20.8752,15.2132,10.095,90.7044,9.4893,112.6255,5.7672,15.6765,7.8765,1.0497,6.757,10.0439,54.1028,0.0729,0.276,0.0,0.0
PRF,45.996,-77.427,-4,2007,7,22,20,22.98,54.77,4.02,0.0,0.35,20.7,0.11,5.6621,20.8752,15.2132,10.6478,90.1786,9.72,113.1577,5.3818,16.0034,7.4871,0.9596,9.7969,11.8459,53.7113,0.0618,0.2338,0.0,0.0
PRF,45.996,-77.427,-4,2007,7,22,21,17.54,82.2,2.544,0.0,0.35,20.7,0.0,5.6621,20.8752,15.2132,12.6503,88.3044,9.72,113.1577,3.8178,16.0034,5.4173,0.5412,16.0292,16.8863,52.6252,0.0154,0.0581,0.0,0.0
PRF,45.996,-77.427,-4,2007,7,22,22,15.43,87.0,1.656,0.0,0.35,20.7,0.0,5.6621,20.8752,15.2132,14.5164,86.5997,9.72,113.1577,2.8619,16.0034,4.0116,0.318,19.7454,20.1351,51.6782,0.0,0.0,0.0,0.0
PRF,45.996,-77.427,-4,2007,7,22,23,13.67,93.2,1.08,0.0,0.35,20.7,0.0,5.6621,20.8752,15.2132,16.5904,84.7506,9.72,113.1577,2.1481,16.0034,2.8561,0.1743,23.0881,23.2766,50.5921,0.0,0.0,0.0,0.0
PRF,45.996,-77.427,-4,2007,7,23,0,13.03,94.1,2.76,0.0,0.35,20.6,0.0,5.6801,20.8591,15.179,18.5072,83.0827,9.72,113.1577,1.8734,16.0034,2.3741,0.1257,25.1325,25.2195,49.6981,0.0,0.0,0.0,0.0
PRF,45.996,-77.427,-4,2007,7,23,1,12.24,97.5,1.272,0.0,0.35,20.6,0.0,5.6801,20.8591,15.179,20.4531,81.4286,9.72,113.1577,1.4185,16.0034,1.4745,0.0541,27.1674,27.2104,48.9982,0.0,0.0,0.0,0.0
PRF,45.996,-77.427,-4,2007,7,23,2,12.28,96.6,4.212,0.0,0.35,20.6,0.0,5.6801,20.8591,15.179,22.0411,80.1068,9.72,113.1577,1.4204,16.0034,1.479,0.0544,27.9365,27.9559,48.5541,0.0,0.0,0.0,0.0
PRF,45.996,-77.427,-4,2007,7,23,3,11.94,98.3,3.996,0.0,0.35,20.6,0.0,5.6801,20.8591,15.179,23.6147,78.8213,9.72,113.1577,1.2376,16.0034,0.9776,0.0261,28.9346,28.9435,48.1734,0.0,0.0,0.0,0.0
PRF,45.996,-77.427,-4,2007,7,23,4,11.25,98.8,1.836,0.0,0.35,20.6,0.0,5.6801,20.8591,15.179,24.8669,77.8151,9.72,113.1577,1.0168,16.0034,0.8032,0.0185,29.6282,29.6327,47.9863,0.0,0.0,0.0,0.0
PRF,45.996,-77.427,-4,2007,7,23,5,10.81,99.9,1.344,0.0,0.35,20.6,0.0,5.6801,20.8591,15.179,26.0765,76.857,9.72,113.1577,0.9214,16.0034,0.7278,0.0155,30.4081,30.4104,47.6826,0.0,0.0,0.0,0.0
PRF,45.996,-77.427,-4,2007,7,23,6,10.23,100.0,2.4,0.0,0.35,20.6,0.0,5.6801,20.8591,15.179,27.1361,76.0286,9.72,113.4987,0.9184,16.0119,0.7257,0.0154,30.9307,30.9318,47.4285,0.0,0.0,0.0,0.0
PRF,45.996,-77.427,-4,2007,7,23,7,13.57,92.5,1.44,0.0,0.35,20.6,0.0423,5.6801,20.8591,15.179,27.1278,76.0351,9.7426,113.8897,0.8754,16.0523,0.6928,0.0142,30.1149,30.7202,47.5501,0.0,0.0,0.0,0.0
PRF,45.996,-77.427,-4,2007,7,23,8,16.22,85.7,7.32,0.0,0.35,20.6,0.1511,5.6801,20.8591,15.179,26.6776,76.3858,9.7941,114.3205,1.2048,16.1328,0.9563,0.0251,25.8062,28.8339,48.0488,0.0,0.0,0.0,0.0
PRF,45.996,-77.427,-4,2007,7,23,9,18.42,77.75,4.02,0.0,0.35,20.6,0.3176,5.6801,20.8591,15.179,25.7759,77.0939,9.8851,114.7843,1.0728,16.2678,0.8559,0.0207,19.8918,25.9386,49.3456,0.0,0.0,0.0,0.0
PRF,45.996,-77.427,-4,2007,7,23,10,21.72,68.47,3.804,0.0,0.35,20.6,0.5199,5.6801,20.8591,15.179,24.2191,78.3338,10.0371,115.2976,1.1732,16.4862,0.9435,0.0245,13.7057,22.0791,50.7699,0.0,0.0,0.0,0.0
PRF,45.996,-77.427,-4,2007,7,23,11,23.15,61.89,4.08,0.0,0.35,20.6,0.6588,5.6801,20.8591,15.179,22.3902,79.8196,10.233,115.8324,1.3696,16.7636,1.4521,0.0526,9.9591,18.9111,51.7867,0.0083,0.0313,0.0,0.0
PRF,45.996,-77.427,-4,2007,7,23,12,24.79,59.74,6.396,0.0,0.35,20.6,0.7463,5.6801,20.8591,15.179,20.5241,81.3689,10.4545,116.3917,1.8236,17.0748,2.4165,0.1297,8.3586,16.7872,52.1154,0.0533,0.2018,0.0,0.0
PRF,45.996,-77.427,-4,2007,7,23,13,26.12,51.53,6.924,0.0,0.35,20.6,0.805,5.6801,20.8591,15.179,18.4085,83.1677,10.7356,116.971,2.3362,17.4641,3.3816,0.235,6.8624,14.7232,52.5527,0.0997,0.3774,0.0,0.0
PRF,45.996,-77.427,-4,2007,7,23,14,26.87,44.98,7.224,0.0,0.35,20.6,0.8065,5.6801,20.8591,15.179,16.3372,84.9738,11.0638,117.5616,3.0185,17.9131,4.5744,0.4012,6.0134,13.1182,52.8591,0.1387,0.5249,0.0,0.0
PRF,45.996,-77.427,-4,2007,7,23,15,27.49,43.99,9.85,0.0,0.35,20.6,0.7599,5.6801,20.8591,15.179,14.6766,86.4551,11.4056,118.1614,4.2373,18.3767,6.4978,0.7467,6.0134,12.374,52.5488,0.2348,0.8886,0.0,0.0
PRF,45.996,-77.427,-4,2007,7,23,16,27.62,41.23,9.13,0.0,0.35,20.6,0.6762,5.6801,20.8591,15.179,13.3607,87.6508,11.766,118.7632,4.8445,18.8606,7.4583,0.9531,6.0134,11.8198,52.778,0.2256,0.8536,0.0,0.0
PRF,45.996,-77.427,-4,2007,7,23,17,27.55,40.34,10.2,0.0,0.35,20.6,0.5603,5.6801,20.8591,15.179,12.4009,88.5352,12.1309,119.364,5.8043,19.3463,8.8682,1.2949,6.0134,11.5772,52.6228,0.2646,1.0013,0.0,0.0
PRF,45.996,-77.427,-4,2007,7,23,18,27.25,41.33,7.836,0.0,0.35,20.6,0.4207,5.6801,20.8591,15.179,11.8734,89.026,12.4858,119.9602,5.5287,19.8155,8.6143,1.23,6.4415,11.5772,53.0559,0.1897,0.718,0.0,0.0
PRF,45.996,-77.427,-4,2007,7,23,19,25.75,43.92,7.188,0.0,0.35,20.6,0.2668,5.6801,20.8591,15.179,11.763,89.129,12.8064,120.534,5.4308,20.2373,8.5803,1.2214,7.7166,11.5772,53.1718,0.1677,0.6346,0.0,0.0
PRF,45.996,-77.427,-4,2007,7,23,20,23.84,51.66,6.36,0.0,0.35,20.6,0.1101,5.6801,20.8591,15.179,11.763,89.129,13.0622,121.0791,5.2089,20.5752,8.3498,1.1639,9.9344,12.032,53.228,0.1312,0.4963,0.0,0.0
PRF,45.996,-77.427,-4,2007,7,23,21,19.62,66.98,3.996,0.0,0.35,20.6,0.0,5.6801,20.8591,15.179,12.602,88.3491,13.0622,121.0791,4.134,20.5752,6.7834,0.8058,13.6002,14.4404,53.0571,0.0415,0.1572,0.0,0.0
PRF,45.996,-77.427,-4,2007,7,23,22,16.05,88.5,1.692,0.0,0.35,20.6,0.0,5.6801,20.8591,15.179,14.648,86.4809,13.0622,121.0791,2.8193,20.5752,4.6634,0.4151,18.9955,19.3688,51.8867,0.0021,0.008,0.0,0.0
PRF,45.996,-77.427,-4,2007,7,23,23,14.73,94.0,0.672,0.0,0.35,20.6,0.0,5.6801,20.8591,15.179,16.782,84.5821,13.0622,121.0791,2.0566,20.5752,3.282,0.2229,22.8269,23.0062,50.6763,0.0,0.0,0.0,0.0
PRF,45.996,-77.427,-4,2007,7,24,0,13.8,95.1,1.344,0.0,0.35,20.5,0.0,5.6983,20.8423,15.144,18.7165,82.9029,13.0622,121.0791,1.7048,20.5752,2.5852,0.1461,25.15,25.2351,49.7326,0.0,0.0,0.0,0.0
PRF,45.996,-77.427,-4,2007,7,24,1,13.46,97.7,1.596,0.0,0.35,20.5,0.0,5.6983,20.8423,15.144,20.7277,81.1982,13.0622,121.0791,1.4039,20.5752,1.9373,0.0877,27.1613,27.2015,48.9412,0.0,0.0,0.0,0.0
PRF,45.996,-77.427,-4,2007,7,24,2,13.53,96.6,1.74,0.0,0.35,20.5,0.0,5.6983,20.8423,15.144,22.1478,80.0189,13.0622,121.0791,1.2426,20.5752,1.5495,0.059,27.7302,27.749,48.7141,0.0,0.0,0.0,0.0
PRF,45.996,-77.427,-4,2007,7,24,3,13.7,98.3,2.472,0.0,0.35,20.5,0.0,5.6983,20.8423,15.144,23.6473,78.795,13.0622,121.0791,1.1433,20.5752,1.2698,0.0415,28.5884,28.597,48.3382,0.0,0.0,0.0,0.0
PRF,45.996,-77.427,-4,2007,7,24,4,12.71,99.8,3.528,0.0,0.35,20.5,0.0,5.6983,20.8423,15.144,25.2078,77.5437,13.0622,121.0791,1.0834,20.5752,0.9998,0.0272,29.7076,29.7115,47.8413,0.0,0.0,0.0,0.0
PRF,45.996,-77.427,-4,2007,7,24,5,12.44,99.9,2.76,0.0,0.35,20.5,0.0,5.6983,20.8423,15.144,26.434,76.5764,13.0622,121.0791,0.97,20.5752,0.8952,0.0224,30.2809,30.2827,47.6394,0.0,0.0,0.0,0.0
PRF,45.996,-77.427,-4,2007,7,24,6,11.7,100.0,1.968,0.0,0.35,20.5,0.0,5.6983,20.8423,15.144,27.4074,75.8181,13.0622,121.4421,0.8868,20.5883,0.8187,0.0191,30.678,30.6788,47.5053,0.0,0.0,0.0,0.0
PRF,45.996,-77.427,-4,2007,7,24,7,14.25,94.6,3.288,0.0,0.35,20.5,0.0324,5.6983,20.8423,15.144,27.4074,75.8181,13.0793,121.8433,0.9478,20.6239,0.876,0.0215,30.2551,30.6731,47.4591,0.0,0.0,0.0,0.0
PRF,45.996,-77.427,-4,2007,7,24,8,17.99,81.0,1.98,0.0,0.35,20.5,0.1971,5.6983,20.8423,15.144,26.7419,76.3356,13.1552,122.3007,0.9175,20.7346,0.8509,0.0204,24.4833,28.1535,48.5397,0.0,0.0,0.0,0.0
PRF,45.996,-77.427,-4,2007,7,24,9,21.04,71.37,2.268,0.0,0.35,20.5,0.388,5.6983,20.8423,15.144,25.3903,77.3989,13.2889,122.8038,1.0052,20.9186,0.9375,0.0243,17.1698,24.1875,50.076,0.0,0.0,0.0,0.0
PRF,45.996,-77.427,-4,2007,7,24,10,23.26,61.79,4.512,0.0,0.35,20.5,0.5642,5.6983,20.8423,15.144,23.2656,79.1044,13.4862,123.3402,1.3043,21.1822,1.7622,0.0741,11.6003,19.7819,51.4206,0.0018,0.0067,0.0,0.0
PRF,45.996,-77.427,-4,2007,7,24,11,24.89,59.71,3.18,0.0,0.35,20.5,0.68,5.6983,20.8423,15.144,21.3983,80.6388,13.7088,123.901,1.4278,21.4769,2.0799,0.0994,8.6381,17.3118,52.3273,0.016,0.0606,0.0,0.0
PRF,45.996,-77.427,-4,2007,7,24,12,26.46,56.71,5.796,0.0,0.35,20.5,0.7649,5.6983,20.8423,15.144,19.4306,82.2929,13.9631,124.4854,1.9765,21.8103,3.2716,0.2217,7.3155,15.4866,52.4865,0.0618,0.234,0.0,0.0
PRF,45.996,-77.427,-4,2007,7,24,13,27.28,47.3,5.268,0.0,0.35,20.5,0.8135,5.6983,20.8423,15.144,17.2785,84.1474,14.2823,125.0821,2.4449,22.2213,4.2236,0.3484,5.8043,13.5939,53.0217,0.0704,0.2662,0.0,0.0
PRF,45.996,-77.427,-4,2007,7,24,14,28.3,50.16,3.0,0.0,0.35,20.5,0.8044,5.6983,20.8423,15.144,15.9363,85.3287,14.5954,125.6941,2.5623,22.6233,4.4955,0.389,5.2774,13.1262,53.4818,0.0388,0.1468,0.0,0.0
PRF,45.996,-77.427,-4,2007,7,24,15,28.54,44.98,4.14,0.0,0.35,20.5,0.76,5.6983,20.8423,15.144,14.5559,86.564,14.944,126.3097,3.2272,23.0656,5.7493,0.6013,5.2586,12.3376,53.4859,0.0586,0.2219,0.0,0.0
PRF,45.996,-77.427,-4,2007,7,24,16,28.99,45.42,8.1,0.0,0.35,20.5,0.6748,5.6983,20.8423,15.144,13.4688,87.5518,15.2953,126.9321,4.5349,23.5086,7.9683,1.0715,5.2586,12.0366,52.875,0.1868,0.7066,0.0,0.0
PRF,45.996,-77.427,-4,2007,7,24,17,27.86,47.06,8.04,0.0,0.35,20.5,0.556,5.6983,20.8423,15.144,12.9273,88.0488,15.6227,127.5375,4.8547,23.9201,8.5432,1.2121,5.8982,12.0366,52.8856,0.1849,0.6996,0.0,0.0
PRF,45.996,-77.427,-4,2007,7,24,18,28.51,47.57,8.5,0.0,0.35,20.5,0.4181,5.6983,20.8423,15.144,12.5379,88.4083,15.9545,128.1526,5.2316,24.335,9.1997,1.3818,6.744,12.0366,52.8039,0.199,0.753,0.0,0.0
PRF,45.996,-77.427,-4,2007,7,24,19,27.62,52.69,4.788,0.0,0.35,20.5,0.2636,5.6983,20.8423,15.144,12.5379,88.4083,16.2446,128.7544,4.3391,24.6988,7.884,1.0515,8.1225,12.0366,53.4448,0.0701,0.2651,0.0,0.0
PRF,45.996,-77.427,-4,2007,7,24,20,25.23,61.38,4.62,0.0,0.35,20.5,0.1055,5.6983,20.8423,15.144,12.7195,88.2405,16.4609,129.3204,4.2001,24.9745,7.7084,1.0104,10.812,13.0064,53.2583,0.0594,0.2249,0.0,0.0
PRF,45.996,-77.427,-4,2007,7,24,21,20.2,83.5,3.096,0.0,0.35,20.5,0.0,5.6983,20.8423,15.144,14.4131,86.693,16.4609,129.3204,3.1183,24.9745,5.8469,0.6195,16.7239,17.5418,52.2686,0.0143,0.054,0.0,0.0
PRF,45.996,-77.427,-4,2007,7,24,22,18.2,93.5,2.364,0.0,0.35,20.5,0.0,5.6983,20.8423,15.144,16.8408,84.5305,16.4609,129.3204,2.224,24.9745,4.1377,0.3359,21.7898,22.1164,50.8298,0.0,0.0,0.0,0.0
PRF,45.996,-77.427,-4,2007,7,24,23,17.24,94.1,1.968,0.0,0.35,20.5,0.0,5.6983,20.8423,15.144,18.741,82.8819,16.4609,129.3204,1.7545,24.9745,3.1493,0.2072,24.0922,24.2288,50.0804,0.0,0.0,0.0,0.0
PRF,45.996,-77.427,-4,2007,7,25,0,16.52,97.6,3.264,0.0,0.35,20.4,0.0,5.7168,20.825,15.1082,20.9474,81.0145,16.4609,129.3204,1.4953,24.9745,2.5631,0.1439,26.4532,26.5087,49.0814,0.0,0.0,0.0,0.0
PRF,45.996,-77.427,-4,2007,7,25,1,15.98,99.1,1.692,0.0,0.35,20.4,0.0,5.7168,20.825,15.1082,22.8627,79.4327,16.4609,129.3204,1.1681,24.9745,1.7496,0.0732,28.0243,28.0486,48.5509,0.0,0.0,0.0,0.0
PRF,45.996,-77.427,-4,2007,7,25,2,15.64,99.8,2.112,0.0,0.35,20.4,0.0,5.7168,20.825,15.1082,24.5535,78.0656,16.4609,129.3204,1.0527,24.9745,1.4161,0.0503,29.0537,29.0643,48.12,0.0,0.0,0.0,0.0
PRF,45.996,-77.427,-4,2007,7,25,3,15.67,98.8,1.2,0.0,0.35,20.4,0.0,5.7168,20.825,15.1082,25.59,77.2408,16.4609,129.3204,0.9411,24.9745,0.9839,0.0264,29.0892,29.094,48.1454,0.0,0.0,0.0,0.0
PRF,45.996,-77.427,-4,2007,7,25,4,14.86,100.0,1.224,0.0,0.35,20.4,0.0,5.7168,20.825,15.1082,26.6875,76.3781,16.4609,129.3204,0.8857,24.9745,0.9261,0.0237,29.6891,29.6913,47.8981,0.0,0.0,0.0,0.0
PRF,45.996,-77.427,-4,2007,7,25,5,14.11,99.9,0.96,0.0,0.35,20.4,0.0,5.7168,20.825,15.1082,27.5294,75.7237,16.4609,129.3204,0.838,24.9745,0.8761,0.0215,30.0248,30.0259,47.7691,0.0,0.0,0.0,0.0
PRF,45.996,-77.427,-4,2007,7,25,6,13.33,99.9,1.404,0.0,0.35,20.4,0.0,5.7168,20.825,15.1082,28.2331,75.1815,16.4612,129.7078,0.83,24.9929,0.8682,0.0212,30.2952,30.2957,47.6409,0.0,0.0,0.0,0.0
PRF,45.996,-77.427,-4,2007,7,25,7,14.93,100.0,1.704,0.0,0.35,20.4,0.0,5.7168,20.825,15.1082,28.8004,74.7476,16.4612,130.1193,0.8228,25.0119,0.8612,0.0209,30.2952,30.2957,47.63,0.0,0.0,0.0,0.0
PRF,45.996,-77.427,-4,2007,7,25,8,20.24,83.4,0.912,0.0,0.35,20.4,0.1965,5.7168,20.825,15.1082,28.1412,75.252,16.5358,130.6104,0.8129,25.1207,0.8532,0.0205,24.6046,28.2651,48.4975,0.0,0.0,0.0,0.0
PRF,45.996,-77.427,-4,2007,7,25,9,22.17,70.35,3.408,0.0,0.35,20.4,0.4025,5.7168,20.825,15.1082,26.2963,76.6843,16.6818,131.1304,1.0098,25.313,1.304,0.0435,16.5197,23.5719,50.1779,0.0,0.0,0.0,0.0
PRF,45.996,-77.427,-4,2007,7,25,10,24.52,61.55,6.432,0.0,0.35,20.4,0.573,5.7168,20.825,15.1082,23.6579,78.7864,16.8911,131.6857,1.3947,25.5795,2.3775,0.126,11.2047,18.9553,51.4133,0.0171,0.0647,0.0,0.0
PRF,45.996,-77.427,-4,2007,7,25,11,25.71,59.44,3.048,0.0,0.35,20.4,0.685,5.7168,20.825,15.1082,21.6146,80.4594,17.1226,132.2589,1.3909,25.8716,2.3935,0.1275,8.2907,16.7607,52.4575,0.0184,0.0695,0.0,0.0
PRF,45.996,-77.427,-4,2007,7,25,12,26.84,60.94,7.992,0.0,0.35,20.4,0.7549,5.7168,20.825,15.1082,19.7376,82.0323,17.3553,132.849,2.1385,26.1651,4.0988,0.3303,7.9594,15.6665,52.0754,0.0988,0.3737,0.0,0.0
PRF,45.996,-77.427,-4,2007,7,25,13,27.72,52.75,8.42,0.0,0.35,20.4,0.8071,5.7168,20.825,15.1082,17.6812,83.7967,17.6461,133.4523,2.7349,26.5241,5.3447,0.5284,6.7935,14.1223,52.3553,0.1436,0.5435,0.0,0.0
PRF,45.996,-77.427,-4,2007,7,25,14,28.51,52.62,6.3,0.0,0.35,20.4,0.8009,5.7168,20.825,15.1082,16.2209,85.0766,17.9459,134.0674,2.9222,26.8925,5.7556,0.6025,6.1481,13.4979,52.832,0.1032,0.3905,0.0,0.0
PRF,45.996,-77.427,-4,2007,7,25,15,29.05,50.91,10.3,0.0,0.35,20.4,0.7553,5.7168,20.825,15.1082,14.9247,86.2319,18.2625,134.6907,4.2,27.2784,8.1159,1.1069,6.1481,12.9777,52.2635,0.2301,0.8706,0.0,0.0
PRF,45.996,-77.427,-4,2007,7,25,16,27.76,48.63,8.46,0.0,0.35,20.4,0.6688,5.7168,20.825,15.1082,14.0359,87.0349,18.5791,135.2946,4.2895,27.6617,8.3351,1.1603,6.1481,12.8306,52.6119,0.1763,0.6671,0.0,0.0
PRF,45.996,-77.427,-4,2007,7,25,17,29.16,43.17,8.6,0.0,0.35,20.4,0.5577,5.7168,20.825,15.1082,12.9355,88.0413,18.947,135.9195,4.9883,28.1009,9.5757,1.4834,6.1481,11.8544,52.7713,0.2043,0.7732,0.0,0.0
PRF,45.996,-77.427,-4,2007,7,25,18,29.16,47.33,5.892,0.0,0.35,20.4,0.4171,5.7168,20.825,15.1082,12.5075,88.4365,19.288,136.5444,4.6059,28.5083,9.0205,1.3345,6.4721,11.8544,53.2472,0.1141,0.4317,0.0,0.0
PRF,45.996,-77.427,-4,2007,7,25,19,27.96,48.63,4.68,0.0,0.35,20.4,0.2634,5.7168,20.825,15.1082,12.3642,88.5693,19.6068,137.1513,4.4164,28.8889,8.7668,1.2688,7.6355,11.8544,53.4529,0.0693,0.2623,0.0,0.0
PRF,45.996,-77.427,-4,2007,7,25,20,25.92,61.65,2.616,0.0,0.35,20.4,0.1039,5.7168,20.825,15.1082,12.565,88.3833,19.8275,137.7276,3.8753,29.1601,7.8614,1.0462,10.425,12.8253,53.5645,0.0353,0.1335,0.0,0.0
PRF,45.996,-77.427,-4,2007,7,25,21,20.64,84.6,2.796,0.0,0.35,20.4,0.0,5.7168,20.825,15.1082,14.3917,86.7124,19.8275,137.7276,3.0799,29.1601,6.3724,0.7214,16.7847,17.6717,52.2164,0.0122,0.046,0.0,0.0
PRF,45.996,-77.427,-4,2007,7,25,22,20.96,77.13,3.3,0.0,0.35,20.4,0.0,5.7168,20.825,15.1082,15.1449,86.0344,19.8275,137.7276,2.8706,29.1601,5.9597,0.6408,17.5857,17.9139,52.0852,0.0127,0.0481,0.0,0.0
PRF,45.996,-77.427,-4,2007,7,25,23,17.55,89.2,2.352,0.0,0.35,20.4,0.0,5.7168,20.825,15.1082,16.7828,84.5814,19.8275,137.7276,2.2381,29.1601,4.6465,0.4125,20.8925,21.0278,51.1675,0.0,0.0,0.0,0.0
PRF,45.996,-77.427,-4,2007,7,26,0,16.73,97.9,3.072,0.0,0.35,20.3,0.0,5.7355,20.8071,15.0716,19.5091,82.2262,19.8275,137.7276,1.7089,29.1601,3.4503,0.2435,25.2395,25.2945,49.5142,0.0,0.0,0.0,0.0
PRF,45.996,-77.427,-4,2007,7,26,1,15.64,98.1,1.14,0.0,0.35,20.3,0.0,5.7355,20.8071,15.0716,21.4499,80.596,19.8275,137.7276,1.2823,29.1601,2.3872,0.1269,27.0991,27.1241,48.9053,0.0,0.0,0.0,0.0
PRF,45.996,-77.427,-4,2007,7,26,2,14.66,100.0,1.98,0.0,0.35,20.3,0.0,5.7355,20.8071,15.0716,23.4635,78.9438,19.8275,137.7276,1.1308,29.1601,1.9729,0.0906,28.8372,28.8484,48.1695,0.0,0.0,0.0,0.0
PRF,45.996,-77.427,-4,2007,7,26,3,14.18,99.9,2.04,0.0,0.35,20.3,0.0,5.7355,20.8071,15.0716,25.0249,77.6892,19.8275,137.7276,1.0168,29.1601,1.6352,0.0649,29.6416,29.6467,47.841,0.0,0.0,0.0,0.0
PRF,45.996,-77.427,-4,2007,7,26,4,13.57,100.0,2.148,0.0,0.35,20.3,0.0,5.7355,20.8071,15.0716,26.2877,76.6911,19.8275,137.7276,0.9482,29.1601,1.4092,0.0499,30.1321,30.1344,47.6365,0.0,0.0,0.0,0.0
PRF,45.996,-77.427,-4,2007,7,26,5,12.85,100.0,1.32,0.0,0.35,20.3,0.0,5.7355,20.8071,15.0716,27.256,75.9355,19.8275,137.7276,0.8646,29.1601,1.0255,0.0284,30.448,30.4492,47.5366,0.0,0.0,0.0,0.0
PRF,45.996,-77.427,-4,2007,7,26,6,13.2,100.0,2.352,0.0,0.35,20.3,0.0,5.7355,20.8071,15.0716,28.0707,75.3062,19.8275,138.1131,0.8768,29.1817,1.1161,0.033,30.5575,30.558,47.4544,0.0,0.0,0.0,0.0
PRF,45.996,-77.427,-4,2007,7,26,7,14.62,97.4,1.932,0.0,0.35,20.3,0.0163,5.7355,20.8071,15.0716,28.1195,75.2688,19.8359,138.5199,0.8566,29.2135,0.9936,0.0269,30.5575,30.558,47.4697,0.0,0.0,0.0,0.0
PRF,45.996,-77.427,-4,2007,7,26,8,19.46,86.9,6.06,0.0,0.35,20.3,0.1613,5.7355,20.8071,15.0716,27.5578,75.7017,19.8925,138.9993,1.082,29.3015,1.8424,0.0802,25.3846,28.6261,48.0641,0.0,0.0,0.0,0.0
PRF,45.996,-77.427,-4,2007,7,26,9,21.79,75.16,5.88,0.0,0.35,20.3,0.3692,5.7355,20.8071,15.0716,26.0215,76.9003,20.0127,139.5136,1.1616,29.4604,2.0818,0.0996,17.8181,24.3778,49.6569,0.0,0.0,0.0,0.0
PRF,45.996,-77.427,-4,2007,7,26,10,24.11,65.71,4.224,0.0,0.35,20.3,0.553,5.7355,20.8071,15.0716,23.975,78.5303,20.1962,140.0628,1.2192,29.6897,2.2581,0.115,11.9441,20.2662,51.2012,0.0,0.0,0.0,0.0
PRF,45.996,-77.427,-4,2007,7,26,11,25.78,58.76,8.06,0.0,0.35,20.3,0.6856,5.7355,20.8071,15.0716,21.4331,80.6099,20.4322,140.637,1.8201,29.9767,3.7895,0.2875,9.0863,16.8669,51.7255,0.0715,0.2705,0.0,0.0
PRF,45.996,-77.427,-4,2007,7,26,12,26.97,60.26,6.696,0.0,0.35,20.3,0.7562,5.7355,20.8071,15.0716,19.6023,82.1471,20.6702,141.229,2.0315,30.2661,4.3063,0.3605,7.7636,15.6215,52.2284,0.0762,0.2883,0.0,0.0
PRF,45.996,-77.427,-4,2007,7,26,13,27.83,57.97,9.34,0.0,0.35,20.3,0.7971,5.7355,20.8071,15.0716,17.915,83.5939,20.9298,141.834,2.7891,30.5787,5.9774,0.6442,7.3932,14.7041,52.0358,0.1461,0.5527,0.0,0.0
PRF,45.996,-77.427,-4,2007,7,26,14,29.53,44.67,6.732,0.0,0.35,20.3,0.808,5.7355,20.8071,15.0716,15.6764,85.5596,21.2926,142.4644,3.1933,31.0015,6.8484,0.8195,5.3737,12.4845,52.9278,0.132,0.4994,0.0,0.0
PRF,45.996,-77.427,-4,2007,7,26,15,28.92,50.67,7.656,0.0,0.35,20.3,0.7536,5.7355,20.8071,15.0716,14.6079,86.5171,21.6093,143.0857,3.8272,31.3733,8.1209,1.1081,5.3737,12.4845,52.7701,0.1599,0.6052,0.0,0.0
PRF,45.996,-77.427,-4,2007,7,26,16,29.26,49.41,7.548,0.0,0.35,20.3,0.6698,5.7355,20.8071,15.0716,13.762,87.2841,21.9379,143.7121,4.245,31.7566,8.9506,1.3163,5.3737,12.4845,52.7886,0.1568,0.5931,0.0,0.0
PRF,45.996,-77.427,-4,2007,7,26,17,28.03,53.5,6.756,0.0,0.35,20.3,0.5479,5.7355,20.8071,15.0716,13.5166,87.5081,22.2273,144.3201,4.2115,32.0963,8.9452,1.3149,6.2567,12.4845,52.9237,0.1327,0.5022,0.0,0.0
PRF,45.996,-77.427,-4,2007,7,26,18,27.62,56.78,5.208,0.0,0.35,20.3,0.4065,5.7355,20.8071,15.0716,13.5166,87.5081,22.4923,144.9219,3.8955,32.4094,8.4087,1.1785,7.4588,12.4845,53.182,0.0784,0.2966,0.0,0.0
PRF,45.996,-77.427,-4,2007,7,26,19,27.69,53.27,7.308,0.0,0.35,20.3,0.2592,5.7355,20.8071,15.0716,13.346,87.6642,22.7795,145.5247,4.4281,32.7449,9.4453,1.4478,8.596,12.4845,52.8298,0.1496,0.5661,0.0,0.0
PRF,45.996,-77.427,-4,2007,7,26,20,25.06,66.16,2.376,0.0,0.35,20.3,0.098,5.7355,20.8071,15.0716,13.558,87.4702,22.9678,146.0881,3.3592,32.9749,7.451,0.9514,11.3805,13.7346,53.3257,0.0279,0.1056,0.0,0.0
PRF,45.996,-77.427,-4,2007,7,26,21,20.88,87.7,2.352,0.0,0.35,20.3,0.0,5.7355,20.8071,15.0716,15.4434,85.7673,22.9678,146.0881,2.6362,32.9749,5.9469,0.6384,17.8668,18.7358,51.8852,0.0056,0.021,0.0,0.0
PRF,45.996,-77.427,-4,2007,7,26,22,18.78,96.9,1.128,0.0,0.35,20.3,0.0,5.7355,20.8071,15.0716,18.1377,83.4012,22.9678,146.0881,1.7981,32.9749,4.0169,0.3188,23.2314,23.5903,50.2866,0.0,0.0,0.0,0.0
PRF,45.996,-77.427,-4,2007,7,26,23,17.92,99.3,1.824,0.0,0.35,20.3,0.0,5.7355,20.8071,15.0716,20.8117,81.1279,22.9678,146.0881,1.4087,32.9749,3.0198,0.1924,26.5594,26.7064,49.0375,0.0,0.0,0.0,0.0
PRF,45.996,-77.427,-4,2007,7,27,0,16.97,99.3,0.984,0.0,0.35,20.2,0.0,5.7544,20.7887,15.0343,22.7535,79.5219,22.9678,146.0881,1.1371,32.9749,2.2622,0.1154,27.995,28.0596,48.4896,0.0,0.0,0.0,0.0
PRF,45.996,-77.427,-4,2007,7,27,1,16.05,99.4,1.224,0.0,0.35,20.2,0.0,5.7544,20.7887,15.0343,24.3099,78.2609,22.9678,146.0881,1.0236,32.9749,1.9197,0.0863,28.7967,28.8256,48.1666,0.0,0.0,0.0,0.0
PRF,45.996,-77.427,-4,2007,7,27,2,15.3,99.2,0.912,0.0,0.35,20.2,0.0,5.7544,20.7887,15.0343,25.466,77.3389,22.9678,146.0881,0.9345,32.9749,1.6305,0.0646,29.1748,29.1881,48.0302,0.0,0.0,0.0,0.0
PRF,45.996,-77.427,-4,2007,7,27,3,14.96,100.0,3.42,0.0,0.35,20.2,0.0,5.7544,20.7887,15.0343,26.6904,76.3758,22.9678,146.0881,0.9892,32.9749,1.8107,0.0778,29.7507,29.7564,47.6965,0.0,0.0,0.0,0.0
PRF,45.996,-77.427,-4,2007,7,27,4,14.89,99.7,1.356,0.0,0.35,20.2,0.0,5.7544,20.7887,15.0343,27.4976,75.7483,22.9678,146.0881,0.8561,32.9749,1.3445,0.0459,29.8717,29.8743,47.7299,0.0,0.0,0.0,0.0
PRF,45.996,-77.427,-4,2007,7,27,5,14.49,100.0,2.292,0.0,0.35,20.2,0.0,5.7544,20.7887,15.0343,28.2442,75.173,22.9678,146.0881,0.8675,32.9749,1.3895,0.0487,30.1105,30.1117,47.5967,0.0,0.0,0.0,0.0
PRF,45.996,-77.427,-4,2007,7,27,6,14.18,100.0,3.312,0.0,0.35,20.2,0.0,5.7544,20.7887,15.0343,28.8588,74.703,22.9678,146.4883,0.8902,33.0003,1.4763,0.0542,30.2663,30.2669,47.4937,0.0,0.0,0.0,0.0
PRF,45.996,-77.427,-4,2007,7,27,7,16.12,100.0,1.404,0.0,0.35,20.2,0.0,5.7544,20.7887,15.0343,29.2586,74.3991,22.9678,146.9176,0.796,33.0275,1.0382,0.0291,30.2663,30.2669,47.5657,0.0,0.0,0.0,0.0
PRF,45.996,-77.427,-4,2007,7,27,8,18.64,92.7,2.916,0.0,0.35,20.2,0.0976,5.7544,20.7887,15.0343,29.091,74.5264,22.998,147.3847,0.8646,33.0882,1.386,0.0485,27.969,29.885,47.665,0.0,0.0,0.0,0.0
PRF,45.996,-77.427,-4,2007,7,27,9,20.81,83.8,9.73,0.0,0.35,20.2,0.2824,5.7544,20.7887,15.0343,27.9624,75.3896,23.0728,147.8844,1.2778,33.1972,2.6793,0.1557,21.3589,26.9162,48.4289,0.0,0.0,0.0,0.0
PRF,45.996,-77.427,-4,2007,7,27,10,23.73,68.75,4.764,0.0,0.35,20.2,0.5334,5.7544,20.7887,15.0343,25.7507,77.1138,23.2375,148.4278,1.1155,33.4017,2.2274,0.1122,13.4554,21.9817,50.5352,0.0,0.0,0.0,0.0
PRF,45.996,-77.427,-4,2007,7,27,11,24.62,69.57,6.864,0.0,0.35,20.2,0.6291,5.7544,20.7887,15.0343,23.8128,78.6611,23.4038,148.9846,1.4092,33.6087,3.0702,0.1981,10.7957,19.4168,51.1347,0.0104,0.0392,0.0,0.0
PRF,45.996,-77.427,-4,2007,7,27,12,26.05,64.01,3.852,0.0,0.35,20.2,0.7352,5.7544,20.7887,15.0343,21.9457,80.1856,23.6119,149.5629,1.4065,33.8599,3.0824,0.1995,8.2026,17.3993,52.0787,0.018,0.0682,0.0,0.0
PRF,45.996,-77.427,-4,2007,7,27,13,26.46,56.13,5.916,0.0,0.35,20.2,0.7921,5.7544,20.7887,15.0343,19.788,81.9896,23.8696,150.1473,1.9161,34.162,4.4165,0.377,7.0393,15.4447,52.3366,0.0631,0.2388,0.0,0.0
PRF,45.996,-77.427,-4,2007,7,27,14,26.77,55.92,8.45,0.0,0.35,20.2,0.7852,5.7544,20.7887,15.0343,18.0458,83.4806,24.1316,150.7363,2.6275,34.4681,6.1024,0.6682,7.0393,14.6245,52.147,0.1294,0.4896,0.0,0.0
PRF,45.996,-77.427,-4,2007,7,27,15,28.1,47.88,6.12,0.0,0.35,20.2,0.7523,5.7544,20.7887,15.0343,16.2003,85.0947,24.4567,151.3453,2.9031,34.8389,6.7486,0.7985,6.1722,13.19,52.8322,0.1006,0.3808,0.0,0.0
PRF,45.996,-77.427,-4,2007,7,27,16,27.31,51.73,3.492,0.0,0.35,20.2,0.6611,5.7544,20.7887,15.0343,15.2949,85.9,24.7494,151.9425,2.8444,35.1749,6.6624,0.7805,6.1722,13.19,53.2457,0.043,0.1629,0.0,0.0
PRF,45.996,-77.427,-4,2007,7,27,17,27.72,53.44,8.6,0.0,0.35,20.2,0.5453,5.7544,20.7887,15.0343,14.5998,86.5244,25.0359,152.5458,4.0178,35.5043,9.1138,1.3591,6.7361,13.19,52.4215,0.1677,0.6346,0.0,0.0
PRF,45.996,-77.427,-4,2007,7,27,18,27.86,52.89,8.89,0.0,0.35,20.2,0.4083,5.7544,20.7887,15.0343,14.0649,87.0085,25.3273,153.1512,4.367,35.8379,9.8343,1.555,7.5918,13.19,52.3722,0.175,0.662,0.0,0.0
PRF,45.996,-77.427,-4,2007,7,27,19,26.05,64.79,2.28,0.0,0.35,20.2,0.2435,5.7544,20.7887,15.0343,14.0649,87.0085,25.5309,153.7294,3.1299,36.0812,7.39,0.9377,9.5453,13.6469,53.3135,0.027,0.1021,0.0,0.0
PRF,45.996,-77.427,-4,2007,7,27,20,25.0,76.18,2.04,0.0,0.35,20.2,0.0856,5.7544,20.7887,15.0343,14.6997,86.4343,25.6631,154.2919,2.8503,36.2519,6.8047,0.8103,13.0818,15.6758,52.7994,0.0166,0.0627,0.0,0.0
PRF,45.996,-77.427,-4,2007,7,27,21,20.47,92.0,2.64,0.0,0.35,20.2,0.0,5.7544,20.7887,15.0343,16.8998,84.4787,25.6631,154.2919,2.2394,36.2519,5.4031,0.5387,19.851,20.8,51.127,0.0,0.0,0.0,0.0
PRF,45.996,-77.427,-4,2007,7,27,22,19.18,94.1,1.692,0.0,0.35,20.2,0.0,5.7544,20.7887,15.0343,18.799,82.8322,25.6631,154.2919,1.7194,36.2519,4.1064,0.3314,23.0887,23.4658,50.2488,0.0,0.0,0.0,0.0
PRF,45.996,-77.427,-4,2007,7,27,23,18.5,98.2,1.56,0.0,0.35,20.2,0.0,5.7544,20.7887,15.0343,21.0428,80.9348,25.6631,154.2919,1.36,36.2519,3.1326,0.2053,25.9661,26.1195,49.2385,0.0,0.0,0.0,0.0
PRF,45.996,-77.427,-4,2007,7,28,0,19.29,96.1,2.22,0.0,0.35,20.1,0.0,5.7735,20.7697,14.9962,22.3468,79.8552,25.6631,154.2919,1.2517,36.2519,2.822,0.1706,26.2127,26.2718,49.0976,0.0,0.0,0.0,0.0
PRF,45.996,-77.427,-4,2007,7,28,1,19.29,94.2,5.016,0.0,0.35,20.1,0.0,5.7735,20.7697,14.9962,23.0199,79.3045,25.6631,154.2919,1.3639,36.2519,3.1436,0.2066,26.2127,26.2718,48.9335,0.0,0.0,0.0,0.0
PRF,45.996,-77.427,-4,2007,7,28,2,20.21,88.4,6.156,0.0,0.35,20.1,0.0,5.7735,20.7697,14.9962,23.0199,79.3045,25.6631,154.2919,1.4445,36.2519,3.3689,0.2335,25.8359,25.8774,49.0059,0.0,0.0,0.0,0.0
PRF,45.996,-77.427,-4,2007,7,28,3,20.14,85.2,4.212,0.0,0.35,20.1,0.0,5.7735,20.7697,14.9962,22.9045,79.3985,25.6631,154.2919,1.3218,36.2519,3.0243,0.1929,25.0625,25.0909,49.4264,0.0,0.0,0.0,0.0
PRF,45.996,-77.427,-4,2007,7,28,4,18.84,91.1,3.408,0.0,0.35,20.1,0.0,5.7735,20.7697,14.9962,22.9247,79.382,25.6631,154.2919,1.2673,36.2519,2.8674,0.1755,25.0625,25.0909,49.4793,0.0,0.0,0.0,0.0
PRF,45.996,-77.427,-4,2007,7,28,5,18.71,88.8,5.22,0.0,0.35,20.1,0.0,5.7735,20.7697,14.9962,22.9247,79.382,25.6631,154.2919,1.3884,36.2519,3.2127,0.2147,25.0625,25.0909,49.3576,0.0,0.0,0.0,0.0
PRF,45.996,-77.427,-4,2007,7,28,6,18.6,87.8,4.8,0.0,0.35,20.1,0.0088,5.7735,20.7697,14.9962,22.9247,79.382,25.7135,154.7584,1.3594,36.3343,3.1369,0.2058,24.9456,25.0833,49.3894,0.0,0.0,0.0,0.0
PRF,45.996,-77.427,-4,2007,7,28,7,18.6,90.2,4.248,0.0,0.35,20.1,0.0646,5.7735,20.7697,14.9962,22.9247,79.382,25.7539,155.2249,1.3221,36.4069,3.0361,0.1942,24.4338,25.0833,49.4268,0.0,0.0,0.0,0.0
PRF,45.996,-77.427,-4,2007,7,28,8,19.69,86.0,9.37,0.0,0.35,20.1,0.1683,5.7735,20.7697,14.9962,22.8535,79.4402,25.8151,155.7078,1.7212,36.5012,4.1323,0.3351,21.9107,24.6484,49.1931,0.0,0.0,0.0,0.0
PRF,45.996,-77.427,-4,2007,7,28,9,20.98,83.2,4.872,0.0,0.35,20.1,0.2895,5.7735,20.7697,14.9962,22.6265,79.6258,25.8934,156.21,1.3977,36.6139,3.2655,0.2209,18.5168,23.8119,49.8443,0.0,0.0,0.0,0.0
PRF,45.996,-77.427,-4,2007,7,28,10,20.74,80.9,7.176,0.0,0.35,20.1,0.3941,5.7735,20.7697,14.9962,22.2834,79.9073,25.9813,156.7086,1.6154,36.7361,3.8718,0.2987,16.0645,22.8663,49.9776,0.0,0.0,0.0,0.0
PRF,45.996,-77.427,-4,2007,7,28,11,21.08,77.89,9.65,0.0,0.35,20.1,0.5052,5.7735,20.7697,14.9962,21.7695,80.3311,26.0848,157.2123,1.9132,36.8741,4.6597,0.4145,14.2404,21.7193,50.097,0.0427,0.1614,0.0,0.0
PRF,45.996,-77.427,-4,2007,7,28,12,20.73,76.42,4.104,0.0,0.35,20.1,0.5669,5.7735,20.7697,14.9962,21.3628,80.6684,26.1933,157.7107,1.5008,37.0168,3.5827,0.2603,12.4896,21.0545,50.8605,0.0,0.0,0.0,0.0
PRF,45.996,-77.427,-4,2007,7,28,13,24.25,63.8,4.56,0.0,0.35,20.1,0.7465,5.7735,20.7697,14.9962,20.1269,81.7032,26.3882,158.262,1.7291,37.2493,4.2165,0.3473,8.9412,18.417,51.6479,0.0127,0.0482,0.0,0.0
PRF,45.996,-77.427,-4,2007,7,28,14,25.88,53.91,4.2,0.0,0.35,20.1,0.7828,5.7735,20.7697,14.9962,18.4472,83.1344,26.653,158.8377,2.0278,37.5526,5.0117,0.4716,6.8764,15.7681,52.4432,0.0315,0.1194,0.0,0.0
PRF,45.996,-77.427,-4,2007,7,28,15,24.89,57.56,4.008,0.0,0.35,20.1,0.7203,5.7735,20.7697,14.9962,17.4788,83.9728,26.8875,159.3985,2.2415,37.8244,5.5667,0.5679,6.8764,15.321,52.5879,0.0334,0.1262,0.0,0.0
PRF,45.996,-77.427,-4,2007,7,28,16,27.28,50.37,8.5,0.0,0.35,20.1,0.6607,5.7735,20.7697,14.9962,15.973,85.2961,27.1881,159.9952,3.3654,38.1633,8.1605,1.1177,6.8764,13.8253,52.2615,0.1483,0.5612,0.0,0.0
PRF,45.996,-77.427,-4,2007,7,28,17,26.33,49.68,6.588,0.0,0.35,20.1,0.5432,5.7735,20.7697,14.9962,14.9963,86.1676,27.4822,160.5777,3.452,38.4941,8.3883,1.1735,6.8764,13.4893,52.6435,0.1082,0.4095,0.0,0.0
PRF,45.996,-77.427,-4,2007,7,28,18,26.09,47.26,4.2,0.0,0.35,20.1,0.4065,5.7735,20.7697,14.9962,14.2196,86.8682,27.7877,161.1565,3.3797,38.8349,8.2785,1.1464,7.1258,13.1731,53.0921,0.0509,0.1927,0.0,0.0
PRF,45.996,-77.427,-4,2007,7,28,19,25.2,49.45,4.092,0.0,0.35,20.1,0.2529,5.7735,20.7697,14.9962,13.823,87.2285,28.0705,161.722,3.5383,39.1518,8.6586,1.2412,8.3369,13.1731,53.1088,0.0497,0.188,0.0,0.0
PRF,45.996,-77.427,-4,2007,7,28,20,23.16,50.47,4.08,0.0,0.35,20.1,0.0983,5.7735,20.7697,14.9962,13.6791,87.3597,28.3251,162.2569,3.603,39.4384,8.8338,1.286,10.0695,13.1731,53.1107,0.0495,0.1874,0.0,0.0
PRF,45.996,-77.427,-4,2007,7,28,21,17.2,82.6,2.748,0.0,0.35,20.1,0.0,5.7735,20.7697,14.9962,15.0311,86.1364,28.3251,162.2569,2.8322,39.4384,7.137,0.8816,16.2657,17.5665,52.1113,0.0121,0.0459,0.0,0.0
PRF,45.996,-77.427,-4,2007,7,28,22,15.54,87.2,3.408,0.0,0.35,20.1,0.0,5.7735,20.7697,14.9962,16.5143,84.8175,28.3251,162.2569,2.4377,39.4384,6.2075,0.6887,20.0713,20.6256,51.0686,0.0,0.0,0.0,0.0
PRF,45.996,-77.427,-4,2007,7,28,23,14.45,92.0,3.024,0.0,0.35,20.1,0.0,5.7735,20.7697,14.9962,18.1968,83.3502,28.3251,162.2569,1.9653,39.4384,5.0251,0.4738,23.0409,23.2852,50.1734,0.0,0.0,0.0,0.0
PRF,45.996,-77.427,-4,2007,7,29,0,13.06,97.0,3.18,0.0,0.35,20.0,0.0,5.7928,20.7503,14.9575,20.2944,81.5621,28.3251,162.2569,1.5862,39.4384,4.0071,0.3174,26.0852,26.1961,49.0278,0.0,0.0,0.0,0.0
PRF,45.996,-77.427,-4,2007,7,29,1,12.35,98.3,4.212,0.0,0.35,20.0,0.0,5.7928,20.7503,14.9575,22.2512,79.9338,28.3251,162.2569,1.3951,39.4384,3.4634,0.2452,28.0537,28.1037,48.2307,0.0,0.0,0.0,0.0
PRF,45.996,-77.427,-4,2007,7,29,2,11.73,97.7,5.568,0.0,0.35,20.0,0.0,5.7928,20.7503,14.9575,23.7141,78.7409,28.3251,162.2569,1.3297,39.4384,3.2718,0.2217,28.8175,28.8397,47.8747,0.0,0.0,0.0,0.0
PRF,45.996,-77.427,-4,2007,7,29,3,11.39,98.9,4.056,0.0,0.35,20.0,0.0,5.7928,20.7503,14.9575,25.0669,77.6558,28.3251,162.2569,1.1226,39.4384,2.6404,0.1517,29.6347,29.6451,47.627,0.0,0.0,0.0,0.0
PRF,45.996,-77.427,-4,2007,7,29,4,10.23,98.5,3.552,0.0,0.35,20.0,0.0,5.7928,20.7503,14.9575,26.0501,76.8778,28.3251,162.2569,1.0313,39.4384,2.3477,0.1232,30.0174,30.0224,47.4963,0.0,0.0,0.0,0.0
PRF,45.996,-77.427,-4,2007,7,29,5,10.06,98.9,3.504,0.0,0.35,20.0,0.0,5.7928,20.7503,14.9575,26.9227,76.1946,28.3251,162.2569,0.9815,39.4384,2.1825,0.1083,30.3686,30.371,47.3569,0.0,0.0,0.0,0.0
PRF,45.996,-77.427,-4,2007,7,29,6,9.79,99.2,5.208,0.0,0.35,20.0,0.0004,5.7928,20.7503,14.9575,27.7267,75.5712,28.3269,162.5913,1.0284,39.4647,2.3397,0.1225,30.6806,30.6963,47.1571,0.0,0.0,0.0,0.0
PRF,45.996,-77.427,-4,2007,7,29,7,12.24,94.4,2.832,0.0,0.35,20.0,0.0277,5.7928,20.7503,14.9575,27.7267,75.5712,28.3421,162.9624,0.9124,39.5068,1.9494,0.0887,30.4079,30.6963,47.2498,0.0,0.0,0.0,0.0
PRF,45.996,-77.427,-4,2007,7,29,8,16.76,79.35,3.204,0.0,0.35,20.0,0.1912,5.7928,20.7503,14.9575,26.9184,76.198,28.4189,163.4013,0.967,39.6137,2.1437,0.1049,24.5456,27.8489,48.3815,0.0,0.0,0.0,0.0
PRF,45.996,-77.427,-4,2007,7,29,9,19.51,63.74,4.32,0.0,0.35,20.0,0.401,5.7928,20.7503,14.9575,25.0158,77.6965,28.576,163.8814,1.1413,39.8015,2.7222,0.1601,16.6825,22.8152,50.194,0.0,0.0,0.0,0.0
PRF,45.996,-77.427,-4,2007,7,29,10,21.52,56.47,3.456,0.0,0.35,20.0,0.5589,5.7928,20.7503,14.9575,22.8936,79.4075,28.7839,164.3917,1.2735,40.0407,3.1448,0.2067,11.4542,19.0106,51.5405,0.006,0.0229,0.0,0.0
PRF,45.996,-77.427,-4,2007,7,29,11,22.85,51.29,6.396,0.0,0.35,20.0,0.6796,5.7928,20.7503,14.9575,20.5525,81.3451,29.031,164.922,1.8186,40.3188,4.7143,0.4232,8.8622,16.2475,51.9712,0.0587,0.2222,0.0,0.0
PRF,45.996,-77.427,-4,2007,7,29,12,24.25,41.98,5.448,0.0,0.35,20.0,0.7699,5.7928,20.7503,14.9575,18.0696,83.4601,29.3434,165.4732,2.2526,40.6608,5.8739,0.6245,6.5759,13.8888,52.6849,0.0696,0.2633,0.0,0.0
PRF,45.996,-77.427,-4,2007,7,29,13,25.47,37.78,7.524,0.0,0.35,20.0,0.8085,5.7928,20.7503,14.9575,15.7307,85.5113,29.6952,166.0428,3.301,41.0409,8.3872,1.1732,5.7057,12.2998,52.6847,0.1552,0.5873,0.0,0.0
PRF,45.996,-77.427,-4,2007,7,29,14,25.61,39.42,6.54,0.0,0.35,20.0,0.7983,5.7928,20.7503,14.9575,14.2301,86.8587,30.0396,166.6144,3.7975,41.4129,9.5124,1.466,5.6067,11.9966,52.9139,0.1303,0.4929,0.0,0.0
PRF,45.996,-77.427,-4,2007,7,29,15,25.61,38.47,8.87,0.0,0.35,20.0,0.7497,5.7928,20.7503,14.9575,13.0574,87.9291,30.3894,167.1861,4.9759,41.7889,11.9477,2.1946,5.6067,11.7879,52.5425,0.2058,0.7787,0.0,0.0
PRF,45.996,-77.427,-4,2007,7,29,16,26.63,37.03,7.632,0.0,0.35,20.0,0.6663,5.7928,20.7503,14.9575,12.0876,88.8263,30.7617,167.773,5.3174,42.186,12.6644,2.433,5.6067,11.3589,52.8428,0.1765,0.6679,0.0,0.0
PRF,45.996,-77.427,-4,2007,7,29,17,26.33,34.37,1.236,0.0,0.35,20.0,0.5496,5.7928,20.7503,14.9575,11.413,89.4568,31.1453,168.3555,4.2175,42.5921,10.5564,1.7627,5.6067,11.0166,54.0101,0.0215,0.0812,0.0,0.0
PRF,45.996,-77.427,-4,2007,7,29,18,25.64,39.69,4.728,0.0,0.35,20.0,0.4072,5.7928,20.7503,14.9575,11.2087,89.6489,31.4886,168.9276,5.1695,42.9583,12.5095,2.3806,6.2393,11.0166,53.4221,0.0737,0.2787,0.0,0.0
PRF,45.996,-77.427,-4,2007,7,29,19,26.36,43.79,1.632,0.0,0.35,20.0,0.2541,5.7928,20.7503,14.9575,11.2087,89.6489,31.8175,169.5105,4.4227,43.3111,11.083,1.9214,7.18,11.0166,53.9454,0.0274,0.1036,0.0,0.0
PRF,45.996,-77.427,-4,2007,7,29,20,22.41,68.3,1.296,0.0,0.35,20.0,0.0852,5.7928,20.7503,14.9575,12.1114,88.8041,31.9752,170.0341,3.8518,43.4999,9.9103,1.5763,11.283,13.7167,53.3389,0.0158,0.0597,0.0,0.0
PRF,45.996,-77.427,-4,2007,7,29,21,17.03,85.1,2.04,0.0,0.35,20.0,0.0,5.7928,20.7503,14.9575,13.9839,87.0821,31.9752,170.0341,3.1248,43.4999,8.2846,1.1479,17.2138,18.2581,51.9284,0.0065,0.0247,0.0,0.0
PRF,45.996,-77.427,-4,2007,7,29,22,14.42,97.0,1.944,0.0,0.35,20.0,0.0,5.7928,20.7503,14.9575,16.9093,84.4704,31.9752,170.0341,2.1598,43.4999,5.9034,0.6301,23.2361,23.7104,50.0486,0.0,0.0,0.0,0.0
PRF,45.996,-77.427,-4,2007,7,29,23,13.64,98.3,2.052,0.0,0.35,20.0,0.0,5.7928,20.7503,14.9575,19.4577,82.2699,31.9752,170.0341,1.632,43.4999,4.4498,0.3821,26.5087,26.7279,48.8829,0.0,0.0,0.0,0.0
PRF,45.996,-77.427,-4,2007,7,30,0,13.06,99.2,2.04,0.0,0.35,20.57,0.0,5.8122,20.7303,14.9181,21.6538,80.4269,31.9752,170.0341,1.3173,43.4999,3.509,0.2509,28.4168,28.5197,48.4197,0.0,0.0,0.0,0.0
PRF,45.996,-77.427,-4,2007,7,30,1,11.9,99.9,2.616,0.0,0.35,20.57,0.0,5.8122,20.7303,14.9181,23.5758,78.8528,31.9752,170.0341,1.1578,43.4999,3.003,0.1905,29.7335,29.7825,47.8806,0.0,0.0,0.0,0.0
PRF,45.996,-77.427,-4,2007,7,30,2,11.42,99.9,2.604,0.0,0.35,20.57,0.0,5.8122,20.7303,14.9181,25.1093,77.6221,31.9752,170.0341,1.0405,43.4999,2.6145,0.1491,30.4195,30.4431,47.6099,0.0,0.0,0.0,0.0
PRF,45.996,-77.427,-4,2007,7,30,3,10.71,99.9,2.376,0.0,0.35,20.57,0.0,5.8122,20.7303,14.9181,26.3295,76.6583,31.9752,170.0341,0.9569,43.4999,2.3262,0.1212,30.8393,30.851,47.4498,0.0,0.0,0.0,0.0
PRF,45.996,-77.427,-4,2007,7,30,4,10.54,99.9,3.276,0.0,0.35,20.57,0.0,5.8122,20.7303,14.9181,27.3506,75.8621,31.9752,170.0341,0.9498,43.4999,2.3012,0.1189,31.0746,31.0802,47.3227,0.0,0.0,0.0,0.0
PRF,45.996,-77.427,-4,2007,7,30,5,10.13,99.9,1.644,0.0,0.35,20.57,0.0,5.8122,20.7303,14.9181,28.1273,75.2628,31.9752,170.0341,0.844,43.4999,1.9155,0.0859,31.236,31.2389,47.3136,0.0,0.0,0.0,0.0
PRF,45.996,-77.427,-4,2007,7,30,6,11.22,99.9,1.56,0.0,0.35,20.57,0.0,5.8122,20.7303,14.9181,28.7487,74.787,31.9755,170.3899,0.8186,43.5292,1.8198,0.0785,31.236,31.2389,47.3164,0.0,0.0,0.0,0.0
PRF,45.996,-77.427,-4,2007,7,30,7,12.69,97.8,1.02,0.0,0.35,20.57,0.0116,5.8122,20.7303,14.9181,28.8007,74.7473,31.9817,170.7678,0.7949,43.5657,1.7288,0.0717,31.236,31.2389,47.334,0.0,0.0,0.0,0.0
PRF,45.996,-77.427,-4,2007,7,30,8,16.8,86.8,2.1,0.0,0.35,20.57,0.1396,5.8122,20.7303,14.9181,28.3813,75.0679,32.0309,171.2073,0.8541,43.6471,1.9614,0.0896,27.1525,29.8062,47.8914,0.0,0.0,0.0,0.0
PRF,45.996,-77.427,-4,2007,7,30,9,20.36,72.43,2.004,0.0,0.35,20.57,0.3654,5.8122,20.7303,14.9181,26.9365,76.1839,32.1555,171.7002,0.9094,43.8029,2.173,0.1074,18.8419,25.5629,49.5979,0.0,0.0,0.0,0.0
PRF,45.996,-77.427,-4,2007,7,30,10,22.4,65.81,3.564,0.0,0.35,20.57,0.5299,5.8122,20.7303,14.9181,24.9494,77.7493,32.3256,172.2237,1.1034,44.0032,2.8542,0.1741,12.8719,21.3589,51.0253,0.0,0.0,0.0,0.0
PRF,45.996,-77.427,-4,2007,7,30,11,24.52,54.08,8.76,0.0,0.35,20.57,0.6821,5.8122,20.7303,14.9181,21.9169,80.2093,32.5755,172.779,1.8057,44.2799,5.0066,0.4707,9.2719,16.9128,51.7433,0.0807,0.3052,0.0,0.0
PRF,45.996,-77.427,-4,2007,7,30,12,26.8,47.74,8.82,0.0,0.35,20.57,0.7709,5.8122,20.7303,14.9181,18.9244,82.7248,32.8864,173.3685,2.4292,44.6152,6.7094,0.7903,7.0385,14.0818,52.3799,0.1561,0.5907,0.0,0.0
PRF,45.996,-77.427,-4,2007,7,30,13,28.54,43.79,7.332,0.0,0.35,20.57,0.8096,5.8122,20.7303,14.9181,16.391,84.9263,33.2426,173.9841,3.0153,44.9933,8.1984,1.1269,5.5718,12.4179,52.9691,0.1558,0.5894,0.0,0.0
PRF,45.996,-77.427,-4,2007,7,30,14,28.34,39.32,7.284,0.0,0.35,20.57,0.802,5.8122,20.7303,14.9181,14.3556,86.745,33.6244,174.5967,3.8794,45.3936,10.2229,1.6654,5.1198,11.4621,53.1618,0.1727,0.6533,0.0,0.0
PRF,45.996,-77.427,-4,2007,7,30,15,28.82,38.23,9.47,0.0,0.35,20.57,0.7533,5.8122,20.7303,14.9181,12.7937,88.172,34.0196,175.2165,5.3104,45.8055,13.243,2.6332,5.1198,10.9655,52.8469,0.258,0.9762,0.0,0.0
PRF,45.996,-77.427,-4,2007,7,30,16,29.02,37.68,8.09,0.0,0.35,20.57,0.6669,5.8122,20.7303,14.9181,11.7369,89.1535,34.4211,175.8393,5.7034,46.2219,14.0719,2.9319,5.1198,10.7385,53.1441,0.2163,0.8185,0.0,0.0
PRF,45.996,-77.427,-4,2007,7,30,17,27.89,45.8,5.22,0.0,0.35,20.57,0.5452,5.8122,20.7303,14.9181,11.6598,89.2256,34.7566,176.4451,4.9868,46.5764,12.72,2.452,5.5337,10.7385,53.6681,0.0989,0.3743,0.0,0.0
PRF,45.996,-77.427,-4,2007,7,30,18,26.22,54.97,7.008,0.0,0.35,20.57,0.3961,5.8122,20.7303,14.9181,11.706,89.1823,35.0187,177.0259,5.4232,46.8622,13.6339,2.7723,7.5674,11.7157,53.1628,0.1586,0.5999,0.0,0.0
PRF,45.996,-77.427,-4,2007,7,30,19,24.86,87.6,2.172,0.5,0.35,20.57,0.1471,5.8122,20.7303,14.9181,14.1382,86.942,35.0872,177.5863,3.0836,46.9725,8.5855,1.2227,90.1325,20.4632,51.4574,0.0,0.0,0.5,0.0
PRF,45.996,-77.427,-4,2007,7,30,20,22.21,90.6,2.148,0.0,0.35,20.57,0.0415,5.8122,20.7303,14.9181,16.2653,85.0373,35.1335,178.107,2.3578,47.0595,6.7585,0.8006,71.4408,21.8475,50.9758,0.0,0.0,0.5,1.0
PRF,45.996,-77.427,-4,2007,7,30,21,20.47,95.2,3.828,0.0,0.35,20.57,0.0,5.8122,20.7303,14.9181,18.7238,82.8967,35.1335,178.107,1.9305,47.0595,5.5868,0.5715,65.6599,24.2334,49.983,0.0,0.0,0.5,2.0
PRF,45.996,-77.427,-4,2007,7,30,22,18.84,97.5,4.104,0.0,0.35,20.57,0.0,5.8122,20.7303,14.9181,21.027,80.948,35.1335,178.107,1.5483,47.0595,4.4632,0.3841,63.1341,26.2292,49.2162,0.0,0.0,0.5,3.0
PRF,45.996,-77.427,-4,2007,7,30,23,17.62,97.5,1.704,0.0,0.35,20.57,0.0,5.8122,20.7303,14.9181,22.5936,79.6528,35.1335,178.107,1.1947,47.0595,3.3389,0.2298,61.3709,27.0933,49.0104,0.0,0.0,0.5,4.0
PRF,45.996,-77.427,-4,2007,7,31,0,16.49,99.9,1.188,0.0,0.35,21.14,0.0,5.8318,20.7098,14.878,24.307,78.2632,35.1335,178.107,1.022,47.0595,2.7481,0.1628,61.314,28.544,48.6996,0.0,0.0,0.0,0.0
PRF,45.996,-77.427,-4,2007,7,31,1,15.68,100.0,1.752,0.0,0.35,21.14,0.0,5.8318,20.7098,14.878,25.7096,77.1462,35.1335,178.107,0.9607,47.0595,2.5295,0.1406,61.314,29.3489,48.3443,0.0,0.0,0.0,0.0
PRF,45.996,-77.427,-4,2007,7,31,2,14.96,100.0,2.16,0.0,0.35,21.14,0.0,5.8318,20.7098,14.878,26.8301,76.2668,35.1335,178.107,0.9216,47.0595,2.3867,0.1268,61.314,29.8101,48.1376,0.0,0.0,0.0,0.0
PRF,45.996,-77.427,-4,2007,7,31,3,14.69,100.0,2.316,0.0,0.35,21.14,0.0,5.8318,20.7098,14.878,27.7177,75.5782,35.1335,178.107,0.8893,47.0595,2.2669,0.1158,61.314,30.0545,48.0305,0.0,0.0,0.0,0.0
PRF,45.996,-77.427,-4,2007,7,31,4,13.94,100.0,2.892,0.0,0.35,21.14,0.0,5.8318,20.7098,14.878,28.4412,75.022,35.1335,178.107,0.8867,47.0595,2.2568,0.1149,61.314,30.2749,47.9172,0.0,0.0,0.0,0.0
PRF,45.996,-77.427,-4,2007,7,31,5,13.84,99.9,3.108,0.0,0.35,21.14,0.0,5.8318,20.7098,14.878,28.9915,74.602,35.1335,178.107,0.8764,47.0595,2.2183,0.1114,61.2499,30.3472,47.879,0.0,0.0,0.0,0.0
PRF,45.996,-77.427,-4,2007,7,31,6,13.12,99.9,5.244,0.0,0.35,21.14,0.0,5.8318,20.7098,14.878,29.4676,74.2408,35.1338,178.4913,0.9584,47.0933,2.5228,0.1399,61.1773,30.4909,47.7334,0.0,0.0,0.0,0.0
PRF,45.996,-77.427,-4,2007,7,31,7,15.82,93.7,4.404,0.0,0.35,21.14,0.0368,5.8318,20.7098,14.878,29.3665,74.3173,35.1559,178.9161,0.9222,47.1501,2.3934,0.1275,53.8676,30.3412,47.8293,0.0,0.0,0.0,0.0
PRF,45.996,-77.427,-4,2007,7,31,8,18.3,85.7,6.372,0.0,0.35,21.14,0.1573,5.8318,20.7098,14.878,28.6156,74.8887,35.214,179.3781,1.0489,47.2424,2.8527,0.1739,38.0421,28.3386,48.5294,0.0,0.0,0.0,0.0
PRF,45.996,-77.427,-4,2007,7,31,9,21.52,78.77,5.064,0.0,0.35,21.14,0.332,5.8318,20.7098,14.878,27.2651,75.9284,35.3155,179.8884,1.0437,47.378,2.8418,0.1728,23.5885,25.1131,49.831,0.0,0.0,0.0,0.0
PRF,45.996,-77.427,-4,2007,7,31,10,23.77,71.61,4.5,0.0,0.35,21.14,0.5107,5.8318,20.7098,14.878,25.4266,77.3701,35.4653,180.4324,1.1224,47.5599,3.1243,0.2043,14.541,21.6101,51.1203,0.0,0.0,0.0,0.0
PRF,45.996,-77.427,-4,2007,7,31,11,25.98,61.21,6.84,0.0,0.35,21.14,0.6716,5.8318,20.7098,14.878,22.7562,79.5197,35.689,181.0096,1.5271,47.8111,4.4513,0.3823,9.6223,17.7257,52.0603,0.0444,0.1681,0.0,0.0
PRF,45.996,-77.427,-4,2007,7,31,12,28.03,57.94,8.6,0.0,0.35,21.14,0.7593,5.8318,20.7098,14.878,20.1648,81.6712,35.9507,181.6176,2.1115,48.0988,6.1832,0.6839,7.7098,15.3412,52.4115,0.1258,0.4761,0.0,0.0
PRF,45.996,-77.427,-4,2007,7,31,13,28.71,46.85,4.872,0.0,0.35,21.14,0.8063,5.8318,20.7098,14.878,17.6155,83.8538,36.2895,182.2357,2.3045,48.4558,6.7454,0.7978,5.4791,13.1893,53.4875,0.0649,0.2455,0.0,0.0
PRF,45.996,-77.427,-4,2007,7,31,14,29.19,45.9,8.64,0.0,0.35,21.14,0.7984,5.8318,20.7098,14.878,15.5274,85.6924,36.6401,182.8611,3.5812,48.8232,9.9837,1.597,5.4791,12.2742,53.0435,0.21,0.7947,0.0,0.0
PRF,45.996,-77.427,-4,2007,7,31,15,28.99,41.84,7.188,0.0,0.35,21.14,0.7503,5.8318,20.7098,14.878,13.8927,87.1651,37.0144,183.4834,4.0985,49.2105,11.2118,1.9611,5.4667,11.5963,53.4305,0.1765,0.6679,0.0,0.0
PRF,45.996,-77.427,-4,2007,7,31,16,28.99,44.64,8.03,0.0,0.35,21.14,0.6626,5.8318,20.7098,14.878,12.9686,88.0109,37.3707,184.1058,4.8259,49.5809,12.8373,2.4921,5.4667,11.5963,53.2791,0.2065,0.7813,0.0,0.0
PRF,45.996,-77.427,-4,2007,7,31,17,29.16,42.08,7.38,0.0,0.35,21.14,0.546,5.8318,20.7098,14.878,12.1673,88.7522,37.7456,184.7307,5.1947,49.9671,13.661,2.7821,5.4667,11.4108,53.431,0.1872,0.7083,0.0,0.0
PRF,45.996,-77.427,-4,2007,7,31,18,29.16,40.82,4.872,0.0,0.35,21.14,0.4055,5.8318,20.7098,14.878,11.5784,89.3017,38.1287,185.3556,4.954,50.3594,13.2203,2.6252,5.7712,11.2175,53.9139,0.083,0.3141,0.0,0.0
PRF,45.996,-77.427,-4,2007,7,31,19,26.91,46.41,2.28,0.0,0.35,21.14,0.2488,5.8318,20.7098,14.878,11.5784,89.3017,38.4489,185.9467,4.3474,50.6929,11.9622,2.1994,7.2127,11.2175,54.3553,0.0406,0.1536,0.0,0.0
PRF,45.996,-77.427,-4,2007,7,31,20,24.04,60.53,3.12,0.0,0.35,21.14,0.0876,5.8318,20.7098,14.878,12.0027,88.9054,38.6595,186.4948,4.2844,50.9268,11.8541,2.1643,10.5363,12.7544,53.8652,0.0452,0.171,0.0,0.0
PRF,45.996,-77.427,-4,2007,7,31,21,19.11,86.2,3.516,0.0,0.35,21.14,0.0,5.8318,20.7098,14.878,14.1584,86.9237,38.6595,186.4948,3.2911,50.9268,9.5368,1.4727,17.3732,18.2122,52.3212,0.0124,0.0471,0.0,0.0
PRF,45.996,-77.427,-4,2007,7,31,22,17.55,92.6,3.732,0.0,0.35,21.14,0.0,5.8318,20.7098,14.878,16.5873,84.7533,38.6595,186.4948,2.4562,50.9268,7.3858,0.9368,21.9354,22.2626,50.962,0.0,0.0,0.0,0.0
PRF,45.996,-77.427,-4,2007,7,31,23,16.63,94.0,2.556,0.0,0.35,21.14,0.0,5.8318,20.7098,14.878,18.5604,83.037,38.6595,186.4948,1.8434,50.9268,5.6418,0.5815,24.2214,24.3578,50.2851,0.0,0.0,0.0,0.0
PRF,45.996,-77.427,-4,2007,8,1,0,15.48,98.7,2.316,0.0,0.35,21.71,0.0,5.8516,20.6888,14.8373,20.9469,81.0149,38.6595,186.4948,1.4256,50.9268,4.3397,0.3655,26.9845,27.0436,49.5112,0.0,0.0,0.0,0.0
PRF,45.996,-77.427,-4,2007,8,1,1,14.9,98.8,2.916,0.0,0.35,21.71,0.0,5.8516,20.6888,14.8373,22.8593,79.4354,38.6595,186.4948,1.2427,50.9268,3.7311,0.2797,28.3134,28.339,48.9595,0.0,0.0,0.0,0.0
PRF,45.996,-77.427,-4,2007,8,1,2,14.62,99.2,2.676,0.0,0.35,21.71,0.0,5.8516,20.6888,14.8373,24.4274,78.1666,38.6595,186.4948,1.0924,50.9268,3.2079,0.2141,29.0823,29.0935,48.663,0.0,0.0,0.0,0.0
PRF,45.996,-77.427,-4,2007,8,1,3,14.11,100.0,2.568,0.0,0.35,21.71,0.0,5.8516,20.6888,14.8373,25.8393,77.0438,38.6595,186.4948,0.9934,50.9268,2.8493,0.1736,29.8134,29.8184,48.3691,0.0,0.0,0.0,0.0
PRF,45.996,-77.427,-4,2007,8,1,4,13.7,99.9,2.748,0.0,0.35,21.71,0.0,5.8516,20.6888,14.8373,26.935,76.185,38.6595,186.4948,0.9442,50.9268,2.6659,0.1543,30.1591,30.1614,48.22,0.0,0.0,0.0,0.0
PRF,45.996,-77.427,-4,2007,8,1,5,12.89,100.0,1.608,0.0,0.35,21.71,0.0,5.8516,20.6888,14.8373,27.7904,75.5221,38.6595,186.4948,0.8553,50.9268,2.3243,0.121,30.4592,30.4603,48.1383,0.0,0.0,0.0,0.0
PRF,45.996,-77.427,-4,2007,8,1,6,12.89,99.9,1.992,0.0,0.35,21.71,0.0,5.8516,20.6888,14.8373,28.467,75.0023,38.6598,186.8757,0.8464,50.9625,2.291,0.118,30.5658,30.5663,48.08,0.0,0.0,0.0,0.0
PRF,45.996,-77.427,-4,2007,8,1,7,14.49,100.0,0.768,0.0,0.35,21.71,0.0,5.8516,20.6888,14.8373,28.9668,74.6208,38.6598,187.2805,0.7797,51.0001,2.0231,0.0947,30.5658,30.5663,48.1233,0.0,0.0,0.0,0.0
PRF,45.996,-77.427,-4,2007,8,1,8,19.05,83.4,1.704,0.0,0.35,21.71,0.1784,5.8516,20.6888,14.8373,28.2703,75.153,38.73,187.7538,0.8413,51.105,2.2772,0.1167,25.1135,28.4353,48.9758,0.0,0.0,0.0,0.0
PRF,45.996,-77.427,-4,2007,8,1,9,21.72,75.47,2.244,0.0,0.35,21.71,0.3567,5.8516,20.6888,14.8373,26.9221,76.1951,38.8483,188.2671,0.9211,51.2555,2.5948,0.1471,18.0277,24.9305,50.3476,0.0,0.0,0.0,0.0
PRF,45.996,-77.427,-4,2007,8,1,10,24.08,70.45,4.02,0.0,0.35,21.71,0.519,5.8516,20.6888,14.8373,25.0687,77.6543,39.0062,188.8158,1.1204,51.4438,3.3356,0.2294,12.7351,21.3136,51.5315,0.0,0.0,0.0,0.0
PRF,45.996,-77.427,-4,2007,8,1,11,25.47,70.52,4.308,0.0,0.35,21.71,0.6245,5.8516,20.6888,14.8373,23.4258,78.9744,39.1729,189.3853,1.2752,51.6416,3.8843,0.3004,10.1947,19.2377,52.185,0.0068,0.0257,0.0,0.0
PRF,45.996,-77.427,-4,2007,8,1,12,29.02,59.06,4.824,0.0,0.35,21.71,0.7599,5.8516,20.6888,14.8373,20.867,81.0817,39.4367,190.0081,1.63,51.9286,5.0613,0.4799,6.9981,15.951,53.0829,0.0404,0.1528,0.0,0.0
PRF,45.996,-77.427,-4,2007,8,1,13,30.9,48.97,11.94,0.0,0.35,21.71,0.8072,5.8516,20.6888,14.8373,17.5321,83.9263,39.7867,190.6591,3.3224,52.2925,9.7679,1.5364,6.2212,12.8766,52.6128,0.3121,1.1809,0.0,0.0
PRF,45.996,-77.427,-4,2007,8,1,14,32.09,45.63,14.18,0.0,0.35,21.71,0.8004,5.8516,20.6888,14.8373,14.8687,86.2823,40.1741,191.328,5.1433,52.6895,13.9616,2.8914,5.9441,11.4606,52.4054,0.429,1.6231,0.0,0.0
PRF,45.996,-77.427,-4,2007,8,1,15,33.21,42.8,13.96,0.0,0.35,21.71,0.7516,5.8516,20.6888,14.8373,12.8655,88.1058,40.5958,192.0136,6.5958,53.1166,16.9491,4.0753,5.618,10.5626,52.5725,0.465,1.7595,0.0,0.0
PRF,45.996,-77.427,-4,2007,8,1,16,33.21,42.39,12.55,0.0,0.35,21.71,0.6644,5.8516,20.6888,14.8373,11.6639,89.2217,41.0205,192.6993,7.2109,53.5452,18.1866,4.6167,5.618,10.3549,52.887,0.4249,1.6077,0.0,0.0
PRF,45.996,-77.427,-4,2007,8,1,17,33.28,43.24,15.18,0.0,0.35,21.71,0.546,5.8516,20.6888,14.8373,10.9846,89.8601,41.4399,193.386,9.0227,53.9682,21.4891,6.2029,5.618,10.3549,52.3479,0.5184,1.9616,0.0,0.0
PRF,45.996,-77.427,-4,2007,8,1,18,32.53,42.69,13.7,0.0,0.35,21.71,0.4043,5.8516,20.6888,14.8373,10.6105,90.214,41.8537,194.0614,8.8099,54.3844,21.2085,6.0603,5.9907,10.3549,52.6531,0.4663,1.7645,0.0,0.0
PRF,45.996,-77.427,-4,2007,8,1,19,31.24,49.17,6.012,0.0,0.35,21.71,0.2483,5.8516,20.6888,14.8373,10.6105,90.214,42.2063,194.7175,5.9803,54.7461,16.0049,3.6821,7.2099,10.3549,54.1561,0.1587,0.6004,0.0,0.0
PRF,45.996,-77.427,-4,2007,8,1,20,29.19,55.21,4.68,0.0,0.35,21.71,0.09,5.8516,20.6888,14.8373,10.8277,90.0083,42.4965,195.3429,5.4297,55.0519,14.916,3.2504,9.4507,11.0869,54.2547,0.0857,0.3242,0.0,0.0
PRF,45.996,-77.427,-4,2007,8,1,21,27.79,54.36,7.884,0.0,0.35,21.71,0.0,5.8516,20.6888,14.8373,11.0131,89.8332,42.4965,195.3429,6.2229,55.0519,16.5414,3.9034,11.0155,11.4826,53.6041,0.2157,0.816,0.0,0.0
PRF,45.996,-77.427,-4,2007,8,1,22,24.29,69.06,2.772,0.0,0.35,21.71,0.0,5.8516,20.6888,14.8373,12.0471,88.864,42.4965,195.3429,4.185,55.0519,12.1656,2.266,13.7456,13.9092,53.9111,0.036,0.1361,0.0,0.0
PRF,45.996,-77.427,-4,2007,8,1,23,20.21,89.9,0.732,0.0,0.35,21.71,0.0,5.8516,20.6888,14.8373,14.383,86.7203,42.4965,195.3429,2.7788,55.0519,8.6547,1.2402,19.09,19.1572,52.579,0.0016,0.0059,0.0,0.0
PRF,45.996,-77.427,-4,2007,8,2,0,18.78,94.4,2.58,0.0,0.35,22.28,0.0,5.8714,20.6674,14.7959,17.0147,84.378,42.4965,195.3429,2.2024,55.0519,7.0369,0.8599,23.0159,23.0419,51.3031,0.0,0.0,0.0,0.0
PRF,45.996,-77.427,-4,2007,8,2,1,17.72,95.3,1.524,0.0,0.35,22.28,0.0,5.8714,20.6674,14.7959,19.0527,82.6151,42.4965,195.3429,1.6588,55.0519,5.3722,0.5333,24.9277,24.9386,50.6513,0.0,0.0,0.0,0.0
PRF,45.996,-77.427,-4,2007,8,2,2,17.04,97.0,2.004,0.0,0.35,22.28,0.0,5.8714,20.6674,14.7959,20.98,80.9872,42.4965,195.3429,1.399,55.0519,4.5135,0.3918,26.4468,26.4514,50.0234,0.0,0.0,0.0,0.0
PRF,45.996,-77.427,-4,2007,8,2,3,16.6,98.7,1.932,0.0,0.35,22.28,0.0,5.8714,20.6674,14.7959,22.8279,79.4611,42.4965,195.3429,1.1856,55.0519,3.7683,0.2847,27.7982,27.8001,49.4813,0.0,0.0,0.0,0.0
PRF,45.996,-77.427,-4,2007,8,2,4,16.12,99.6,2.364,0.0,0.35,22.28,0.0,5.8714,20.6674,14.7959,24.4997,78.1087,42.4965,195.3429,1.0701,55.0519,3.3463,0.2307,28.8177,28.8185,49.0435,0.0,0.0,0.0,0.0
PRF,45.996,-77.427,-4,2007,8,2,5,15.34,100.0,1.908,0.0,0.35,22.28,0.0,5.8714,20.6674,14.7959,25.8682,77.021,42.4965,195.3429,0.9593,55.0519,2.9263,0.182,29.5187,29.5191,48.7725,0.0,0.0,0.0,0.0
PRF,45.996,-77.427,-4,2007,8,2,6,15.85,99.8,2.124,0.0,0.35,22.28,0.0,5.8714,20.6674,14.7959,26.8988,76.2133,42.4972,195.7681,0.9167,55.0946,2.7619,0.1642,29.6719,29.6721,48.7,0.0,0.0,0.0,0.0
PRF,45.996,-77.427,-4,2007,8,2,7,17.45,96.0,1.716,0.0,0.35,22.28,0.026,5.8714,20.6674,14.7959,26.8988,76.2133,42.5127,196.2174,0.898,55.1521,2.6908,0.1568,29.5408,29.6721,48.7163,0.0,0.0,0.0,0.0
PRF,45.996,-77.427,-4,2007,8,2,8,22.11,86.0,2.196,0.0,0.35,22.28,0.1791,5.8714,20.6674,14.7959,26.4234,76.5847,42.5814,196.7365,0.9434,55.2612,2.8746,0.1763,24.0823,27.8259,49.458,0.0,0.0,0.0,0.0
PRF,45.996,-77.427,-4,2007,8,2,9,24.28,78.3,3.072,0.0,0.35,22.28,0.3602,5.8714,20.6674,14.7959,25.302,77.469,42.6984,197.2882,1.0525,55.4141,3.2994,0.225,17.0926,24.4358,50.7446,0.0,0.0,0.0,0.0
PRF,45.996,-77.427,-4,2007,8,2,10,27.52,63.46,6.9,0.0,0.35,22.28,0.5715,5.8714,20.6674,14.7959,22.6423,79.6129,42.9216,197.8885,1.5461,55.6612,5.0458,0.4773,10.722,18.7068,52.3174,0.0286,0.1082,0.0,0.0
PRF,45.996,-77.427,-4,2007,8,2,11,29.91,54.77,8.27,0.0,0.35,22.28,0.6975,5.8714,20.6674,14.7959,19.5807,82.1654,43.222,198.5247,2.2041,55.9765,7.1193,0.8778,7.5054,14.7587,53.1435,0.1505,0.5696,0.0,0.0
PRF,45.996,-77.427,-4,2007,8,2,12,31.37,46.92,13.62,0.0,0.35,22.28,0.7753,5.8714,20.6674,14.7959,16.3805,84.9356,43.5916,199.1827,4.1446,56.3515,12.2349,2.2889,6.3936,12.1887,52.6815,0.4036,1.5273,0.0,0.0
PRF,45.996,-77.427,-4,2007,8,2,13,32.63,43.89,12.97,0.0,0.35,22.28,0.8088,5.8714,20.6674,14.7959,13.9746,87.0905,43.9981,199.8597,5.4268,56.7584,15.1628,3.3462,5.4529,10.9817,52.9891,0.4351,1.6462,0.0,0.0
PRF,45.996,-77.427,-4,2007,8,2,14,33.32,38.81,12.7,0.0,0.35,22.28,0.8003,5.8714,20.6674,14.7959,11.9953,88.9123,44.4507,200.547,6.9498,57.2037,18.3302,4.6814,4.7579,9.9195,53.1916,0.4771,1.8052,0.0,0.0
PRF,45.996,-77.427,-4,2007,8,2,15,33.93,38.84,15.12,0.0,0.35,22.28,0.7502,5.8714,20.6674,14.7959,10.7296,90.1011,44.9114,201.2434,9.3115,57.6554,22.7336,6.8529,4.7579,9.6017,52.7243,0.5924,2.2416,0.0,0.0
PRF,45.996,-77.427,-4,2007,8,2,16,33.73,37.27,13.0,0.0,0.35,22.28,0.6628,5.8714,20.6674,14.7959,9.9077,90.8834,45.3811,201.9369,9.3585,58.113,22.9071,6.9457,4.7579,9.3837,53.1991,0.5183,1.9611,0.0,0.0
PRF,45.996,-77.427,-4,2007,8,2,17,33.39,40.75,8.8,0.0,0.35,22.28,0.5439,5.8714,20.6674,14.7959,9.7566,91.0281,45.8203,202.6252,7.7313,58.5438,20.0571,5.4901,4.7579,9.3837,54.0621,0.3307,1.2513,0.0,0.0
PRF,45.996,-77.427,-4,2007,8,2,18,32.43,42.15,11.86,0.0,0.35,22.28,0.4017,5.8714,20.6674,14.7959,9.7566,91.0281,46.2368,203.2992,9.0203,58.9537,22.4822,6.7193,5.6633,9.3837,53.4371,0.4694,1.7759,0.0,0.0
PRF,45.996,-77.427,-4,2007,8,2,19,31.68,41.94,10.62,0.0,0.35,22.28,0.2464,5.8714,20.6674,14.7959,9.7566,91.0281,46.6451,203.9619,8.4739,59.3548,21.5791,6.2489,6.6713,9.3837,53.693,0.4147,1.569,0.0,0.0
PRF,45.996,-77.427,-4,2007,8,2,20,29.57,44.33,7.5,0.0,0.35,22.28,0.0881,5.8714,20.6674,14.7959,9.7566,91.0281,47.0106,204.5929,7.2411,59.7172,19.3254,5.1406,8.247,9.5833,54.2882,0.2611,0.9881,0.0,0.0
PRF,45.996,-77.427,-4,2007,8,2,21,23.44,74.62,3.252,0.0,0.35,22.28,0.0,5.8714,20.6674,14.7959,11.5321,89.3451,47.0106,204.5929,4.5942,59.7172,13.7172,2.8024,13.8249,14.2823,54.0239,0.0415,0.1569,0.0,0.0
PRF,45.996,-77.427,-4,2007,8,2,22,21.16,83.6,1.188,0.0,0.35,22.28,0.0,5.8714,20.6674,14.7959,13.3984,87.6163,47.0106,204.5929,3.2308,59.7172,10.336,1.6981,17.5767,17.7567,53.2716,0.0065,0.0247,0.0,0.0
PRF,45.996,-77.427,-4,2007,8,2,23,20.28,84.1,2.496,0.0,0.35,22.28,0.0,5.8714,20.6674,14.7959,14.9446,86.2141,47.0106,204.5929,2.8273,59.7172,9.2389,1.3923,19.3455,19.4138,52.5896,0.0033,0.0125,0.0,0.0
PRF,45.996,-77.427,-4,2007,8,3,0,20.96,80.9,2.532,0.0,0.35,22.85,0.0,5.8914,20.6454,14.754,15.8182,85.4335,47.0106,204.5929,2.5392,59.7172,8.4213,1.1816,19.3455,19.4138,52.8589,0.0035,0.0133,0.0,0.0
PRF,45.996,-77.427,-4,2007,8,3,1,19.42,90.5,2.892,0.0,0.35,22.85,0.0,5.8914,20.6454,14.754,17.5098,83.9457,47.0106,204.5929,2.1113,59.7172,7.1436,0.8831,21.8089,21.8347,51.9856,0.0,0.0,0.0,0.0
PRF,45.996,-77.427,-4,2007,8,3,2,19.8,88.1,1.908,0.0,0.35,22.85,0.0,5.8914,20.6454,14.754,18.4305,83.1487,47.0106,204.5929,1.81,59.7172,6.19,0.6853,21.9999,22.01,52.0041,0.0,0.0,0.0,0.0
PRF,45.996,-77.427,-4,2007,8,3,3,23.11,73.48,5.052,0.0,0.35,22.85,0.0,5.8914,20.6454,14.754,18.3254,83.2392,47.0106,204.5929,2.1456,59.7172,7.2491,0.9063,20.401,20.4062,52.2722,0.0,0.0,0.0,0.0
PRF,45.996,-77.427,-4,2007,8,3,4,19.25,99.8,1.416,2.2,0.35,22.85,0.0,5.8914,20.6454,14.754,64.4899,52.1226,41.2024,204.5929,0.2245,54.8098,0.4035,0.0055,248.9269,58.0018,37.066,0.0,0.0,2.2,0.0
PRF,45.996,-77.427,-4,2007,8,3,5,18.88,100.0,3.06,0.0,0.35,22.85,0.0,5.8914,20.6454,14.754,64.4899,52.1226,41.2024,204.5929,0.2439,54.8098,0.4384,0.0063,248.9269,58.0018,37.0632,0.0,0.0,2.2,1.0
PRF,45.996,-77.427,-4,2007,8,3,6,18.71,100.0,2.196,1.3,0.35,22.85,0.0,5.8914,20.6454,14.754,96.654,37.4043,33.8428,199.7291,0.023,47.5451,0.0373,0.0001,250.0,80.2875,29.03,0.0,0.0,3.5,0.0
PRF,45.996,-77.427,-4,2007,8,3,7,18.57,100.0,1.8,0.0,0.35,22.85,0.0,5.8914,20.6454,14.754,96.654,37.4043,33.8428,200.1951,0.0225,47.578,0.0365,0.0001,250.0,80.2875,29.0301,0.0,0.0,3.5,1.0
PRF,45.996,-77.427,-4,2007,8,3,8,20.34,99.5,2.052,0.0,0.35,22.85,0.0082,5.8914,20.6454,14.754,96.3828,37.5122,33.845,200.6877,0.0233,47.615,0.0379,0.0001,241.9944,79.632,29.2478,0.0,0.0,3.5,2.0
PRF,45.996,-77.427,-4,2007,8,3,9,23.02,84.7,5.76,0.0,0.35,22.85,0.2868,5.8914,20.6454,14.754,86.5601,41.5873,33.9232,201.2205,0.062,47.7299,0.101,0.0005,106.7082,58.1251,37.01,0.0,0.0,3.5,3.0
PRF,45.996,-77.427,-4,2007,8,3,10,25.07,76.12,9.11,0.0,0.35,22.85,0.4881,5.8914,20.6454,14.754,72.5838,48.0133,34.0561,201.7841,0.2008,47.901,0.3277,0.0038,35.8917,37.0599,45.6353,0.0,0.0,3.5,4.0
PRF,45.996,-77.427,-4,2007,8,3,11,26.09,55.21,11.62,0.0,0.35,22.85,0.6809,5.8914,20.6454,14.754,55.2285,57.2276,34.3156,202.3629,0.6042,48.1982,0.9905,0.0267,12.98,21.3407,51.2579,0.0808,0.3058,0.0,0.0
PRF,45.996,-77.427,-4,2007,8,3,12,27.32,40.1,16.27,0.0,0.35,22.85,0.7705,5.8914,20.6454,14.754,39.1859,67.2703,34.6789,202.9602,1.3001,48.5983,3.7812,0.2864,7.6419,13.7227,52.2083,0.4456,1.6861,0.0,0.0
PRF,45.996,-77.427,-4,2007,8,3,13,27.93,35.33,12.42,0.0,0.35,22.85,0.8049,5.8914,20.6454,14.754,28.5739,74.9205,35.0798,203.5667,1.4251,49.0348,4.2141,0.347,5.7686,11.2788,53.3308,0.4254,1.6096,0.0,0.0
PRF,45.996,-77.427,-4,2007,8,3,14,28.54,32.23,17.17,0.0,0.35,22.85,0.7967,5.8914,20.6454,14.754,20.8498,81.096,35.5092,204.1823,3.0414,49.498,8.7614,1.2674,5.7346,10.1385,52.499,0.6718,2.5421,0.0,0.0
PRF,45.996,-77.427,-4,2007,8,3,15,28.99,30.32,14.26,0.0,0.35,22.85,0.7471,5.8914,20.6454,14.754,15.9897,85.2812,35.9577,204.8046,4.4894,49.9785,12.1752,2.2691,5.3273,9.5564,53.188,0.5929,2.2434,0.0,0.0
PRF,45.996,-77.427,-4,2007,8,3,16,29.43,31.1,16.67,0.0,0.35,22.85,0.6598,5.8914,20.6454,14.754,12.9222,88.0536,36.4078,205.4336,7.5045,50.4592,18.1522,4.6012,5.3273,9.4584,52.6813,0.7021,2.6567,0.0,0.0
PRF,45.996,-77.427,-4,2007,8,3,17,29.43,30.76,10.84,0.0,0.35,22.85,0.541,5.8914,20.6454,14.754,11.1677,89.6874,36.8602,206.0625,7.073,50.9401,17.4608,4.2956,5.3273,9.3939,53.9258,0.4485,1.6969,0.0,0.0
PRF,45.996,-77.427,-4,2007,8,3,18,28.75,31.03,10.26,0.0,0.35,22.85,0.3989,5.8914,20.6454,14.754,10.1602,90.6422,37.3004,206.6813,7.8757,51.4069,18.992,4.9847,5.4446,9.3939,54.0451,0.4209,1.5928,0.0,0.0
PRF,45.996,-77.427,-4,2007,8,3,19,27.69,33.97,13.7,0.0,0.35,22.85,0.243,5.8914,20.6454,14.754,9.8027,90.9839,37.7063,207.2841,9.8345,51.8383,22.3848,6.6678,6.6707,9.3939,53.3269,0.5787,2.1898,0.0,0.0
PRF,45.996,-77.427,-4,2007,8,3,20,25.68,38.3,8.21,0.0,0.35,22.85,0.0845,5.8914,20.6454,14.754,9.8027,90.9839,38.0581,207.8568,7.4577,52.215,18.3972,4.7117,8.2507,9.6758,54.4153,0.3097,1.1719,0.0,0.0
PRF,45.996,-77.427,-4,2007,8,3,21,21.06,59.73,3.456,0.0,0.35,22.85,0.0,5.8914,20.6454,14.754,10.6961,90.1328,38.0581,207.8568,5.1968,52.215,14.0039,2.9069,11.8457,12.4279,54.733,0.0615,0.2329,0.0,0.0
PRF,45.996,-77.427,-4,2007,8,3,22,20.21,59.97,4.764,0.0,0.35,22.85,0.0,5.8914,20.6454,14.754,11.4388,89.4326,38.0581,207.8568,5.0206,52.215,13.6326,2.7719,13.4926,13.7265,54.2156,0.0692,0.2619,0.0,0.0
PRF,45.996,-77.427,-4,2007,8,3,23,21.95,49.63,9.34,0.0,0.35,22.85,0.0,5.8914,20.6454,14.754,11.4816,89.3925,38.0581,207.8568,6.2863,52.215,16.1986,3.7614,13.4926,13.7265,53.4655,0.2225,0.8417,0.0,0.0
PRF,45.996,-77.427,-4,2007,8,4,0,19.73,59.36,5.772,0.0,0.35,23.42,0.0,5.9115,20.623,14.7115,12.0354,88.8749,38.0581,207.8568,4.8756,52.215,13.3236,2.6616,14.1734,14.2667,54.2084,0.1039,0.393,0.0,0.0
PRF,45.996,-77.427,-4,2007,8,4,1,17.86,69.6,5.664,0.0,0.35,23.42,0.0,5.9115,20.623,14.7115,13.0164,87.9669,38.0581,207.8568,4.2566,52.215,11.9627,2.1995,15.9121,15.9494,53.797,0.0705,0.2668,0.0,0.0
PRF,45.996,-77.427,-4,2007,8,4,2,18.81,61.74,3.132,0.0,0.35,23.42,0.0,5.9115,20.623,14.7115,13.3203,87.6878,38.0581,207.8568,3.5999,52.215,10.4352,1.7271,15.9121,15.9494,54.1442,0.0317,0.12,0.0,0.0
PRF,45.996,-77.427,-4,2007,8,4,3,16.83,68.4,4.464,0.0,0.35,23.42,0.0,5.9115,20.623,14.7115,13.9342,87.1273,38.0581,207.8568,3.5536,52.215,10.3238,1.6946,16.5865,16.6024,53.7812,0.0372,0.1408,0.0,0.0
PRF,45.996,-77.427,-4,2007,8,4,4,15.54,71.03,4.164,0.0,0.35,23.42,0.0,5.9115,20.623,14.7115,14.564,86.5567,38.0581,207.8568,3.2277,52.215,9.5241,1.4692,17.3777,17.3848,53.5918,0.0268,0.1014,0.0,0.0
PRF,45.996,-77.427,-4,2007,8,4,5,13.54,78.82,5.436,0.0,0.35,23.42,0.0,5.9115,20.623,14.7115,15.5476,85.6744,38.0581,207.8568,3.0396,52.215,9.0494,1.3421,19.1416,19.1447,52.9046,0.0135,0.051,0.0,0.0
PRF,45.996,-77.427,-4,2007,8,4,6,11.8,84.9,5.16,0.0,0.35,23.42,0.0,5.9115,20.623,14.7115,16.7574,84.6036,38.0976,208.2213,2.5861,52.281,7.866,1.0473,21.235,21.2364,52.2561,0.0,0.0,0.0,0.0
PRF,45.996,-77.427,-4,2007,8,4,7,13.57,82.3,4.092,0.0,0.35,23.42,0.0709,5.9115,20.623,14.7115,17.478,83.9734,38.1509,208.6124,2.2512,52.362,6.9469,0.8405,21.235,21.445,52.2862,0.0,0.0,0.0,0.0
PRF,45.996,-77.427,-4,2007,8,4,8,16.63,67.58,7.02,0.0,0.35,23.42,0.2333,5.9115,20.623,14.7115,17.478,83.9734,38.2706,209.0493,2.6091,52.5091,7.9501,1.0671,18.2062,20.3451,52.3522,0.0,0.0,0.0,0.0
PRF,45.996,-77.427,-4,2007,8,4,9,18.39,61.26,6.3,0.0,0.35,23.42,0.3892,5.9115,20.623,14.7115,17.2156,84.2023,38.4288,209.5127,2.5944,52.6945,7.9279,1.0619,14.7458,18.8338,52.8979,0.0248,0.0939,0.0,0.0
PRF,45.996,-77.427,-4,2007,8,4,10,19.85,53.4,7.2,0.0,0.35,23.42,0.543,5.9115,20.623,14.7115,16.5729,84.7659,38.6341,209.9979,2.9302,52.9258,8.842,1.2881,11.5651,17.0128,53.2981,0.079,0.2989,0.0,0.0
PRF,45.996,-77.427,-4,2007,8,4,11,20.6,46.48,8.36,0.0,0.35,23.42,0.6637,5.9115,20.623,14.7115,15.6567,85.5772,38.8789,210.4944,3.4747,53.1947,10.2457,1.672,9.3412,15.3613,53.5434,0.1511,0.5719,0.0,0.0
PRF,45.996,-77.427,-4,2007,8,4,12,20.46,49.58,11.27,0.0,0.35,23.42,0.7215,5.9115,20.623,14.7115,15.1096,86.066,39.1079,210.9888,4.3085,53.4484,12.2422,2.2913,9.1998,15.0618,53.1388,0.2783,1.053,0.0,0.0
PRF,45.996,-77.427,-4,2007,8,4,13,22.58,42.56,7.656,0.0,0.35,23.42,0.7816,5.9115,20.623,14.7115,14.2169,86.8706,39.3958,211.515,4.024,53.7593,11.6273,2.0915,7.2912,13.8378,54.0044,0.1783,0.6745,0.0,0.0
PRF,45.996,-77.427,-4,2007,8,4,14,22.85,40.68,12.66,0.0,0.35,23.42,0.7761,5.9115,20.623,14.7115,13.3685,87.6436,39.6968,212.0453,5.7818,54.082,15.497,3.4778,7.2912,13.1181,53.2629,0.3849,1.4565,0.0,0.0
PRF,45.996,-77.427,-4,2007,8,4,15,23.94,36.28,9.41,0.0,0.35,23.42,0.7351,5.9115,20.623,14.7115,12.446,88.4935,40.0354,212.5919,5.5444,54.4403,15.0637,3.3076,6.6368,12.1817,54.033,0.296,1.1198,0.0,0.0
PRF,45.996,-77.427,-4,2007,8,4,16,23.36,36.86,12.72,0.0,0.35,23.42,0.6466,5.9115,20.623,14.7115,11.8507,89.0472,40.3628,213.1298,7.0929,54.7867,18.1861,4.6164,6.6368,12.0764,53.4249,0.4239,1.6041,0.0,0.0
PRF,45.996,-77.427,-4,2007,8,4,17,24.01,34.51,11.82,0.0,0.35,23.42,0.5323,5.9115,20.623,14.7115,11.2445,89.6152,40.7119,213.6774,7.3544,55.1531,18.7427,4.8695,6.6368,11.6318,53.6713,0.4103,1.5526,0.0,0.0
PRF,45.996,-77.427,-4,2007,8,4,18,23.87,36.32,8.68,0.0,0.35,23.42,0.3909,5.9115,20.623,14.7115,10.9722,89.8718,41.0494,214.223,6.5135,55.5078,17.1922,4.1793,6.9957,11.6318,54.2696,0.2851,1.0789,0.0,0.0
PRF,45.996,-77.427,-4,2007,8,4,19,22.64,39.93,8.68,0.0,0.35,23.42,0.2348,5.9115,20.623,14.7115,10.9722,89.8718,41.3513,214.7501,6.5135,55.8277,17.2453,4.2022,8.2464,11.6318,54.2696,0.2851,1.0789,0.0,0.0
PRF,45.996,-77.427,-4,2007,8,4,20,20.57,46.62,3.192,0.0,0.35,23.42,0.0775,5.9115,20.623,14.7115,11.038,89.8097,41.595,215.2461,4.8961,56.0916,13.915,2.8743,10.0309,12.0518,55.1485,0.0634,0.2399,0.0,0.0
PRF,45.996,-77.427,-4,2007,8,4,21,14.48,78.7,1.896,0.0,0.35,23.42,0.0,5.9115,20.623,14.7115,12.6029,88.3483,41.595,215.2461,3.7185,56.0916,11.1791,1.951,15.3941,16.3543,54.1837,0.018,0.0679,0.0,0.0
PRF,45.996,-77.427,-4,2007,8,4,22,11.73,88.2,3.108,0.0,0.35,23.42,0.0,5.9115,20.623,14.7115,14.6053,86.5194,41.595,215.2461,3.0443,56.0916,9.4673,1.4537,20.0597,20.5193,52.6994,0.0,0.0,0.0,0.0
PRF,45.996,-77.427,-4,2007,8,4,23,10.4,92.6,1.296,0.0,0.35,23.42,0.0,5.9115,20.623,14.7115,16.509,84.8222,41.595,215.2461,2.193,56.0916,7.0962,0.8727,23.2838,23.523,51.7482,0.0,0.0,0.0,0.0
PRF,45.996,-77.427,-4,2007,8,5,0,9.99,96.3,2.688,0.0,0.35,23.99,0.0,5.9317,20.6002,14.6685,18.6783,82.9357,41.595,215.2461,1.8318,56.0916,5.9966,0.6478,26.1417,26.2613,50.8446,0.0,0.0,0.0,0.0
PRF,45.996,-77.427,-4,2007,8,5,1,9.25,97.0,3.684,0.0,0.35,23.99,0.0,5.9317,20.6002,14.6685,20.5977,81.3072,41.595,215.2461,1.5793,56.0916,5.1843,0.5007,27.9035,27.9629,50.1019,0.0,0.0,0.0,0.0
PRF,45.996,-77.427,-4,2007,8,5,2,8.73,99.3,3.192,0.0,0.35,23.99,0.0,5.9317,20.6002,14.6685,22.5386,79.6979,41.595,215.2461,1.2936,56.0916,4.2115,0.3466,29.5955,29.6258,49.4387,0.0,0.0,0.0,0.0
PRF,45.996,-77.427,-4,2007,8,5,3,8.23,99.9,1.068,0.0,0.35,23.99,0.0,5.9317,20.6002,14.6685,24.088,78.4393,41.595,215.2461,1.0316,56.0916,3.2547,0.2196,30.6448,30.6614,49.0818,0.0,0.0,0.0,0.0
PRF,45.996,-77.427,-4,2007,8,5,4,7.244,99.9,2.7,0.0,0.35,23.99,0.0,5.9317,20.6002,14.6685,25.4698,77.3359,41.595,215.2461,1.0224,56.0916,3.2196,0.2155,31.364,31.3729,48.7197,0.0,0.0,0.0,0.0
PRF,45.996,-77.427,-4,2007,8,5,5,6.663,99.6,2.712,0.0,0.35,23.99,0.0,5.9317,20.6002,14.6685,26.5556,76.4812,41.595,215.2461,0.9614,56.0916,2.9845,0.1884,31.7127,31.7175,48.5721,0.0,0.0,0.0,0.0
PRF,45.996,-77.427,-4,2007,8,5,6,6.083,99.8,2.532,0.0,0.35,23.99,0.0,5.9317,20.6002,14.6685,27.4902,75.754,41.5953,215.5249,0.9087,56.1155,2.7782,0.166,32.0337,32.0363,48.4415,0.0,0.0,0.0,0.0
PRF,45.996,-77.427,-4,2007,8,5,7,7.96,99.6,2.364,0.0,0.35,23.99,0.0014,5.9317,20.6002,14.6685,28.2208,75.191,41.596,215.8318,0.8716,56.1422,2.6302,0.1506,32.0337,32.0363,48.447,0.0,0.0,0.0,0.0
PRF,45.996,-77.427,-4,2007,8,5,8,12.65,87.7,2.376,0.0,0.35,23.99,0.1022,5.9317,20.6002,14.6685,27.9783,75.3773,41.6306,216.209,0.8815,56.2055,2.6732,0.155,29.1821,30.9676,48.9041,0.0,0.0,0.0,0.0
PRF,45.996,-77.427,-4,2007,8,5,9,16.8,73.03,2.1,0.0,0.35,23.99,0.3147,5.9317,20.6002,14.6685,26.8525,76.2493,41.7312,216.6485,0.9177,56.3343,2.8243,0.1709,21.5796,27.1351,50.5224,0.0,0.0,0.0,0.0
PRF,45.996,-77.427,-4,2007,8,5,10,18.86,63.02,5.16,0.0,0.35,23.99,0.4952,5.9317,20.6002,14.6685,24.9193,77.7734,41.886,217.1189,1.1981,56.5151,3.8946,0.3018,14.8827,22.3982,52.1255,0.0,0.0,0.0,0.0
PRF,45.996,-77.427,-4,2007,8,5,11,21.86,49.38,9.29,0.0,0.35,23.99,0.6642,5.9317,20.6002,14.6685,21.8894,80.232,42.1316,217.6343,1.8591,56.7822,6.1333,0.6742,10.1036,17.3622,53.1879,0.1038,0.3928,0.0,0.0
PRF,45.996,-77.427,-4,2007,8,5,12,23.43,39.9,10.16,0.0,0.35,23.99,0.756,5.9317,20.6002,14.6685,18.7194,82.9005,42.4442,218.1733,2.6574,57.1117,8.5189,1.206,7.5109,14.0195,53.8207,0.2919,1.1045,0.0,0.0
PRF,45.996,-77.427,-4,2007,8,5,13,24.25,38.77,9.59,0.0,0.35,23.99,0.7912,5.9317,20.6002,14.6685,16.3216,84.9875,42.7739,218.7245,3.4072,57.457,10.5544,1.7622,6.5601,12.6871,54.1855,0.3089,1.169,0.0,0.0
PRF,45.996,-77.427,-4,2007,8,5,14,25.1,37.61,8.94,0.0,0.35,23.99,0.785,5.9317,20.6002,14.6685,14.4921,86.6216,43.1215,219.2885,4.1439,57.8189,12.4156,2.349,6.0904,11.9847,54.4377,0.3014,1.1403,0.0,0.0
PRF,45.996,-77.427,-4,2007,8,5,15,25.23,36.97,12.19,0.0,0.35,23.99,0.7357,5.9317,20.6002,14.6685,13.1005,87.8895,43.4746,219.8545,5.8488,58.185,16.2689,3.7903,6.0904,11.6692,53.872,0.447,1.6914,0.0,0.0
PRF,45.996,-77.427,-4,2007,8,5,16,25.75,34.89,9.42,0.0,0.35,23.99,0.6507,5.9317,20.6002,14.6685,12.0116,88.8971,43.8468,220.4282,5.8782,58.5681,16.3888,3.8399,6.0904,11.2291,54.4836,0.3488,1.3199,0.0,0.0
PRF,45.996,-77.427,-4,2007,8,5,17,26.05,35.7,12.91,0.0,0.35,23.99,0.5324,5.9317,20.6002,14.6685,11.2673,89.5938,44.2186,221.0065,7.7458,58.9505,20.1572,5.5387,6.1444,11.1491,53.8089,0.503,1.9032,0.0,0.0
PRF,45.996,-77.427,-4,2007,8,5,18,25.61,40.34,9.44,0.0,0.35,23.99,0.389,5.9317,20.6002,14.6685,11.129,89.7239,44.5578,221.5781,6.6258,59.3024,18.0392,4.5507,6.9222,11.1491,54.4936,0.3528,1.3348,0.0,0.0
PRF,45.996,-77.427,-4,2007,8,5,19,24.76,43.44,7.008,0.0,0.35,23.99,0.2332,5.9317,20.6002,14.6685,11.129,89.7239,44.8687,222.137,5.8616,59.6275,16.5142,3.8921,8.1425,11.1491,54.9539,0.236,0.893,0.0,0.0
PRF,45.996,-77.427,-4,2007,8,5,20,22.27,52.52,6.6,0.0,0.35,23.99,0.0742,5.9317,20.6002,14.6685,11.3677,89.4994,45.1034,222.6586,5.5602,59.8817,15.9069,3.6423,10.5966,12.2046,54.8172,0.1906,0.7213,0.0,0.0
PRF,45.996,-77.427,-4,2007,8,5,21,19.9,58.57,7.584,0.0,0.35,23.99,0.0,5.9317,20.6002,14.6685,11.9291,88.974,45.1034,222.6586,5.4183,59.8817,15.5981,3.5181,12.9794,13.5921,54.3512,0.1935,0.732,0.0,0.0
PRF,45.996,-77.427,-4,2007,8,5,22,19.36,61.67,7.656,0.0,0.35,23.99,0.0,5.9317,20.6002,14.6685,12.5221,88.423,45.1034,222.6586,5.0243,59.8817,14.7238,3.1766,14.3102,14.5426,54.1251,0.1669,0.6317,0.0,0.0
PRF,45.996,-77.427,-4,2007,8,5,23,17.31,71.26,6.444,0.0,0.35,23.99,0.0,5.9317,20.6002,14.6685,13.5039,87.5197,45.1034,222.6586,4.1527,59.8817,12.6897,2.4416,16.2872,16.3792,53.8506,0.085,0.3217,0.0,0.0
PRF,45.996,-77.427,-4,2007,8,6,0,16.83,76.62,6.372,0.0,0.35,24.56,0.0,5.952,20.5769,14.6249,14.5813,86.5411,45.1034,222.6586,3.5996,59.8817,11.3143,1.9929,17.9538,17.99,53.6893,0.0489,0.185,0.0,0.0
PRF,45.996,-77.427,-4,2007,8,6,1,17.17,74.5,8.42,0.0,0.35,24.56,0.0,5.952,20.5769,14.6249,15.2844,85.9094,45.1034,222.6586,3.651,59.8817,11.4451,2.0339,18.2264,18.2399,53.3498,0.0646,0.2445,0.0,0.0
PRF,45.996,-77.427,-4,2007,8,6,2,17.41,71.64,6.744,0.0,0.35,24.56,0.0,5.952,20.5769,14.6249,15.6206,85.6094,45.1034,222.6586,3.2174,59.8817,10.3176,1.6928,18.2264,18.2399,53.5689,0.047,0.1779,0.0,0.0
PRF,45.996,-77.427,-4,2007,8,6,3,16.93,76.55,4.404,0.0,0.35,24.56,0.0,5.952,20.5769,14.6249,16.1522,85.1373,45.1034,222.6586,2.6783,59.8817,8.8351,1.2864,18.6739,18.6794,53.7205,0.0159,0.0603,0.0,0.0
PRF,45.996,-77.427,-4,2007,8,6,4,15.26,92.4,3.408,0.2,0.35,24.56,0.0,5.952,20.5769,14.6249,18.0048,83.5161,45.1034,222.6586,2.0475,59.8817,6.9584,0.843,68.1573,23.983,51.9557,0.0,0.0,0.2,0.0
PRF,45.996,-77.427,-4,2007,8,6,5,14.99,94.7,1.644,0.1,0.35,24.56,0.0,5.952,20.5769,14.6249,19.6806,82.0806,45.1034,222.6586,1.5622,59.8817,5.3758,0.5339,90.0178,26.2427,51.1753,0.0,0.0,0.3,0.0
PRF,45.996,-77.427,-4,2007,8,6,6,14.85,95.5,2.892,0.0,0.35,24.56,0.0,5.952,20.5769,14.6249,21.2067,80.7982,45.1183,223.0688,1.4323,59.9318,4.9289,0.4579,84.1377,26.785,50.8845,0.0,0.0,0.3,1.0
PRF,45.996,-77.427,-4,2007,8,6,7,14.85,96.5,3.024,0.0,0.35,24.56,0.0184,5.952,20.5769,14.6249,22.5859,79.6591,45.1298,223.4791,1.2777,59.979,4.3777,0.3712,77.806,27.3692,50.6393,0.0,0.0,0.3,2.0
PRF,45.996,-77.427,-4,2007,8,6,8,16.08,90.8,5.352,0.0,0.35,24.56,0.0959,5.952,20.5769,14.6249,22.7621,79.5149,45.1627,223.9078,1.4161,60.0465,4.8789,0.4497,59.4722,27.3692,50.5086,0.0,0.0,0.3,3.0
PRF,45.996,-77.427,-4,2007,8,6,9,17.55,86.8,7.356,0.0,0.35,24.56,0.2038,5.952,20.5769,14.6249,22.7621,79.5149,45.2141,224.3585,1.5666,60.1325,5.4072,0.5394,39.9634,26.5854,50.6849,0.0,0.0,0.3,4.0
PRF,45.996,-77.427,-4,2007,8,6,10,19.44,79.63,5.232,0.0,0.35,24.56,0.3785,5.952,20.5769,14.6249,22.4055,79.807,45.302,224.8376,1.4496,60.2533,5.0094,0.4712,24.5496,24.5923,51.5894,0.0,0.0,0.0,0.0
PRF,45.996,-77.427,-4,2007,8,6,11,21.86,71.89,7.428,0.0,0.35,24.56,0.5619,5.952,20.5769,14.6249,21.5059,80.5495,45.4384,225.353,1.7514,60.4202,6.0476,0.6576,15.1013,21.5544,52.4637,0.0,0.0,0.0,0.0
PRF,45.996,-77.427,-4,2007,8,6,12,23.6,69.5,8.4,0.0,0.35,24.56,0.6622,5.952,20.5769,14.6249,20.5,81.3892,45.5982,225.8945,2.0221,60.6101,6.9348,0.8379,11.335,19.3528,53.0355,0.0235,0.0891,0.0,0.0
PRF,45.996,-77.427,-4,2007,8,6,13,24.25,66.97,7.656,0.0,0.35,24.56,0.7142,5.952,20.5769,14.6249,19.5338,82.2052,45.776,226.4458,2.1474,60.8168,7.342,0.927,9.7209,17.9461,53.5337,0.0663,0.251,0.0,0.0
PRF,45.996,-77.427,-4,2007,8,6,14,26.12,63.12,6.06,0.0,0.35,24.56,0.7422,5.952,20.5769,14.6249,18.4673,83.117,45.9899,227.0251,2.2221,61.0577,7.5913,0.9834,8.2618,16.5655,54.1334,0.0765,0.2893,0.0,0.0
PRF,45.996,-77.427,-4,2007,8,6,15,26.67,60.9,4.848,0.0,0.35,24.56,0.7056,5.952,20.5769,14.6249,17.5236,83.9337,46.2214,227.6126,2.3263,61.3147,7.9294,1.0622,7.7974,15.6808,54.5456,0.0573,0.2168,0.0,0.0
PRF,45.996,-77.427,-4,2007,8,6,16,28.82,46.1,10.93,0.0,0.35,24.56,0.648,5.952,20.5769,14.6249,15.445,85.7659,46.5662,228.2324,4.0608,61.6741,12.6797,2.4382,7.2833,12.9819,54.1655,0.3707,1.4028,0.0,0.0
PRF,45.996,-77.427,-4,2007,8,6,17,27.86,50.09,9.31,0.0,0.35,24.56,0.5256,5.952,20.5769,14.6249,14.4675,86.6438,46.8749,228.8378,4.2352,61.9999,13.1476,2.5997,7.2833,12.9789,54.4608,0.2934,1.1101,0.0,0.0
PRF,45.996,-77.427,-4,2007,8,6,18,28.2,49.04,12.53,0.0,0.35,24.56,0.386,5.952,20.5769,14.6249,13.6576,87.3793,47.194,229.4483,5.531,62.3347,16.1963,3.7604,7.7544,12.7846,53.901,0.4388,1.6604,0.0,0.0
PRF,45.996,-77.427,-4,2007,8,6,19,27.21,53.4,6.312,0.0,0.35,24.56,0.2292,5.952,20.5769,14.6249,13.4853,87.5367,47.4754,230.044,4.1352,62.635,12.978,2.5407,8.8895,12.7846,55.0276,0.173,0.6547,0.0,0.0
PRF,45.996,-77.427,-4,2007,8,6,20,24.72,66.43,3.024,0.0,0.35,24.56,0.0681,5.952,20.5769,14.6249,13.6942,87.3459,47.6597,230.6023,3.4096,62.8471,11.1393,1.9387,11.901,13.9466,55.2766,0.0513,0.1941,0.0,0.0
PRF,45.996,-77.427,-4,2007,8,6,21,21.53,83.0,2.28,0.0,0.35,24.56,0.0,5.952,20.5769,14.6249,15.0506,86.1188,47.6597,230.6023,2.7594,62.8471,9.3401,1.4194,16.8332,17.5858,54.315,0.0157,0.0595,0.0,0.0
PRF,45.996,-77.427,-4,2007,8,6,22,20.1,85.0,4.296,0.0,0.35,24.56,0.0,5.952,20.5769,14.6249,16.3404,84.9709,47.6597,230.6023,2.6034,62.8471,8.8866,1.2997,19.3868,19.6556,53.4179,0.004,0.0152,0.0,0.0
PRF,45.996,-77.427,-4,2007,8,6,23,18.78,83.9,3.66,0.0,0.35,24.56,0.0,5.952,20.5769,14.6249,17.1917,84.2231,47.6597,230.6023,2.2776,62.8471,7.9068,1.0569,20.2336,20.3368,53.2554,0.0,0.0,0.0,0.0
PRF,45.996,-77.427,-4,2007,8,7,0,18.54,86.4,2.112,0.0,0.35,25.13,0.0,5.9724,20.5532,14.5808,18.0341,83.4908,47.6597,230.6023,1.9117,62.8471,6.7464,0.798,21.143,21.1849,53.3774,0.0,0.0,0.0,0.0
PRF,45.996,-77.427,-4,2007,8,7,1,16.83,90.7,3.96,0.0,0.35,25.13,0.0,5.9724,20.5532,14.5808,19.2516,82.4453,47.6597,230.6023,1.8361,62.8471,6.4977,0.7467,22.9201,22.9368,52.5753,0.0,0.0,0.0,0.0
PRF,45.996,-77.427,-4,2007,8,7,2,16.97,90.4,3.948,0.0,0.35,25.13,0.0,5.9724,20.5532,14.5808,20.1361,81.6954,47.6597,230.6023,1.675,62.8471,5.9556,0.64,23.5216,23.5282,52.3559,0.0,0.0,0.0,0.0
PRF,45.996,-77.427,-4,2007,8,7,3,16.35,88.6,1.944,0.0,0.35,25.13,0.0,5.9724,20.5532,14.5808,20.5752,81.3261,47.6597,230.6023,1.4499,62.8471,5.1679,0.4979,23.5216,23.5282,52.5075,0.0,0.0,0.0,0.0
PRF,45.996,-77.427,-4,2007,8,7,4,19.01,73.48,6.108,0.0,0.35,25.13,0.0,5.9724,20.5532,14.5808,20.2527,81.5972,47.6597,230.6023,1.846,62.8471,6.5305,0.7534,21.8543,21.8579,52.7666,0.0,0.0,0.0,0.0
PRF,45.996,-77.427,-4,2007,8,7,5,17.99,75.18,4.224,0.0,0.35,25.13,0.0,5.9724,20.5532,14.5808,20.1032,81.7232,47.6597,230.6023,1.7041,62.8471,6.0546,0.659,21.3227,21.3249,53.1328,0.0,0.0,0.0,0.0
PRF,45.996,-77.427,-4,2007,8,7,6,16.63,81.7,3.324,0.0,0.35,25.13,0.0,5.9724,20.5532,14.5808,20.1032,81.7232,47.7272,231.0392,1.6286,62.9464,5.8024,0.6112,21.3227,21.3249,53.217,0.0,0.0,0.0,0.0
PRF,45.996,-77.427,-4,2007,8,7,7,16.73,81.5,4.56,0.0,0.35,25.13,0.0796,5.9724,20.5532,14.5808,20.1032,81.7232,47.7959,231.4777,1.7332,63.0468,6.1668,0.6807,21.0316,21.3249,53.1006,0.0,0.0,0.0,0.0
PRF,45.996,-77.427,-4,2007,8,7,8,17.41,79.99,5.448,0.0,0.35,25.13,0.1793,5.9724,20.5532,14.5808,20.1032,81.7232,47.8733,231.9263,1.8125,63.1557,6.4408,0.7352,19.6365,21.3249,53.0139,0.0,0.0,0.0,0.0
PRF,45.996,-77.427,-4,2007,8,7,9,19.49,71.39,1.956,0.0,0.35,25.13,0.3487,5.9724,20.5532,14.5808,19.8119,81.9694,47.9971,232.4062,1.5657,63.3079,5.6067,0.5751,16.1292,20.4663,53.6513,0.0,0.0,0.0,0.0
PRF,45.996,-77.427,-4,2007,8,7,10,19.71,70.35,3.996,0.0,0.35,25.13,0.4599,5.9724,20.5532,14.5808,19.477,82.2535,48.1268,232.8893,1.7963,63.4656,6.4082,0.7286,13.7418,19.7471,53.6962,0.0029,0.0109,0.0,0.0
PRF,45.996,-77.427,-4,2007,8,7,11,21.55,65.2,4.524,0.0,0.35,25.13,0.6006,5.9724,20.5532,14.5808,18.8751,82.7671,48.2933,233.4001,1.9668,63.6577,6.9854,0.8488,11.13,18.4913,54.044,0.0198,0.0748,0.0,0.0
PRF,45.996,-77.427,-4,2007,8,7,12,23.46,58.45,5.844,0.0,0.35,25.13,0.7142,5.9724,20.5532,14.5808,17.9009,83.6061,48.5097,233.9395,2.3424,63.8958,8.1916,1.1252,8.9083,16.7582,54.3904,0.0712,0.2693,0.0,0.0
PRF,45.996,-77.427,-4,2007,8,7,13,23.77,58.82,8.98,0.0,0.35,25.13,0.7451,5.9724,20.5532,14.5808,17.0899,84.3122,48.727,234.4835,3.0138,64.135,10.1852,1.6545,8.7454,15.9875,54.1333,0.1694,0.6411,0.0,0.0
PRF,45.996,-77.427,-4,2007,8,7,14,24.62,57.15,7.512,0.0,0.35,25.13,0.7482,5.9724,20.5532,14.5808,16.3573,84.9561,48.9612,235.0403,3.0552,64.3898,10.3263,1.6953,8.1579,15.3725,54.5115,0.1541,0.583,0.0,0.0
PRF,45.996,-77.427,-4,2007,8,7,15,25.41,56.88,11.58,0.0,0.35,25.13,0.7059,5.9724,20.5532,14.5808,15.6932,85.5447,49.2044,235.609,4.0684,64.6534,13.0479,2.5649,8.1579,14.9519,53.9416,0.3434,1.2995,0.0,0.0
PRF,45.996,-77.427,-4,2007,8,7,16,26.12,57.66,12.88,0.0,0.35,25.13,0.6237,5.9724,20.5532,14.5808,15.206,85.9796,49.45,236.1883,4.6162,64.9198,14.4322,3.0661,8.1579,14.7707,53.751,0.3933,1.488,0.0,0.0
PRF,45.996,-77.427,-4,2007,8,7,17,25.78,60.66,8.45,0.0,0.35,25.13,0.5016,5.9724,20.5532,14.5808,15.0671,86.1041,49.6751,236.7625,3.7578,65.168,12.3079,2.3131,8.3481,14.7707,54.506,0.2044,0.7734,0.0,0.0
PRF,45.996,-77.427,-4,2007,8,7,18,25.58,63.9,8.41,0.0,0.35,25.13,0.3598,5.9724,20.5532,14.5808,15.0671,86.1041,49.8801,237.3337,3.7503,65.3984,12.3134,2.3149,9.5615,14.7707,54.5125,0.2031,0.7686,0.0,0.0
PRF,45.996,-77.427,-4,2007,8,7,19,25.06,68.75,6.348,0.0,0.35,25.13,0.2058,5.9724,20.5532,14.5808,15.0671,86.1041,50.054,237.8971,3.3802,65.6013,11.3459,2.0028,11.3817,14.8925,54.8111,0.1308,0.4948,0.0,0.0
PRF,45.996,-77.427,-4,2007,8,7,20,23.43,76.93,6.156,0.0,0.35,25.13,0.0555,5.9724,20.5532,14.5808,15.593,85.6339,50.174,238.436,3.1342,65.7556,10.681,1.7997,14.7357,16.5873,54.3945,0.0827,0.3129,0.0,0.0
PRF,45.996,-77.427,-4,2007,8,7,21,22.07,83.4,5.304,0.0,0.35,25.13,0.0,5.9724,20.5532,14.5808,16.5692,84.7692,50.174,238.436,2.6644,65.7556,9.3237,1.4149,18.0973,18.6942,53.8879,0.0229,0.0868,0.0,0.0
PRF,45.996,-77.427,-4,2007,8,7,22,21.53,87.3,5.664,0.0,0.35,25.13,0.0,5.9724,20.5532,14.5808,17.7287,83.7554,50.174,238.436,2.3673,65.7556,8.4209,1.1816,20.2843,20.4762,53.2766,0.0,0.0,0.0,0.0
PRF,45.996,-77.427,-4,2007,8,7,23,20.68,90.7,7.548,0.0,0.35,25.13,0.0,5.9724,20.5532,14.5808,19.099,82.5756,50.174,238.436,2.236,65.7556,8.0094,1.0813,22.1879,22.2481,52.4925,0.0,0.0,0.0,0.0
PRF,45.996,-77.427,-4,2007,8,8,0,20.14,93.6,5.652,0.0,0.35,25.7,0.0,5.9928,20.529,14.5363,20.5428,81.3532,50.174,238.436,1.7533,65.7556,6.4178,0.7305,23.8512,23.8713,52.3615,0.0,0.0,0.0,0.0
PRF,45.996,-77.427,-4,2007,8,8,1,20.07,93.6,5.688,0.0,0.35,25.7,0.0,5.9928,20.529,14.5363,21.5877,80.4817,50.174,238.436,1.5926,65.7556,5.856,0.6212,24.4198,24.4266,52.1522,0.0,0.0,0.0,0.0
PRF,45.996,-77.427,-4,2007,8,8,2,19.66,96.1,6.66,0.0,0.35,25.7,0.0,5.9928,20.529,14.5363,22.8964,79.4052,50.174,238.436,1.4963,65.7556,5.5103,0.5578,25.6559,25.6582,51.6145,0.0,0.0,0.0,0.0
PRF,45.996,-77.427,-4,2007,8,8,3,19.42,97.4,2.88,0.0,0.35,25.7,0.0,5.9928,20.529,14.5363,24.05,78.4698,50.174,238.436,1.1333,65.7556,4.1345,0.3355,26.5972,26.598,51.4898,0.0,0.0,0.0,0.0
PRF,45.996,-77.427,-4,2007,8,8,4,19.42,98.4,6.948,1.0,0.35,25.7,0.0,5.9928,20.529,14.5363,37.6044,68.3547,50.174,238.436,0.8422,65.7556,2.921,0.1814,237.0859,43.0842,44.2887,0.0,0.0,1.0,0.0
PRF,45.996,-77.427,-4,2007,8,8,5,19.29,99.9,3.288,1.1,0.35,25.7,0.0,5.9928,20.529,14.5363,66.7784,50.9292,44.5861,238.436,0.2158,60.7653,0.4178,0.0058,249.3267,61.8552,36.5596,0.0,0.0,2.1,0.0
PRF,45.996,-77.427,-4,2007,8,8,6,19.05,100.0,2.544,4.8,0.35,25.7,0.0,5.9928,20.529,14.5363,157.3422,18.0984,27.0973,223.2939,0.0001,41.5799,0.0001,0.0,250.0,144.1409,12.4992,0.0,0.0,6.9,0.0
PRF,45.996,-77.427,-4,2007,8,8,7,18.91,100.0,1.572,0.0,0.35,25.7,0.0,5.9928,20.529,14.5363,157.3422,18.0984,27.0973,223.765,0.0001,41.6003,0.0001,0.0,250.0,144.1409,12.4992,0.0,0.0,6.9,1.0
PRF,45.996,-77.427,-4,2007,8,8,8,19.76,99.6,2.724,0.0,0.35,25.7,0.0061,5.9928,20.529,14.5363,156.8974,18.2119,27.099,224.2489,0.0001,41.6233,0.0001,0.0,243.5627,142.8276,12.7883,0.0,0.0,6.9,2.0
PRF,45.996,-77.427,-4,2007,8,8,9,21.25,91.8,6.336,0.0,0.35,25.7,0.1672,5.9928,20.529,14.5363,146.3525,21.0027,27.1377,224.7552,0.0003,41.6907,0.0004,0.0,141.7979,114.4186,19.6662,0.0,0.0,6.9,3.0
PRF,45.996,-77.427,-4,2007,8,8,10,22.2,87.5,12.59,0.0,0.35,25.7,0.3075,5.9928,20.529,14.5363,129.267,25.9764,27.1993,225.2757,0.002,41.7858,0.0029,0.0,64.5605,78.8291,30.3745,0.0,0.0,6.9,4.0
PRF,45.996,-77.427,-4,2007,8,8,11,22.95,80.7,8.63,0.0,0.35,25.7,0.4842,5.9928,20.529,14.5363,110.9807,32.0286,27.2976,225.8074,0.0091,41.9247,0.0135,0.0,28.1859,52.1962,40.4201,0.0,0.0,0.0,0.0
PRF,45.996,-77.427,-4,2007,8,8,12,24.79,66.91,13.04,0.0,0.35,25.7,0.6884,5.9928,20.529,14.5363,86.6108,41.5654,27.4797,226.3668,0.0892,42.1634,0.133,0.0008,13.6595,29.8064,49.607,0.0,0.0,0.0,0.0
PRF,45.996,-77.427,-4,2007,8,8,13,25.27,61.21,11.17,0.0,0.35,25.7,0.7474,5.9928,20.529,14.5363,67.3092,50.6561,27.6974,226.9333,0.3109,42.4439,0.466,0.007,9.728,20.5078,52.9012,0.1344,0.5087,0.0,0.0
PRF,45.996,-77.427,-4,2007,8,8,14,23.5,65.51,15.02,0.0,0.35,25.7,0.7011,5.9928,20.529,14.5363,54.0182,57.9294,27.8773,227.4733,0.7565,42.6787,1.525,0.0574,9.728,18.1625,52.9546,0.3086,1.1677,0.0,0.0
PRF,45.996,-77.427,-4,2007,8,8,15,24.65,55.79,12.59,0.0,0.35,25.7,0.7014,5.9928,20.529,14.5363,42.6159,64.9805,28.1192,228.0306,0.9932,42.9864,2.4243,0.1304,9.2532,15.8706,53.8549,0.3574,1.3524,0.0,0.0
PRF,45.996,-77.427,-4,2007,8,8,16,25.68,50.23,8.63,0.0,0.35,25.7,0.6313,5.9928,20.529,14.5363,34.0537,70.8583,28.403,228.6033,0.9934,43.343,2.4446,0.1323,8.3642,14.3209,54.8614,0.2412,0.9128,0.0,0.0
PRF,45.996,-77.427,-4,2007,8,8,17,25.13,51.63,4.128,0.0,0.35,25.7,0.5111,5.9928,20.529,14.5363,28.8585,74.7033,28.6728,229.1677,0.9276,43.6821,2.232,0.1127,8.3642,14.099,55.6416,0.0751,0.2841,0.0,0.0
PRF,45.996,-77.427,-4,2007,8,8,18,23.94,54.12,11.95,0.0,0.35,25.7,0.3662,5.9928,20.529,14.5363,24.6403,77.9962,28.9166,229.7143,1.7182,43.9896,4.7353,0.4265,9.2744,14.099,54.3286,0.4114,1.5568,0.0,0.0
PRF,45.996,-77.427,-4,2007,8,8,19,22.1,54.15,8.65,0.0,0.35,25.7,0.2128,5.9928,20.529,14.5363,22.0251,80.12,29.1416,230.2333,1.7789,44.2735,4.9303,0.4581,10.4686,14.099,54.9074,0.2514,0.9513,0.0,0.0
PRF,45.996,-77.427,-4,2007,8,8,20,20.7,63.02,2.988,0.0,0.35,25.7,0.0592,5.9928,20.529,14.5363,20.9543,81.0087,29.3115,230.7313,1.4737,44.4925,4.055,0.3241,12.6248,14.6323,55.67,0.0503,0.1903,0.0,0.0
PRF,45.996,-77.427,-4,2007,8,8,21,17.41,75.12,0.888,0.0,0.35,25.7,0.0,5.9928,20.529,14.5363,20.7757,81.158,29.3115,230.7313,1.3484,44.4925,3.6713,0.2718,15.7468,16.6843,55.335,0.0106,0.0401,0.0,0.0
PRF,45.996,-77.427,-4,2007,8,8,22,14.45,92.8,2.22,0.0,0.35,25.7,0.0,5.9928,20.529,14.5363,21.621,80.454,29.3115,230.7313,1.3333,44.4925,3.624,0.2657,21.2548,21.6784,53.4617,0.0,0.0,0.0,0.0
PRF,45.996,-77.427,-4,2007,8,8,23,12.58,97.3,3.168,0.0,0.35,25.7,0.0,5.9928,20.529,14.5363,23.0542,79.2765,29.3115,230.7313,1.2392,44.4925,3.3268,0.2283,25.403,25.5979,51.8769,0.0,0.0,0.0,0.0
PRF,45.996,-77.427,-4,2007,8,9,0,12.28,96.4,3.732,0.0,0.35,26.63,0.0,6.0133,20.5045,14.4912,24.0463,78.4728,29.3115,230.7313,1.1833,44.4925,3.1463,0.2069,27.0534,27.1426,51.6513,0.0,0.0,0.0,0.0
PRF,45.996,-77.427,-4,2007,8,9,1,12.0,97.9,6.564,0.0,0.35,26.63,0.0,6.0133,20.5045,14.4912,25.1897,77.5581,29.3115,230.7313,1.2639,44.4925,3.4055,0.238,28.4349,28.4736,50.947,0.0,0.0,0.0,0.0
PRF,45.996,-77.427,-4,2007,8,9,2,10.95,99.7,2.616,0.0,0.35,26.63,0.0,6.0133,20.5045,14.4912,26.3633,76.6318,29.3115,230.7313,0.9668,44.4925,2.4146,0.1295,29.7676,29.7865,50.5916,0.0,0.0,0.0,0.0
PRF,45.996,-77.427,-4,2007,8,9,3,10.54,99.9,2.736,0.0,0.35,26.63,0.0,6.0133,20.5045,14.4912,27.36,75.8549,29.3115,230.7313,0.9239,44.4925,2.2618,0.1153,30.5446,30.5539,50.2552,0.0,0.0,0.0,0.0
PRF,45.996,-77.427,-4,2007,8,9,4,9.21,99.9,2.58,0.0,0.35,26.63,0.0,6.0133,20.5045,14.4912,28.1715,75.2288,29.3115,230.7313,0.883,44.4925,2.1126,0.1022,31.0881,31.0928,50.0269,0.0,0.0,0.0,0.0
PRF,45.996,-77.427,-4,2007,8,9,5,9.17,99.9,2.004,0.0,0.35,26.63,0.0,6.0133,20.5045,14.4912,28.8216,74.7314,29.3115,230.7313,0.8346,44.4925,1.9307,0.0872,31.3656,31.3681,49.9271,0.0,0.0,0.0,0.0
PRF,45.996,-77.427,-4,2007,8,9,6,8.05,99.9,2.964,0.0,0.35,26.63,0.0,6.0133,20.5045,14.4912,29.3919,74.2981,29.3115,230.7313,0.8568,44.4925,2.0148,0.094,31.6549,31.6561,49.7675,0.0,0.0,0.0,0.0
PRF,45.996,-77.427,-4,2007,8,9,7,10.37,99.9,2.976,0.0,0.35,26.63,0.0004,6.0133,20.5045,14.4912,29.8192,73.9753,29.3118,231.0744,0.844,44.5087,1.9673,0.0901,31.6549,31.6561,49.7671,0.0,0.0,0.0,0.0
PRF,45.996,-77.427,-4,2007,8,9,8,12.65,95.3,1.92,0.0,0.35,26.63,0.0424,6.0133,20.5045,14.4912,29.8023,73.9881,29.325,231.4516,0.8008,44.5414,1.8012,0.0771,31.1372,31.6542,49.8042,0.0,0.0,0.0,0.0
PRF,45.996,-77.427,-4,2007,8,9,9,15.23,81.6,4.62,0.0,0.35,26.63,0.2288,6.0133,20.5045,14.4912,28.9143,74.6608,29.3872,231.8676,0.9487,44.6324,2.3582,0.1242,24.933,28.9965,50.8353,0.0,0.0,0.0,0.0
PRF,45.996,-77.427,-4,2007,8,9,10,16.93,67.2,7.728,0.0,0.35,26.63,0.4416,6.0133,20.5045,14.4912,26.9082,76.2059,29.5104,232.309,1.2152,44.795,3.2683,0.2213,17.6147,24.1621,52.5212,0.0,0.0,0.0,0.0
PRF,45.996,-77.427,-4,2007,8,9,11,18.69,57.87,12.29,0.0,0.35,26.63,0.5995,6.0133,20.5045,14.4912,24.2577,78.3028,29.6852,232.7769,1.7943,45.018,5.0336,0.4752,13.1077,19.806,53.3985,0.1966,0.7438,0.0,0.0
PRF,45.996,-77.427,-4,2007,8,9,12,19.51,51.8,12.25,0.0,0.35,26.63,0.6957,6.0133,20.5045,14.4912,21.732,80.3622,29.894,233.257,2.1883,45.2803,6.1421,0.6759,10.6708,17.1436,54.0802,0.3205,1.2127,0.0,0.0
PRF,45.996,-77.427,-4,2007,8,9,13,20.39,54.09,6.936,0.0,0.35,26.63,0.7255,6.0133,20.5045,14.4912,20.0737,81.7481,30.1018,233.7504,1.9595,45.5418,5.5413,0.5633,9.2233,16.2744,55.1115,0.1276,0.4828,0.0,0.0
PRF,45.996,-77.427,-4,2007,8,9,14,21.11,48.63,7.548,0.0,0.35,26.63,0.7398,6.0133,20.5045,14.4912,18.3913,83.1825,30.3426,234.2545,2.4154,45.8409,6.7935,0.8079,8.3418,15.2232,55.2894,0.1855,0.7018,0.0,0.0
PRF,45.996,-77.427,-4,2007,8,9,15,22.3,49.38,8.96,0.0,0.35,26.63,0.6984,6.0133,20.5045,14.4912,17.024,84.3699,30.5932,234.7765,3.0342,46.1516,8.3742,1.17,8.3418,14.6715,55.1907,0.26,0.9837,0.0,0.0
PRF,45.996,-77.427,-4,2007,8,9,16,22.3,45.15,10.5,0.0,0.35,26.63,0.6211,6.0133,20.5045,14.4912,15.7297,85.5122,30.8647,235.2985,3.8356,46.4854,10.2691,1.6787,8.3418,14.0129,55.0678,0.3931,1.4874,0.0,0.0
PRF,45.996,-77.427,-4,2007,8,9,17,22.41,43.65,12.84,0.0,0.35,26.63,0.5076,6.0133,20.5045,14.4912,14.6567,86.4731,31.1451,235.8222,4.9388,46.8285,12.6612,2.4319,8.3418,13.5983,54.7197,0.5117,1.9361,0.0,0.0
PRF,45.996,-77.427,-4,2007,8,9,18,21.28,50.78,7.188,0.0,0.35,26.63,0.3576,6.0133,20.5045,14.4912,14.4037,86.7015,31.3776,236.3289,3.8369,47.1161,10.3539,1.7033,9.1066,13.5983,55.7355,0.2316,0.8763,0.0,0.0
PRF,45.996,-77.427,-4,2007,8,9,19,21.73,51.77,3.612,0.0,0.35,26.63,0.2108,6.0133,20.5045,14.4912,14.2533,86.8376,31.6102,236.8423,3.2668,47.4036,9.0742,1.3486,9.9664,13.5983,56.3232,0.0786,0.2973,0.0,0.0
PRF,45.996,-77.427,-4,2007,8,9,20,17.9,75.3,1.8,0.0,0.35,26.63,0.0437,6.0133,20.5045,14.4912,14.9421,86.2162,31.7084,237.2983,2.7307,47.5368,7.7728,1.0254,14.1391,16.291,55.8136,0.0239,0.0903,0.0,0.0
PRF,45.996,-77.427,-4,2007,8,9,21,13.29,92.7,2.232,0.0,0.35,26.63,0.0,6.0133,20.5045,14.4912,16.9677,84.4191,31.7084,237.2983,2.1762,47.5368,6.3126,0.7095,20.4924,21.497,53.9794,0.0,0.0,0.0,0.0
PRF,45.996,-77.427,-4,2007,8,9,22,11.19,98.9,1.452,0.0,0.35,26.63,0.0,6.0133,20.5045,14.4912,19.4402,82.2848,31.7084,237.2983,1.5863,47.5368,4.6132,0.4072,25.4043,25.9108,52.2914,0.0,0.0,0.0,0.0
PRF,45.996,-77.427,-4,2007,8,9,23,10.44,99.6,2.748,0.0,0.35,26.63,0.0,6.0133,20.5045,14.4912,21.6869,80.3995,31.7084,237.2983,1.3612,47.5368,3.9114,0.3041,28.2951,28.5446,51.1167,0.0,0.0,0.0,0.0
PRF,45.996,-77.427,-4,2007,8,10,0,10.84,98.9,2.016,0.0,0.35,27.56,0.0,6.0338,20.4795,14.4457,23.3256,79.0557,31.7084,237.2983,1.1449,47.5368,3.1996,0.2131,29.3972,29.5216,51.1586,0.0,0.0,0.0,0.0
PRF,45.996,-77.427,-4,2007,8,10,1,11.12,99.0,2.964,0.0,0.35,27.56,0.0,6.0338,20.4795,14.4457,24.7293,77.925,31.7084,237.2983,1.0861,47.5368,2.9981,0.1899,29.963,30.0229,50.9009,0.0,0.0,0.0,0.0
PRF,45.996,-77.427,-4,2007,8,10,2,10.71,99.9,1.776,0.0,0.35,27.56,0.0,6.0338,20.4795,14.4457,25.9895,76.9255,31.7084,237.2983,0.9463,47.5368,2.502,0.1379,30.6012,30.6314,50.6817,0.0,0.0,0.0,0.0
PRF,45.996,-77.427,-4,2007,8,10,3,10.54,99.0,2.16,0.0,0.35,27.56,0.0,6.0338,20.4795,14.4457,26.8505,76.2509,31.7084,237.2983,0.9206,47.5368,2.4075,0.1288,30.6228,30.6379,50.6644,0.0,0.0,0.0,0.0
PRF,45.996,-77.427,-4,2007,8,10,4,10.81,99.4,3.276,0.0,0.35,27.56,0.0,6.0338,20.4795,14.4457,27.6603,75.6225,31.7084,237.2983,0.9359,47.5368,2.4638,0.1342,30.7446,30.7518,50.5714,0.0,0.0,0.0,0.0
PRF,45.996,-77.427,-4,2007,8,10,5,10.54,99.5,4.032,0.0,0.35,27.56,0.0,6.0338,20.4795,14.4457,28.352,75.0904,31.7084,237.2983,0.9427,47.5368,2.4886,0.1366,30.8799,30.8833,50.4842,0.0,0.0,0.0,0.0
PRF,45.996,-77.427,-4,2007,8,10,6,9.55,99.9,2.196,0.0,0.35,27.56,0.0,6.0338,20.4795,14.4457,28.9706,74.6179,31.7084,237.2983,0.8378,47.5368,2.0937,0.1006,31.2134,31.2152,50.409,0.0,0.0,0.0,0.0
PRF,45.996,-77.427,-4,2007,8,10,7,11.6,99.9,7.272,0.0,0.35,27.56,0.0004,6.0338,20.4795,14.4457,29.5081,74.2102,31.7087,237.6598,1.0599,47.5552,2.9083,0.18,31.2134,31.2152,50.2038,0.0,0.0,0.0,0.0
PRF,45.996,-77.427,-4,2007,8,10,8,13.53,91.7,2.484,0.0,0.35,27.56,0.0738,6.0338,20.4795,14.4457,29.3593,74.3228,31.7336,238.0503,0.8373,47.6028,2.0952,0.1007,29.5968,30.8336,50.5663,0.0,0.0,0.0,0.0
PRF,45.996,-77.427,-4,2007,8,10,9,17.72,75.8,3.888,0.0,0.35,27.56,0.2982,6.0338,20.4795,14.4457,28.0286,75.3386,31.8288,238.5036,0.9491,47.7326,2.5224,0.1399,21.8048,26.9801,52.1447,0.0,0.0,0.0,0.0
PRF,45.996,-77.427,-4,2007,8,10,10,20.05,65.95,3.972,0.0,0.35,27.56,0.4843,6.0338,20.4795,14.4457,26.0471,76.8801,31.9803,238.9918,1.0536,47.9274,2.9066,0.1798,14.9228,22.6104,53.864,0.0,0.0,0.0,0.0
PRF,45.996,-77.427,-4,2007,8,10,11,23.56,53.74,6.312,0.0,0.35,27.56,0.6552,6.0338,20.4795,14.4457,23.0149,79.3085,32.2223,239.5327,1.4565,48.226,4.2595,0.3536,9.7524,17.766,55.242,0.0717,0.2714,0.0,0.0
PRF,45.996,-77.427,-4,2007,8,10,12,24.59,44.16,8.15,0.0,0.35,27.56,0.7452,6.0338,20.4795,14.4457,19.7863,81.9911,32.5271,240.0891,2.1448,48.5951,6.3191,0.7108,7.3658,14.4659,55.8419,0.2616,0.9898,0.0,0.0
PRF,45.996,-77.427,-4,2007,8,10,13,25.51,40.17,4.236,0.0,0.35,27.56,0.7831,6.0338,20.4795,14.4457,17.3101,84.1198,32.866,240.6592,2.3124,49.0019,6.8167,0.8128,5.6687,12.8403,56.8886,0.112,0.4238,0.0,0.0
PRF,45.996,-77.427,-4,2007,8,10,14,25.88,32.12,6.6,0.0,0.35,27.56,0.7782,6.0338,20.4795,14.4457,14.7688,86.3721,33.2559,241.2349,3.5552,49.4644,10.0004,1.6018,5.0536,11.2071,56.8299,0.3026,1.1448,0.0,0.0
PRF,45.996,-77.427,-4,2007,8,10,15,26.29,34.78,3.0,0.0,0.35,27.56,0.7268,6.0338,20.4795,14.4457,13.3126,87.6949,33.6366,241.8168,3.5797,49.9152,10.1123,1.6336,4.8994,11.0028,57.5381,0.1006,0.3808,0.0,0.0
PRF,45.996,-77.427,-4,2007,8,10,16,26.94,38.36,1.896,0.0,0.35,27.56,0.6381,6.0338,20.4795,14.4457,12.4784,88.4634,34.0052,242.4084,3.7804,50.352,10.6351,1.7861,4.8994,11.0028,57.734,0.0659,0.2495,0.0,0.0
PRF,45.996,-77.427,-4,2007,8,10,17,27.62,37.31,5.904,0.0,0.35,27.56,0.5196,6.0338,20.4795,14.4457,11.66,89.2253,34.3896,243.0102,5.1615,50.8051,13.7192,2.8031,5.1391,10.9833,57.0071,0.2541,0.9616,0.0,0.0
PRF,45.996,-77.427,-4,2007,8,10,18,27.01,34.65,6.792,0.0,0.35,27.56,0.3766,6.0338,20.4795,14.4457,10.9521,89.8907,34.7815,243.6028,5.9385,51.2643,15.361,3.424,5.7921,10.7706,56.8796,0.3321,1.2568,0.0,0.0
PRF,45.996,-77.427,-4,2007,8,10,19,25.95,36.93,4.932,0.0,0.35,27.56,0.2194,6.0338,20.4795,14.4457,10.6988,90.1303,35.1448,244.1796,5.5961,51.6902,14.7451,3.1848,6.9383,10.7706,57.2343,0.1655,0.6262,0.0,0.0
PRF,45.996,-77.427,-4,2007,8,10,20,21.25,66.63,1.824,0.0,0.35,27.56,0.0517,6.0338,20.4795,14.4457,11.672,89.2141,35.3023,244.6858,4.1955,51.8888,11.7818,2.141,11.4682,13.5638,57.0873,0.0459,0.1738,0.0,0.0
PRF,45.996,-77.427,-4,2007,8,10,21,16.66,82.3,2.22,0.0,0.35,27.56,0.0,6.0338,20.4795,14.4457,13.4125,87.6033,35.3023,244.6858,3.3969,51.8888,9.9054,1.5749,16.7301,17.6418,55.797,0.0201,0.076,0.0,0.0
PRF,45.996,-77.427,-4,2007,8,10,22,14.96,89.9,3.144,0.0,0.35,27.56,0.0,6.0338,20.4795,14.4457,15.5251,85.6945,35.3023,244.6858,2.7157,51.8888,8.1743,1.121,20.9711,21.3671,54.3994,0.0,0.0,0.0,0.0
PRF,45.996,-77.427,-4,2007,8,10,23,13.71,94.2,4.968,0.0,0.35,27.56,0.0,6.0338,20.4795,14.4457,17.8382,83.6604,35.3023,244.6858,2.2573,51.8888,6.9226,0.8353,24.287,24.456,53.0809,0.0,0.0,0.0,0.0
PRF,45.996,-77.427,-4,2007,8,11,0,13.57,93.5,3.888,0.0,0.35,28.49,0.0,6.0544,20.4542,14.3998,19.4759,82.2544,35.3023,244.6858,1.7868,51.8888,5.544,0.5638,25.4731,25.5475,53.1718,0.0,0.0,0.0,0.0
PRF,45.996,-77.427,-4,2007,8,11,1,13.84,89.8,7.956,0.0,0.35,28.49,0.0,6.0544,20.4542,14.3998,20.3537,81.5121,35.3023,244.6858,2.006,51.8888,6.1998,0.6872,25.4731,25.5475,52.8741,0.0,0.0,0.0,0.0
PRF,45.996,-77.427,-4,2007,8,11,2,13.29,92.9,3.912,0.0,0.35,28.49,0.0,6.0544,20.4542,14.3998,21.3635,80.6678,35.3023,244.6858,1.4862,51.8888,4.5998,0.4052,25.8551,25.8882,53.0317,0.0,0.0,0.0,0.0
PRF,45.996,-77.427,-4,2007,8,11,3,12.58,95.5,5.124,0.0,0.35,28.49,0.0,6.0544,20.4542,14.3998,22.5959,79.6508,35.3023,244.6858,1.4191,51.8888,4.3807,0.3716,26.9537,26.9682,52.5132,0.0,0.0,0.0,0.0
PRF,45.996,-77.427,-4,2007,8,11,4,13.81,91.4,3.492,0.0,0.35,28.49,0.0,6.0544,20.4542,14.3998,22.9103,79.3938,35.3023,244.6858,1.2741,51.8888,3.8954,0.3019,26.9537,26.9682,52.6114,0.0,0.0,0.0,0.0
PRF,45.996,-77.427,-4,2007,8,11,5,13.29,94.0,3.54,0.0,0.35,28.49,0.0,6.0544,20.4542,14.3998,23.5252,78.8938,35.3023,244.6858,1.2176,51.8888,3.7013,0.2758,26.9537,26.9682,52.6086,0.0,0.0,0.0,0.0
PRF,45.996,-77.427,-4,2007,8,11,6,12.51,97.3,2.832,0.0,0.35,28.49,0.0,6.0544,20.4542,14.3998,24.5549,78.0644,35.3023,244.6858,1.0915,51.8888,3.2569,0.2199,28.0248,28.0316,52.1973,0.0,0.0,0.0,0.0
PRF,45.996,-77.427,-4,2007,8,11,7,14.69,91.2,5.832,0.0,0.35,28.49,0.0376,6.0544,20.4542,14.3998,24.5549,78.0644,35.331,245.0937,1.2697,51.9427,3.8834,0.3002,27.5243,28.0316,52.0337,0.0,0.0,0.0,0.0
PRF,45.996,-77.427,-4,2007,8,11,8,16.76,82.0,4.584,0.0,0.35,28.49,0.1574,6.0544,20.4542,14.3998,24.2013,78.3482,35.3979,245.5326,1.2217,52.0397,3.7243,0.2788,23.7099,26.387,52.7847,0.0,0.0,0.0,0.0
PRF,45.996,-77.427,-4,2007,8,11,9,17.79,78.18,4.536,0.0,0.35,28.49,0.2802,6.0544,20.4542,14.3998,23.6578,78.7864,35.4841,245.9869,1.2676,52.1583,3.8893,0.301,19.5952,24.5364,53.5291,0.0,0.0,0.0,0.0
PRF,45.996,-77.427,-4,2007,8,11,10,18.9,77.28,7.452,0.0,0.35,28.49,0.3873,6.0544,20.4542,14.3998,23.025,79.3003,35.5794,246.4579,1.5414,52.2878,4.8045,0.4376,16.6033,22.9496,53.8741,0.0,0.0,0.0,0.0
PRF,45.996,-77.427,-4,2007,8,11,11,22.54,64.45,8.17,0.0,0.35,28.49,0.6077,6.0544,20.4542,14.3998,21.458,80.5893,35.7573,246.9835,1.8261,52.5094,5.7107,0.5942,11.9144,19.4729,54.9485,0.0271,0.1025,0.0,0.0
PRF,45.996,-77.427,-4,2007,8,11,12,26.16,52.41,7.548,0.0,0.35,28.49,0.7383,6.0544,20.4542,14.3998,19.1087,82.5672,36.0337,247.5634,2.2337,52.8399,6.9386,0.8387,7.9916,15.6934,56.1074,0.2005,0.7586,0.0,0.0
PRF,45.996,-77.427,-4,2007,8,11,13,28.27,43.17,9.9,0.0,0.35,28.49,0.785,6.0544,20.4542,14.3998,16.3781,84.9376,36.3904,248.175,3.4372,53.2576,10.1605,1.6474,6.2184,12.7682,56.3698,0.4949,1.8725,0.0,0.0
PRF,45.996,-77.427,-4,2007,8,11,14,29.7,39.52,8.78,0.0,0.35,28.49,0.7781,6.0544,20.4542,14.3998,14.1362,86.9438,36.7891,248.808,4.3031,53.7203,12.2655,2.299,5.2655,11.2559,56.8778,0.4949,1.8728,0.0,0.0
PRF,45.996,-77.427,-4,2007,8,11,15,30.42,37.92,15.88,0.0,0.35,28.49,0.7277,6.0544,20.4542,14.3998,12.3039,88.6252,37.2084,249.4518,7.8282,54.204,19.4396,5.1945,5.2655,10.5021,55.5096,1.038,3.9275,0.0,0.0
PRF,45.996,-77.427,-4,2007,8,11,16,30.55,37.92,6.648,0.0,0.35,28.49,0.6388,6.0544,20.4542,14.3998,11.3222,89.5421,37.6294,250.0975,5.608,54.688,15.2334,3.3738,5.2655,10.3454,57.4716,0.3679,1.3921,0.0,0.0
PRF,45.996,-77.427,-4,2007,8,11,17,29.7,39.9,5.34,0.0,0.35,28.49,0.5176,6.0544,20.4542,14.3998,10.8966,89.9431,38.0257,250.7305,5.5612,55.1437,15.2054,3.3628,5.2655,10.3454,57.728,0.2387,0.9032,0.0,0.0
PRF,45.996,-77.427,-4,2007,8,11,18,29.6,40.44,6.624,0.0,0.35,28.49,0.3739,6.0544,20.4542,14.3998,10.6428,90.1833,38.417,251.362,6.1406,55.5927,16.4635,3.8709,5.8921,10.3454,57.4764,0.3657,1.3839,0.0,0.0
PRF,45.996,-77.427,-4,2007,8,11,19,26.94,57.49,1.848,0.0,0.35,28.49,0.2101,6.0544,20.4542,14.3998,11.033,89.8144,38.6713,251.9536,4.5786,55.8949,13.1783,2.6105,8.3814,11.629,58.0764,0.0659,0.2494,0.0,0.0
PRF,45.996,-77.427,-4,2007,8,11,20,24.32,76.35,2.976,0.0,0.35,28.49,0.0457,6.0544,20.4542,14.3998,12.5727,88.3762,38.799,252.5059,3.9422,56.0622,11.718,2.1205,13.4395,15.1805,56.936,0.0591,0.2236,0.0,0.0
PRF,45.996,-77.427,-4,2007,8,11,21,20.1,88.8,3.096,0.0,0.35,28.49,0.0,6.0544,20.4542,14.3998,14.8864,86.2663,38.799,252.5059,2.9356,56.0622,9.1759,1.3755,19.0724,19.7121,55.4596,0.0036,0.0136,0.0,0.0
PRF,45.996,-77.427,-4,2007,8,11,22,18.67,92.5,1.68,0.0,0.35,28.49,0.0,6.0544,20.4542,14.3998,16.9938,84.3963,38.799,252.5059,2.11,56.0622,6.8469,0.8192,22.2975,22.557,54.5294,0.0,0.0,0.0,0.0
PRF,45.996,-77.427,-4,2007,8,11,23,17.51,94.2,2.016,0.0,0.35,28.49,0.0,6.0544,20.4542,14.3998,18.8845,82.759,38.799,252.5059,1.7316,56.0622,5.6767,0.5879,24.3101,24.4175,53.7588,0.0,0.0,0.0,0.0
PRF,45.996,-77.427,-4,2007,8,12,0,16.15,99.2,2.136,0.0,0.35,29.42,0.0,6.075,20.4284,14.3534,21.3245,80.7002,38.799,252.5059,1.3639,56.0622,4.455,0.3829,27.1507,27.1966,53.0317,0.0,0.0,0.0,0.0
PRF,45.996,-77.427,-4,2007,8,12,1,15.13,99.9,2.556,0.0,0.35,29.42,0.0,6.075,20.4284,14.3534,23.3986,78.9964,38.799,252.5059,1.1699,56.0622,3.7672,0.2845,28.7942,28.8141,52.3088,0.0,0.0,0.0,0.0
PRF,45.996,-77.427,-4,2007,8,12,2,14.73,99.9,1.716,0.0,0.35,29.42,0.0,6.075,20.4284,14.3534,24.9588,77.7419,38.799,252.5059,1.0046,56.0622,3.1504,0.2073,29.5431,29.5522,52.0209,0.0,0.0,0.0,0.0
PRF,45.996,-77.427,-4,2007,8,12,3,14.18,100.0,2.184,0.0,0.35,29.42,0.0,6.075,20.4284,14.3534,26.2394,76.729,38.799,252.5059,0.9524,56.0622,2.9482,0.1844,30.0051,30.0092,51.7985,0.0,0.0,0.0,0.0
PRF,45.996,-77.427,-4,2007,8,12,4,13.29,99.9,1.632,0.0,0.35,29.42,0.0,6.075,20.4284,14.3534,27.2085,75.9724,38.799,252.5059,0.8804,56.0622,2.6622,0.1539,30.2936,30.2955,51.6929,0.0,0.0,0.0,0.0
PRF,45.996,-77.427,-4,2007,8,12,5,12.99,99.9,1.212,0.0,0.35,29.42,0.0,6.075,20.4284,14.3534,27.9709,75.383,38.799,252.5059,0.8316,56.0622,2.4628,0.1341,30.4687,30.4696,51.6308,0.0,0.0,0.0,0.0
PRF,45.996,-77.427,-4,2007,8,12,6,12.72,99.9,1.92,0.0,0.35,29.42,0.0,6.075,20.4284,14.3534,28.612,74.8914,38.799,252.5059,0.8383,56.0622,2.4906,0.1368,30.5937,30.5941,51.5483,0.0,0.0,0.0,0.0
PRF,45.996,-77.427,-4,2007,8,12,7,13.94,100.0,1.368,0.0,0.35,29.42,0.0,6.075,20.4284,14.3534,29.1121,74.5103,38.799,252.9025,0.7991,56.0867,2.3285,0.1214,30.5937,30.5941,51.569,0.0,0.0,0.0,0.0
PRF,45.996,-77.427,-4,2007,8,12,8,17.48,98.2,1.26,0.0,0.35,29.42,0.0224,6.075,20.4284,14.3534,29.1121,74.5103,38.806,253.3522,0.7947,56.1216,2.3117,0.1199,30.5937,30.5941,51.573,0.0,0.0,0.0,0.0
PRF,45.996,-77.427,-4,2007,8,12,9,19.7,85.6,3.888,0.0,0.35,29.42,0.2308,6.075,20.4284,14.3534,28.4081,75.0473,38.8689,253.8352,0.9336,56.2171,2.8816,0.1771,24.0292,28.5057,52.377,0.0,0.0,0.0,0.0
PRF,45.996,-77.427,-4,2007,8,12,10,20.44,86.9,5.544,0.0,0.35,29.42,0.2902,6.075,20.4284,14.3534,27.791,75.5216,38.9284,254.3293,1.0429,56.3095,3.3086,0.2261,19.9903,27.12,52.8652,0.0,0.0,0.0,0.0
PRF,45.996,-77.427,-4,2007,8,12,11,23.9,69.67,6.852,0.0,0.35,29.42,0.5918,6.075,20.4284,14.3534,25.508,77.3057,39.0893,254.8753,1.2574,56.5113,4.1074,0.3316,12.7579,21.9232,54.7515,0.0,0.0,0.0,0.0
PRF,45.996,-77.427,-4,2007,8,12,12,28.64,50.09,7.86,0.0,0.35,29.42,0.7475,6.075,20.4284,14.3534,21.3851,80.6499,39.4066,255.4924,1.8098,56.8805,5.9848,0.6456,7.24,15.4105,56.604,0.2475,0.9366,0.0,0.0
PRF,45.996,-77.427,-4,2007,8,12,13,28.17,48.7,14.75,0.0,0.35,29.42,0.7785,6.075,20.4284,14.3534,18.1511,83.3896,39.7275,256.1025,3.5667,57.2521,10.9359,1.8765,7.24,13.3355,55.794,0.7962,3.0126,0.0,0.0
PRF,45.996,-77.427,-4,2007,8,12,14,29.16,50.74,16.49,0.0,0.35,29.42,0.7689,6.075,20.4284,14.3534,16.0227,85.252,40.0463,256.7274,5.0031,57.6219,14.3646,3.0407,7.24,12.8689,55.5145,0.9303,3.5201,0.0,0.0
PRF,45.996,-77.427,-4,2007,8,12,15,27.76,54.15,18.42,0.0,0.35,29.42,0.7101,6.075,20.4284,14.3534,15.0155,86.1504,40.3289,257.3313,6.251,57.9522,17.0637,4.1242,7.2565,12.8689,55.1088,1.0377,3.9265,0.0,0.0
PRF,45.996,-77.427,-4,2007,8,12,16,27.18,59.0,14.09,0.0,0.35,29.42,0.613,6.075,20.4284,14.3534,14.736,86.4016,40.5763,257.9265,5.207,58.2452,14.9019,3.245,7.7418,12.8689,56.0061,0.7927,2.9993,0.0,0.0
PRF,45.996,-77.427,-4,2007,8,12,17,26.67,58.82,13.44,0.0,0.35,29.42,0.4949,6.075,20.4284,14.3534,14.5637,86.557,40.8201,258.514,5.1512,58.5336,14.8198,3.2134,8.4755,12.8689,56.1367,0.7545,2.8548,0.0,0.0
PRF,45.996,-77.427,-4,2007,8,12,18,27.28,51.49,11.88,0.0,0.35,29.42,0.3644,6.075,20.4284,14.3534,13.9646,87.0996,41.1139,259.1107,5.1434,58.8736,14.8503,3.2251,8.497,12.8689,56.4451,0.6608,2.5004,0.0,0.0
PRF,45.996,-77.427,-4,2007,8,12,19,26.46,54.08,9.52,0.0,0.35,29.42,0.2078,6.075,20.4284,14.3534,13.7722,87.2748,41.3836,259.6951,4.6822,59.1877,13.8518,2.8512,9.6178,12.8689,56.8979,0.5123,1.9383,0.0,0.0
PRF,45.996,-77.427,-4,2007,8,12,20,23.67,65.78,5.148,0.0,0.35,29.42,0.0477,6.075,20.4284,14.3534,13.9237,87.1368,41.5634,260.2377,3.6832,59.4068,11.4733,2.0428,12.5456,14.0992,57.3807,0.1453,0.5496,0.0,0.0
PRF,45.996,-77.427,-4,2007,8,12,21,19.04,91.6,8.8308,0.5,0.35,29.42,0.0,6.075,20.4284,14.3534,16.5635,84.7743,41.5634,260.2377,3.1848,59.4068,10.1816,1.6535,122.8722,23.527,53.9872,0.0,0.0,0.5,0.0
PRF,45.996,-77.427,-4,2007,8,12,22,18.06,96.2,3.9204,0.0,0.35,29.42,0.0,6.075,20.4284,14.3534,19.0869,82.5859,41.5634,260.2377,1.8649,59.4068,6.3449,0.7159,113.2651,25.5362,53.6205,0.0,0.0,0.5,1.0
PRF,45.996,-77.427,-4,2007,8,12,23,17.96,96.5,4.6728,0.1,0.35,29.42,0.0,6.075,20.4284,14.3534,23.1359,79.2099,41.5634,260.2377,1.3283,59.4068,4.5281,0.394,130.5793,27.2505,52.8646,0.0,0.0,0.6,0.0
PRF,45.996,-77.427,-4,2007,8,13,0,17.99,95.9,3.4056,0.0,0.35,30.35,0.0,6.0957,20.4023,14.3067,23.9393,78.5591,41.5634,260.2377,1.173,59.4068,3.9595,0.3107,119.8679,27.2505,53.3817,0.0,0.0,0.6,1.0
PRF,45.996,-77.427,-4,2007,8,13,1,17.14,96.7,3.0888,0.0,0.35,30.35,0.0,6.0957,20.4023,14.3067,24.7199,77.9325,41.5634,260.2377,1.0936,59.4068,3.6592,0.2702,112.4694,27.2934,53.3812,0.0,0.0,0.6,2.0
PRF,45.996,-77.427,-4,2007,8,13,2,18.26,72.05,5.6232,0.0,0.35,30.35,0.0,6.0957,20.4023,14.3067,23.7107,78.7437,41.5634,260.2377,1.3338,59.4068,4.5478,0.3971,71.4535,23.9127,54.5884,0.0,0.0,0.6,3.0
PRF,45.996,-77.427,-4,2007,8,13,3,15.98,83.2,3.2076,0.0,0.35,30.35,0.0,6.0957,20.4023,14.3067,23.5411,78.8809,41.5634,260.2377,1.196,59.4068,4.0451,0.3227,57.787,23.8459,54.8095,0.0,0.0,0.6,4.0
PRF,45.996,-77.427,-4,2007,8,13,4,14.04,92.7,5.148,0.0,0.35,30.35,0.0,6.0957,20.4023,14.3067,23.8272,78.6495,41.5634,260.2377,1.2911,59.4068,4.3941,0.3736,52.9926,25.0065,54.1965,0.0,0.0,0.0,0.0
PRF,45.996,-77.427,-4,2007,8,13,5,13.53,94.2,3.2868,0.0,0.35,30.35,0.0,6.0957,20.4023,14.3067,24.2684,78.2942,41.5634,260.2377,1.139,59.4068,3.8319,0.2932,50.2423,25.9996,53.9188,0.0,0.0,0.0,0.0
PRF,45.996,-77.427,-4,2007,8,13,6,12.58,97.6,2.8908,0.0,0.35,30.35,0.0,6.0957,20.4023,14.3067,25.2051,77.5459,41.5634,260.2377,1.0493,59.4068,3.4885,0.2483,49.3752,27.6816,53.2247,0.0,0.0,0.0,0.0
PRF,45.996,-77.427,-4,2007,8,13,7,13.06,94.1,3.96,0.0,0.35,30.35,0.0231,6.0957,20.4023,14.3067,25.3573,77.4251,41.5806,260.6211,1.0969,59.4492,3.6741,0.2722,45.9601,27.6816,53.1661,0.0,0.0,0.0,0.0
PRF,45.996,-77.427,-4,2007,8,13,8,15.4,83.7,3.6036,0.0,0.35,30.35,0.1357,6.0957,20.4023,14.3067,25.0626,77.6592,41.6363,261.0396,1.0976,59.5334,3.6808,0.2731,35.6854,26.6532,53.6239,0.0,0.0,0.0,0.0
PRF,45.996,-77.427,-4,2007,8,13,9,17.82,69.55,2.0196,0.0,0.35,30.35,0.3308,6.0957,20.4023,14.3067,24.0809,78.445,41.7567,261.4944,1.0828,59.6861,3.6319,0.2667,23.5128,23.7337,54.9449,0.0,0.0,0.0,0.0
PRF,45.996,-77.427,-4,2007,8,13,10,20.05,57.46,5.2668,0.0,0.35,30.35,0.5136,6.0957,20.4023,14.3067,22.2291,79.952,41.9461,261.9826,1.474,59.9112,5.0735,0.4819,14.3975,19.7171,56.1511,0.008,0.0302,0.0,0.0
PRF,45.996,-77.427,-4,2007,8,13,11,21.01,41.09,8.0784,0.0,0.35,30.35,0.6569,6.0957,20.4023,14.3067,19.501,82.2331,42.2209,262.4853,2.2011,60.2241,7.4596,0.9534,9.3714,15.658,56.9818,0.266,1.0066,0.0,0.0
PRF,45.996,-77.427,-4,2007,8,13,12,21.52,38.98,5.5836,0.0,0.35,30.35,0.7313,6.0957,20.4023,14.3067,17.4078,84.0346,42.5124,262.9956,2.4468,60.5539,8.2247,1.1333,7.2654,13.9137,57.84,0.2022,0.765,0.0,0.0
PRF,45.996,-77.427,-4,2007,8,13,13,22.54,35.06,5.94,0.0,0.35,30.35,0.7708,6.0957,20.4023,14.3067,15.4798,85.7349,42.8373,263.5212,3.1443,60.918,10.2275,1.6667,6.1537,12.623,58.0939,0.2785,1.0538,0.0,0.0
PRF,45.996,-77.427,-4,2007,8,13,14,23.8,31.27,6.2568,0.0,0.35,30.35,0.7671,6.0957,20.4023,14.3067,13.686,87.3534,43.2005,264.0657,4.0171,61.321,12.5299,2.3875,5.4625,11.4749,58.2925,0.3521,1.3324,0.0,0.0
PRF,45.996,-77.427,-4,2007,8,13,15,24.86,28.41,4.9896,0.0,0.35,30.35,0.719,6.0957,20.4023,14.3067,12.1554,88.7632,43.5956,264.6261,4.6125,61.7562,14.023,2.9139,4.9941,10.5547,58.7323,0.2247,0.8503,0.0,0.0
PRF,45.996,-77.427,-4,2007,8,13,16,25.13,27.72,10.1772,0.0,0.35,30.35,0.6306,6.0957,20.4023,14.3067,10.8882,89.9511,43.9988,265.1905,7.1042,62.1986,19.4732,5.2104,4.9941,10.1045,57.7599,0.8038,3.0415,0.0,0.0
PRF,45.996,-77.427,-4,2007,8,13,17,24.79,29.12,11.286,0.0,0.35,30.35,0.5094,6.0957,20.4023,14.3067,10.1565,90.6457,44.3889,265.7499,8.2977,62.6262,21.8569,6.3921,5.4318,10.1045,57.5223,0.9048,3.4235,0.0,0.0
PRF,45.996,-77.427,-4,2007,8,13,18,23.53,31.34,7.6824,0.0,0.35,30.35,0.3641,6.0957,20.4023,14.3067,9.9197,90.8719,44.7476,266.2903,7.147,63.0202,19.6946,5.3157,6.2102,10.1045,58.2826,0.5622,2.1273,0.0,0.0
PRF,45.996,-77.427,-4,2007,8,13,19,22.17,36.76,9.5832,0.0,0.35,30.35,0.2054,6.0957,20.4023,14.3067,9.9197,90.8719,45.0588,266.8104,7.8654,63.365,21.1651,6.0383,7.8864,10.3677,57.8408,0.7274,2.7524,0.0,0.0
PRF,45.996,-77.427,-4,2007,8,13,20,19.69,47.07,11.88,0.0,0.35,30.35,0.0462,6.0957,20.4023,14.3067,10.319,90.4909,45.2902,267.2932,8.3628,63.6277,22.1603,6.55,10.6321,11.8142,57.1136,0.7962,3.0127,0.0,0.0
PRF,45.996,-77.427,-4,2007,8,13,21,18.02,52.64,10.0188,0.0,0.35,30.35,0.0,6.0957,20.4023,14.3067,10.9204,89.9206,45.2902,267.2932,7.0171,63.6277,19.5326,5.2386,12.6451,13.122,57.2317,0.5824,2.2037,0.0,0.0
PRF,45.996,-77.427,-4,2007,8,13,22,16.29,59.76,6.5736,0.0,0.35,30.35,0.0,6.0957,20.4023,14.3067,11.7024,89.1857,45.2902,267.2932,5.3083,63.6277,15.8793,3.6311,14.3254,14.533,57.5171,0.2471,0.9348,0.0,0.0
PRF,45.996,-77.427,-4,2007,8,13,23,14.15,67.72,2.0196,0.0,0.35,30.35,0.0,6.0957,20.4023,14.3067,12.5804,88.3691,45.2902,267.2932,3.7529,63.6277,12.1248,2.2526,15.9997,16.1035,57.7479,0.04,0.1513,0.0,0.0
PRF,45.996,-77.427,-4,2007,8,14,0,12.07,74.94,4.3164,0.0,0.35,31.28,0.0,6.1163,20.3759,14.2595,13.7208,87.3216,45.2902,267.2932,3.6265,63.6277,11.7957,2.1455,18.0196,18.0693,57.2914,0.044,0.1667,0.0,0.0
PRF,45.996,-77.427,-4,2007,8,14,1,9.48,85.8,4.1184,0.0,0.35,31.28,0.0,6.1163,20.3759,14.2595,15.3003,85.8952,45.2902,267.2932,2.9336,63.6277,9.9104,1.5763,21.0088,21.0336,56.2774,0.0,0.0,0.0,0.0
PRF,45.996,-77.427,-4,2007,8,14,2,9.79,87.5,3.0096,0.0,0.35,31.28,0.0,6.1163,20.3759,14.2595,16.6806,84.6712,45.2902,267.2932,2.342,63.6277,8.1684,1.1196,22.7715,22.784,55.7096,0.0,0.0,0.0,0.0
PRF,45.996,-77.427,-4,2007,8,14,3,9.92,87.9,3.96,0.0,0.35,31.28,0.0,6.1163,20.3759,14.2595,17.8769,83.6269,45.2902,267.2932,2.136,63.6277,7.5267,0.9686,23.7538,23.7599,55.2428,0.0,0.0,0.0,0.0
PRF,45.996,-77.427,-4,2007,8,14,4,8.01,93.5,2.8116,0.0,0.35,31.28,0.0,6.1163,20.3759,14.2595,19.3651,82.3487,45.2902,267.2932,1.7122,63.6277,6.1346,0.6745,25.7275,25.7308,54.5136,0.0,0.0,0.0,0.0
PRF,45.996,-77.427,-4,2007,8,14,5,8.33,92.1,3.4452,0.0,0.35,31.28,0.0,6.1163,20.3759,14.2595,20.4588,81.4238,45.2902,267.2932,1.5817,63.6277,5.6832,0.5891,26.3868,26.3885,54.1943,0.0,0.0,0.0,0.0
PRF,45.996,-77.427,-4,2007,8,14,6,6.185,97.9,3.8016,0.0,0.35,31.28,0.0,6.1163,20.3759,14.2595,22.1334,80.0308,45.2902,267.2932,1.3803,63.6277,4.9618,0.4633,28.5677,28.5686,53.2338,0.0,0.0,0.0,0.0
PRF,45.996,-77.427,-4,2007,8,14,7,6.663,98.3,2.4948,0.0,0.35,31.28,0.0046,6.1163,20.3759,14.2595,23.5367,78.8845,45.2927,267.5807,1.1541,63.6505,4.1099,0.3319,29.6074,29.7722,52.7619,0.0,0.0,0.0,0.0
PRF,45.996,-77.427,-4,2007,8,14,8,12.41,80.8,3.3264,0.0,0.35,31.28,0.1315,6.1163,20.3759,14.2595,23.3719,79.0181,45.3456,267.9543,1.2187,63.7291,4.3627,0.3689,26.1031,28.0866,53.4691,0.0,0.0,0.0,0.0
PRF,45.996,-77.427,-4,2007,8,14,9,14.72,69.83,4.158,0.0,0.35,31.28,0.2962,6.1163,20.3759,14.2595,22.6987,79.5667,45.4442,268.3626,1.3403,63.8554,4.8274,0.4413,20.4628,24.927,54.7557,0.0,0.0,0.0,0.0
PRF,45.996,-77.427,-4,2007,8,14,10,15.94,62.9,8.712,0.0,0.35,31.28,0.4443,6.1163,20.3759,14.2595,21.6166,80.4577,45.5755,268.7892,1.8499,64.0152,6.6258,0.773,15.96,21.6482,55.5681,0.0,0.0,0.0,0.0
PRF,45.996,-77.427,-4,2007,8,14,11,17.26,60.67,11.5632,0.0,0.35,31.28,0.5579,6.1163,20.3759,14.2595,20.4729,81.412,45.7262,269.2356,2.3779,64.1954,8.3252,1.1579,13.4365,19.4214,55.9015,0.3156,1.1943,0.0,0.0
PRF,45.996,-77.427,-4,2007,8,14,12,18.07,55.96,5.742,0.0,0.35,31.28,0.6521,6.1163,20.3759,14.2595,19.4152,82.306,45.9028,269.6942,1.9743,64.4021,7.0642,0.8658,10.8745,17.9225,57.1534,0.08,0.3028,0.0,0.0
PRF,45.996,-77.427,-4,2007,8,14,13,20.53,51.42,5.3856,0.0,0.35,31.28,0.7251,6.1163,20.3759,14.2595,18.1766,83.3676,46.1242,270.1896,2.2186,64.6552,7.8677,1.0477,8.8083,16.3448,57.6848,0.122,0.4616,0.0,0.0
PRF,45.996,-77.427,-4,2007,8,14,14,21.14,50.43,6.4152,0.0,0.35,31.28,0.7235,6.1163,20.3759,14.2595,17.0885,84.3134,46.3569,270.6942,2.6488,64.9197,9.2037,1.3829,8.3279,15.4491,57.7833,0.216,0.8173,0.0,0.0
PRF,45.996,-77.427,-4,2007,8,14,15,20.94,52.92,6.2568,0.0,0.35,31.28,0.6662,6.1163,20.3759,14.2595,16.3995,84.9188,46.5757,271.1958,2.8533,65.1703,9.8251,1.5524,8.3279,15.3616,57.8322,0.2108,0.7977,0.0,0.0
PRF,45.996,-77.427,-4,2007,8,14,16,20.02,54.84,4.8708,0.0,0.35,31.28,0.5701,6.1163,20.3759,14.2595,16.0236,85.2512,46.7764,271.6836,2.7856,65.4019,9.6493,1.5036,8.3279,15.3616,58.0476,0.119,0.4504,0.0,0.0
PRF,45.996,-77.427,-4,2007,8,14,17,19.51,57.57,3.5244,0.0,0.35,31.28,0.4488,6.1163,20.3759,14.2595,15.869,85.3884,46.9602,272.1638,2.6528,65.6162,9.2768,1.4024,8.9764,15.3616,58.2497,0.0874,0.3308,0.0,0.0
PRF,45.996,-77.427,-4,2007,8,14,18,19.42,60.1,5.5836,0.0,0.35,31.28,0.3149,6.1163,20.3759,14.2595,15.8371,85.4167,47.1322,272.6426,2.9544,65.8189,10.1768,1.6521,10.3708,15.3616,57.9377,0.1686,0.6378,0.0,0.0
PRF,45.996,-77.427,-4,2007,8,14,19,18.5,64.98,3.2868,0.0,0.35,31.28,0.1668,6.1163,20.3759,14.2595,15.8371,85.4167,47.2761,273.1076,2.6315,65.993,9.2463,1.3942,12.1911,15.7038,58.1812,0.0758,0.2868,0.0,0.0
PRF,45.996,-77.427,-4,2007,8,14,20,17.99,68.74,3.2076,0.0,0.35,31.28,0.0346,6.1163,20.3759,14.2595,15.8601,85.3963,47.4009,273.5649,2.6136,66.148,9.2061,1.3835,14.5,16.3588,57.9892,0.0628,0.2375,0.0,0.0
PRF,45.996,-77.427,-4,2007,8,14,21,17.1,73.34,5.7024,0.0,0.35,31.28,0.0,6.1163,20.3759,14.2595,16.1556,85.1343,47.4009,273.5649,2.8582,66.148,9.9294,1.5817,16.669,17.4153,57.3168,0.0982,0.3716,0.0,0.0
PRF,45.996,-77.427,-4,2007,8,14,22,17.07,76.58,4.3956,0.0,0.35,31.28,0.0,6.1163,20.3759,14.2595,16.5608,84.7766,47.4009,273.5649,2.5478,66.148,9.0073,1.3311,18.0198,18.3255,57.1967,0.0389,0.147,0.0,0.0
PRF,45.996,-77.427,-4,2007,8,14,23,14.85,97.6,2.5344,2.0,0.35,31.28,0.0,6.1163,20.3759,14.2595,57.3163,56.0364,42.7703,273.5649,0.3469,61.5019,0.6774,0.0137,238.0727,51.5393,42.8637,0.0,0.0,2.0,0.0
PRF,45.996,-77.427,-4,2007,8,15,0,15.16,98.1,4.2372,2.8,0.35,32.21,0.0,6.137,20.349,14.212,120.9296,28.6335,30.031,263.1158,0.0029,46.7284,0.0046,0.0,238.8395,96.1363,26.5976,0.0,0.0,4.8,0.0
PRF,45.996,-77.427,-4,2007,8,15,1,15.53,99.2,2.772,2.0,0.35,32.21,0.0,6.137,20.349,14.212,158.3326,17.847,22.3808,256.8567,0.0001,36.7551,0.0001,0.0,245.6363,128.4806,17.5239,0.0,0.0,6.8,0.0
PRF,45.996,-77.427,-4,2007,8,15,2,15.81,99.4,2.5344,0.0,0.35,32.21,0.0,6.137,20.349,14.212,157.7666,17.9905,22.3808,256.8567,0.0001,36.7551,0.0001,0.0,242.4564,127.0672,17.8803,0.0,0.0,6.8,1.0
PRF,45.996,-77.427,-4,2007,8,15,3,16.11,99.2,2.9304,0.1,0.35,32.21,0.0,6.137,20.349,14.212,158.4515,17.8169,21.906,256.5463,0.0001,36.1047,0.0001,0.0,245.4715,126.7995,17.9481,0.0,0.0,6.9,0.0
PRF,45.996,-77.427,-4,2007,8,15,4,15.94,99.9,2.574,0.0,0.35,32.21,0.0,6.137,20.349,14.212,158.3555,17.8412,21.906,256.5463,0.0001,36.1047,0.0001,0.0,244.9296,126.5635,18.0081,0.0,0.0,6.9,1.0
PRF,45.996,-77.427,-4,2007,8,15,5,14.85,99.4,2.574,0.0,0.35,32.21,0.0,6.137,20.349,14.212,157.8073,17.9801,21.906,256.5463,0.0001,36.1047,0.0001,0.0,241.8596,125.2244,18.3499,0.0,0.0,6.9,2.0
PRF,45.996,-77.427,-4,2007,8,15,6,14.85,99.1,3.6828,0.1,0.35,32.21,0.0,6.137,20.349,14.212,158.377,17.8357,21.4366,256.2361,0.0001,35.4573,0.0001,0.0,244.8281,124.7225,18.4788,0.0,0.0,7.0,0.0
PRF,45.996,-77.427,-4,2007,8,15,7,14.82,99.5,3.564,0.0,0.35,32.21,0.0023,6.137,20.349,14.212,157.8757,17.9628,21.4382,256.6459,0.0001,35.4694,0.0001,0.0,240.7392,123.5227,18.7886,0.0,0.0,7.0,1.0
PRF,45.996,-77.427,-4,2007,8,15,8,16.05,96.9,1.386,0.0,0.35,32.21,0.0334,6.137,20.349,14.212,155.4311,18.5884,21.4493,257.0742,0.0001,35.4947,0.0001,0.0,214.4896,117.7756,20.3077,0.0,0.0,7.0,2.0
PRF,45.996,-77.427,-4,2007,8,15,9,17.5,85.7,7.128,0.0,0.35,32.21,0.205,6.137,20.349,14.212,140.9136,22.522,21.5049,257.5242,0.0005,35.5815,0.0006,0.0,118.7606,87.6314,29.3492,0.0,0.0,7.0,3.0
PRF,45.996,-77.427,-4,2007,8,15,10,17.16,82.1,13.4,0.0,0.35,32.21,0.3081,6.137,20.349,14.212,123.1501,27.9098,21.573,257.9691,0.0037,35.6855,0.0049,0.0,59.7421,60.5956,39.3575,0.0,0.0,7.0,4.0
PRF,45.996,-77.427,-4,2007,8,15,11,18.62,67.73,9.97,0.0,0.35,32.21,0.5314,6.137,20.349,14.212,102.4102,35.1703,21.7064,258.4359,0.0208,35.879,0.0277,0.0,26.7648,38.7423,48.8965,0.0,0.0,0.0,0.0
PRF,45.996,-77.427,-4,2007,8,15,12,19.47,57.43,12.06,0.0,0.35,32.21,0.6605,6.137,20.349,14.212,81.7906,43.6921,21.8904,258.9154,0.1222,36.1417,0.1638,0.0011,14.5902,25.4416,54.3466,0.0,0.0,0.0,0.0
PRF,45.996,-77.427,-4,2007,8,15,13,20.43,46.1,10.45,0.0,0.35,32.21,0.7365,6.137,20.349,14.212,63.9139,52.427,22.1349,259.4094,0.3658,36.4865,0.4935,0.0078,9.7769,18.3792,56.8305,0.3782,1.4308,0.0,0.0
PRF,45.996,-77.427,-4,2007,8,15,14,21.89,41.19,10.43,0.0,0.35,32.21,0.7451,6.137,20.349,14.212,49.282,60.7589,22.4207,259.9252,0.7244,36.8869,0.9846,0.0265,8.0124,14.8794,57.7356,0.6126,2.318,0.0,0.0
PRF,45.996,-77.427,-4,2007,8,15,15,21.89,39.32,10.69,0.0,0.35,32.21,0.697,6.137,20.349,14.212,38.4819,67.7508,22.7156,260.4411,0.9973,37.2983,2.108,0.1018,7.8091,13.5008,57.9929,0.7256,2.7454,0.0,0.0
PRF,45.996,-77.427,-4,2007,8,15,16,22.27,37.37,13.51,0.0,0.35,32.21,0.613,6.137,20.349,14.212,30.114,73.7535,23.0252,260.9626,1.4203,37.7283,3.4116,0.2387,7.8091,12.7348,57.5818,1.006,3.8064,0.0,0.0
PRF,45.996,-77.427,-4,2007,8,15,17,22.71,36.15,11.42,0.0,0.35,32.21,0.4962,6.137,20.349,14.212,24.2347,78.3213,23.3471,261.4908,1.7201,38.1735,4.2702,0.3552,7.8091,12.282,58.0917,0.8726,3.3017,0.0,0.0
PRF,45.996,-77.427,-4,2007,8,15,18,22.64,35.23,9.74,0.0,0.35,32.21,0.3543,6.137,20.349,14.212,20.1615,81.674,23.6727,262.0179,2.237,38.6218,5.635,0.5803,7.8091,12.0517,58.4745,0.7406,2.8023,0.0,0.0
PRF,45.996,-77.427,-4,2007,8,15,19,21.93,39.87,5.364,0.0,0.35,32.21,0.1966,6.137,20.349,14.212,17.9233,83.5866,23.9654,262.5343,2.2806,39.0248,5.7822,0.6074,8.6624,12.0517,59.3176,0.2875,1.088,0.0,0.0
PRF,45.996,-77.427,-4,2007,8,15,20,16.31,77.56,3.708,0.0,0.35,32.21,0.0249,6.137,20.349,14.212,18.0046,83.5163,24.0466,262.9665,2.0787,39.1445,5.2895,0.5188,14.5016,16.2859,58.4283,0.0803,0.304,0.0,0.0
PRF,45.996,-77.427,-4,2007,8,15,21,13.29,88.5,2.868,0.0,0.35,32.21,0.0,6.137,20.349,14.212,18.9577,82.6963,24.0466,262.9665,1.7933,39.1445,4.5471,0.397,19.6456,20.4689,57.0864,0.0,0.0,0.0,0.0
PRF,45.996,-77.427,-4,2007,8,15,22,11.9,92.7,3.432,0.0,0.35,32.21,0.0,6.137,20.349,14.212,20.2157,81.6283,24.0466,262.9665,1.6191,39.1445,4.0751,0.327,23.2529,23.6385,55.7953,0.0,0.0,0.0,0.0
PRF,45.996,-77.427,-4,2007,8,15,23,10.4,96.6,2.964,0.0,0.35,32.21,0.0,6.137,20.349,14.212,21.7648,80.335,24.0466,262.9665,1.3666,39.1445,3.3594,0.2323,26.2173,26.4066,54.6679,0.0,0.0,0.0,0.0
PRF,45.996,-77.427,-4,2007,8,16,0,11.77,93.9,1.224,0.0,0.35,33.14,0.0,6.1577,20.3219,14.1641,22.5472,79.6908,24.0466,262.9665,1.1706,39.1445,2.7718,0.1653,26.6615,26.7569,55.0692,0.0,0.0,0.0,0.0
PRF,45.996,-77.427,-4,2007,8,16,1,12.45,95.7,2.952,0.0,0.35,33.14,0.0,6.1577,20.3219,14.1641,23.4998,78.9144,24.0466,262.9665,1.1843,39.1445,2.814,0.1698,27.3612,27.4056,54.6847,0.0,0.0,0.0,0.0
PRF,45.996,-77.427,-4,2007,8,16,2,12.44,98.3,1.092,0.1,0.35,33.14,0.0,6.1577,20.3219,14.1641,24.6386,77.9975,24.0466,262.9665,0.9943,39.1445,2.2082,0.1105,55.2913,29.3841,53.8812,0.0,0.0,0.1,0.0
PRF,45.996,-77.427,-4,2007,8,16,3,12.51,99.2,0.984,0.1,0.35,33.14,0.0,6.1577,20.3219,14.1641,25.7314,77.129,24.0466,262.9665,0.9231,39.1445,1.9662,0.09,83.1789,31.0984,53.0895,0.0,0.0,0.2,0.0
PRF,45.996,-77.427,-4,2007,8,16,4,11.73,97.5,4.356,0.0,0.35,33.14,0.0,6.1577,20.3219,14.1641,26.3916,76.6096,24.0466,262.9665,1.0537,39.1445,2.4028,0.1284,80.2539,31.0984,52.9602,0.0,0.0,0.2,1.0
PRF,45.996,-77.427,-4,2007,8,16,5,12.07,100.0,4.704,0.0,0.35,33.14,0.0,6.1577,20.3219,14.1641,27.4608,75.7767,24.0466,262.9665,1.0153,39.1445,2.2775,0.1168,80.2539,31.0984,52.9457,0.0,0.0,0.2,2.0
PRF,45.996,-77.427,-4,2007,8,16,6,12.75,97.2,6.552,0.1,0.35,33.14,0.0,6.1577,20.3219,14.1641,27.685,75.6034,24.0466,262.9665,1.1026,39.1445,2.5592,0.1435,103.0091,32.8127,52.0964,0.0,0.0,0.3,0.0
PRF,45.996,-77.427,-4,2007,8,16,7,13.67,95.7,7.956,0.0,0.35,33.14,0.0167,6.1577,20.3219,14.1641,27.685,75.6034,24.0597,263.359,1.1834,39.1726,2.8131,0.1697,91.7022,32.676,52.1011,0.0,0.0,0.3,1.0
PRF,45.996,-77.427,-4,2007,8,16,8,14.07,92.5,6.648,0.0,0.35,33.14,0.0659,6.1577,20.3219,14.1641,27.6351,75.642,24.0831,263.7576,1.1105,39.2147,2.5886,0.1465,73.3992,32.0204,52.4488,0.0,0.0,0.3,2.0
PRF,45.996,-77.427,-4,2007,8,16,9,15.13,87.9,10.31,0.0,0.35,33.14,0.1603,6.1577,20.3219,14.1641,27.2759,75.9201,24.1238,264.172,1.3588,39.28,3.3462,0.2307,50.5102,30.2427,53.0382,0.0,0.0,0.3,3.0
PRF,45.996,-77.427,-4,2007,8,16,10,17.82,78.22,6.732,0.0,0.35,33.14,0.3561,6.1577,20.3219,14.1641,26.2456,76.7241,24.2099,264.6268,1.1973,39.4068,2.871,0.1759,29.6332,26.6973,54.7503,0.0,0.0,0.3,4.0
PRF,45.996,-77.427,-4,2007,8,16,11,20.6,74.55,8.95,0.0,0.35,33.14,0.5031,6.1577,20.3219,14.1641,24.8478,77.8304,24.3263,265.1233,1.457,39.5747,3.6522,0.2693,18.0347,23.2339,55.9128,0.0,0.0,0.0,0.0
PRF,45.996,-77.427,-4,2007,8,16,12,23.84,65.44,12.3,0.0,0.35,33.14,0.6691,6.1577,20.3219,14.1641,22.6216,79.6299,24.5092,265.6684,2.033,39.8318,5.2362,0.5096,11.9932,19.1841,56.8033,0.4251,1.6084,0.0,0.0
PRF,45.996,-77.427,-4,2007,8,16,13,23.53,63.15,15.2,0.0,0.35,33.14,0.7051,6.1577,20.3219,14.1641,20.7359,81.1913,24.7017,266.2089,2.7841,40.1009,7.1011,0.8738,10.8607,17.3528,56.8005,0.733,2.7735,0.0,0.0
PRF,45.996,-77.427,-4,2007,8,16,14,22.98,52.21,16.03,0.0,0.35,33.14,0.728,6.1577,20.3219,14.1641,18.6437,82.9655,24.9455,266.7411,3.6018,40.4369,8.9645,1.3199,9.7846,15.4844,57.0457,0.9912,3.7505,0.0,0.0
PRF,45.996,-77.427,-4,2007,8,16,15,24.45,37.54,16.25,0.0,0.35,33.14,0.705,6.1577,20.3219,14.1641,15.9174,85.3454,25.2845,267.2953,5.0073,40.8975,11.8635,2.1673,7.9856,12.7839,57.4819,1.3238,5.2556,0.0,0.0
PRF,45.996,-77.427,-4,2007,8,16,16,24.62,27.55,19.31,0.0,0.35,33.14,0.6207,6.1577,20.3219,14.1641,13.1935,87.8041,25.6805,267.8521,8.2712,41.4306,17.5968,4.355,7.1802,10.6549,57.0873,1.9426,7.9948,0.0,0.0
PRF,45.996,-77.427,-4,2007,8,16,17,24.76,27.35,12.14,0.0,0.35,33.14,0.4998,6.1577,20.3219,14.1641,11.5506,89.3278,26.0799,268.411,7.1719,41.9658,15.9204,3.6478,6.9521,10.1445,58.7976,1.2784,5.0062,0.0,0.0
PRF,45.996,-77.427,-4,2007,8,16,18,24.18,28.2,10.81,0.0,0.35,33.14,0.3547,6.1577,20.3219,14.1641,10.5909,90.2325,26.4653,268.9612,7.6362,42.4806,16.7976,4.0111,6.9521,10.1445,59.0913,1.1235,4.0837,0.0,0.0
PRF,45.996,-77.427,-4,2007,8,16,19,23.22,31.37,9.1,0.0,0.35,33.14,0.1962,6.1577,20.3219,14.1641,10.2381,90.5679,26.8191,269.497,7.3501,42.9521,16.4183,3.8521,7.6062,10.1445,59.4621,0.9158,3.465,0.0,0.0
PRF,45.996,-77.427,-4,2007,8,16,20,20.33,39.32,8.22,0.0,0.35,33.14,0.0358,6.1577,20.3219,14.1641,10.2381,90.5679,27.0929,269.9895,7.0313,43.3185,15.9499,3.6597,9.5837,10.8604,59.5129,0.7439,2.8148,0.0,0.0
PRF,45.996,-77.427,-4,2007,8,16,21,15.6,59.46,4.86,0.0,0.35,33.14,0.0,6.1577,20.3219,14.1641,11.1217,89.7308,27.0929,269.9895,5.2655,43.3185,12.7527,2.4631,12.8973,13.4886,59.5471,0.1996,0.7551,0.0,0.0
PRF,45.996,-77.427,-4,2007,8,16,22,11.46,81.5,2.196,0.0,0.35,33.14,0.0,6.1577,20.3219,14.1641,12.8118,88.1553,27.0929,269.9895,3.672,43.3185,9.4957,1.4615,17.3745,17.6725,58.6571,0.0337,0.1276,0.0,0.0
PRF,45.996,-77.427,-4,2007,8,16,23,9.17,80.6,4.128,0.0,0.35,33.14,0.0,6.1577,20.3219,14.1641,14.1976,86.8881,27.0929,269.9895,3.377,43.3185,8.84,1.2876,19.7717,19.9233,57.6296,0.0019,0.007,0.0,0.0
PRF,45.996,-77.427,-4,2007,8,17,0,7.818,89.0,3.648,0.0,0.35,34.07,0.0,6.1784,20.2944,14.1159,15.9022,85.3589,27.0929,269.9895,2.6585,43.3185,7.1518,0.8849,22.6356,22.7146,57.0849,0.0,0.0,0.0,0.0
PRF,45.996,-77.427,-4,2007,8,17,1,7.346,91.3,2.604,0.0,0.35,34.07,0.0,6.1784,20.2944,14.1159,17.4635,83.9861,27.0929,269.9895,2.0921,43.3185,5.7079,0.5936,24.6311,24.6735,56.3546,0.0,0.0,0.0,0.0
PRF,45.996,-77.427,-4,2007,8,17,2,6.39,94.9,1.92,0.0,0.35,34.07,0.0,6.1784,20.2944,14.1159,19.1004,82.5743,27.0929,269.9895,1.6836,43.3185,4.584,0.4027,26.6279,26.6515,55.5331,0.0,0.0,0.0,0.0
PRF,45.996,-77.427,-4,2007,8,17,3,5.47,94.8,1.86,0.0,0.35,34.07,0.0,6.1784,20.2944,14.1159,20.4442,81.436,27.0929,269.9895,1.4624,43.3185,3.9381,0.3078,27.7914,27.8048,55.0169,0.0,0.0,0.0,0.0
PRF,45.996,-77.427,-4,2007,8,17,4,5.311,97.7,3.876,0.0,0.35,34.07,0.0,6.1784,20.2944,14.1159,22.071,80.0822,27.0929,269.9895,1.393,43.3185,3.729,0.2794,29.3315,29.3387,54.2211,0.0,0.0,0.0,0.0
PRF,45.996,-77.427,-4,2007,8,17,5,4.937,99.0,4.02,0.0,0.35,34.07,0.0,6.1784,20.2944,14.1159,23.6425,78.7988,27.0929,269.9895,1.2365,43.3185,3.244,0.2184,30.6139,30.6178,53.6329,0.0,0.0,0.0,0.0
PRF,45.996,-77.427,-4,2007,8,17,6,4.186,99.4,2.124,0.0,0.35,34.07,0.0,6.1784,20.2944,14.1159,24.9286,77.766,27.0929,269.9895,1.0275,43.3185,2.5601,0.1436,31.4722,31.4745,53.3114,0.0,0.0,0.0,0.0
PRF,45.996,-77.427,-4,2007,8,17,7,4.528,99.8,3.396,0.0,0.35,34.07,0.0004,6.1784,20.2944,14.1159,26.1463,76.8021,27.0931,270.2449,1.0177,43.327,2.5271,0.1403,32.063,32.0809,52.9827,0.0,0.0,0.0,0.0
PRF,45.996,-77.427,-4,2007,8,17,8,10.89,75.6,5.472,0.0,0.35,34.07,0.1409,6.1784,20.2944,14.1159,25.5088,77.305,27.1521,270.5957,1.1728,43.4137,3.0465,0.1954,26.9383,28.8861,54.3411,0.0,0.0,0.0,0.0
PRF,45.996,-77.427,-4,2007,8,17,9,14.38,62.5,6.9,0.0,0.35,34.07,0.3212,6.1784,20.2944,14.1159,24.0824,78.4438,27.2718,270.9989,1.3845,43.5796,3.7211,0.2784,19.8854,24.1629,56.2211,0.0,0.0,0.0,0.0
PRF,45.996,-77.427,-4,2007,8,17,10,16.93,53.58,14.04,0.0,0.35,34.07,0.4887,6.1784,20.2944,14.1159,21.9495,80.1824,27.4463,271.4404,2.3494,43.8165,6.4267,0.7323,14.7045,19.6353,56.8899,0.4847,1.8338,0.0,0.0
PRF,45.996,-77.427,-4,2007,8,17,11,19.17,46.07,12.91,0.0,0.35,34.07,0.6259,6.1784,20.2944,14.1159,19.6511,82.1057,27.6758,271.9154,2.7644,44.1241,7.4969,0.9619,11.0865,16.4773,57.8872,0.7653,2.8958,0.0,0.0
PRF,45.996,-77.427,-4,2007,8,17,12,19.61,39.69,6.816,0.0,0.35,34.07,0.7093,6.1784,20.2944,14.1159,17.7125,83.7695,27.9384,272.3971,2.5135,44.4733,6.91,0.8326,8.3846,14.6582,59.3999,0.3664,1.3862,0.0,0.0
PRF,45.996,-77.427,-4,2007,8,17,13,19.61,41.95,7.98,0.0,0.35,34.07,0.7344,6.1784,20.2944,14.1159,16.3464,84.9657,28.1911,272.8787,3.1322,44.8091,8.4546,1.1899,8.0007,14.179,59.3205,0.5024,1.9008,0.0,0.0
PRF,45.996,-77.427,-4,2007,8,17,14,18.01,45.15,14.71,0.0,0.35,34.07,0.7021,6.1784,20.2944,14.1159,15.5133,85.705,28.4104,273.3364,4.8712,45.1013,12.261,2.2975,8.2324,14.179,58.0418,1.1456,4.2227,0.0,0.0
PRF,45.996,-77.427,-4,2007,8,17,15,10.49,96.9,4.596,5.2,0.35,34.07,0.0591,6.1784,20.2944,14.1159,114.4252,30.8239,17.8591,261.979,0.0054,30.5173,0.0065,0.0,212.0306,98.4369,26.3868,0.0,0.0,5.2,0.0
PRF,45.996,-77.427,-4,2007,8,17,16,11.38,95.1,2.676,1.8,0.35,34.07,0.0841,6.1784,20.2944,14.1159,146.9404,20.8419,13.1121,256.7155,0.0002,23.2548,0.0002,0.0,202.4541,120.1722,20.1007,0.0,0.0,7.0,0.0
PRF,45.996,-77.427,-4,2007,8,17,17,12.44,92.1,6.636,0.1,0.35,34.07,0.111,6.1784,20.2944,14.1159,141.5422,22.3435,12.756,256.7793,0.0004,22.6937,0.0004,0.0,165.7391,105.0982,24.3573,0.0,0.0,7.1,0.0
PRF,45.996,-77.427,-4,2007,8,17,18,11.65,94.1,3.18,0.3,0.35,34.07,0.0578,6.1784,20.2944,14.1159,142.4251,22.0941,11.7423,256.2112,0.0003,21.0704,0.0003,0.0,205.5686,101.0912,25.5664,0.0,0.0,7.4,0.0
PRF,45.996,-77.427,-4,2007,8,17,19,11.79,91.7,11.35,0.0,0.35,34.07,0.0435,6.1784,20.2944,14.1159,134.4147,24.4143,11.764,256.5756,0.0011,21.1085,0.001,0.0,157.2372,85.6692,30.5632,0.0,0.0,7.4,1.0
PRF,45.996,-77.427,-4,2007,8,17,20,10.94,95.2,5.724,0.0,0.35,34.07,0.0043,6.1784,20.2944,14.1159,130.8039,25.504,11.7757,256.9272,0.0012,21.1302,0.0011,0.0,142.2967,79.7094,32.6549,0.0,0.0,7.4,2.0
PRF,45.996,-77.427,-4,2007,8,17,21,10.16,95.7,6.804,0.0,0.35,34.07,0.0,6.1784,20.2944,14.1159,127.577,26.5019,11.7757,256.9272,0.0017,21.1302,0.0016,0.0,130.9295,74.8305,34.4393,0.0,0.0,7.4,3.0
PRF,45.996,-77.427,-4,2007,8,17,22,10.2,95.8,7.332,0.1,0.35,34.07,0.0,6.1784,20.2944,14.1159,126.2723,26.9121,11.4106,256.6167,0.002,20.5382,0.0019,0.0,146.3051,71.9834,35.512,0.0,0.0,7.5,0.0
PRF,45.996,-77.427,-4,2007,8,17,23,10.2,94.7,8.3,0.2,0.35,34.07,0.0,6.1784,20.2944,14.1159,125.9499,27.0141,10.7219,255.9965,0.0022,19.4112,0.002,0.0,180.9153,69.6873,36.394,0.0,0.0,7.7,0.0
PRF,45.996,-77.427,-4,2007,8,18,0,9.85,93.1,8.64,0.0,0.35,35.0,0.0,6.1991,20.2665,14.0674,120.9423,28.6293,10.7219,255.9965,0.0036,19.4112,0.0032,0.0,156.5968,63.3731,39.2353,0.0,0.0,7.7,1.0
PRF,45.996,-77.427,-4,2007,8,18,1,9.14,95.3,9.49,0.0,0.35,35.0,0.0,6.1991,20.2665,14.0674,117.5587,29.7552,10.7219,255.9965,0.0052,19.4112,0.0046,0.0,141.7717,59.6922,40.7628,0.0,0.0,7.7,2.0
PRF,45.996,-77.427,-4,2007,8,18,2,9.48,94.4,9.06,0.0,0.35,35.0,0.0,6.1991,20.2665,14.0674,113.7486,31.0581,10.7219,255.9965,0.0072,19.4112,0.0064,0.0,126.6356,55.8491,42.4045,0.0,0.0,7.7,3.0
PRF,45.996,-77.427,-4,2007,8,18,3,9.1,96.0,8.35,0.0,0.35,35.0,0.0,6.1991,20.2665,14.0674,111.1784,31.9586,10.7219,255.9965,0.0088,19.4112,0.0078,0.0,117.2858,53.5821,43.3961,0.0,0.0,7.7,4.0
PRF,45.996,-77.427,-4,2007,8,18,4,9.04,95.1,7.692,0.0,0.35,35.0,0.0,6.1991,20.2665,14.0674,108.2571,33.0042,10.7219,255.9965,0.0111,19.4112,0.0098,0.0,107.4807,51.1391,44.4822,0.0,0.0,0.0,0.0
PRF,45.996,-77.427,-4,2007,8,18,5,9.85,89.8,7.812,0.0,0.35,35.0,0.0,6.1991,20.2665,14.0674,102.7058,35.0584,10.7219,255.9965,0.0182,19.4112,0.0162,0.0,90.9472,46.4042,46.6252,0.0,0.0,0.0,0.0
PRF,45.996,-77.427,-4,2007,8,18,6,9.75,85.9,4.74,0.0,0.35,35.0,0.0,6.1991,20.2665,14.0674,96.8656,37.3203,10.7219,255.9965,0.0256,19.4112,0.0228,0.0,76.2084,41.8555,48.7709,0.0,0.0,0.0,0.0
PRF,45.996,-77.427,-4,2007,8,18,7,8.97,87.8,6.624,0.0,0.35,35.0,0.0305,6.1991,20.2665,14.0674,91.7554,39.3902,10.7462,256.3186,0.0429,19.4534,0.0382,0.0001,63.6431,38.7325,50.2058,0.0,0.0,0.0,0.0
PRF,45.996,-77.427,-4,2007,8,18,8,10.4,79.78,9.22,0.0,0.35,35.0,0.119,6.1991,20.2665,14.0674,83.7622,42.8115,10.7928,256.6621,0.0914,19.5323,0.0817,0.0003,46.3836,33.7735,52.4191,0.0,0.0,0.0,0.0
PRF,45.996,-77.427,-4,2007,8,18,9,11.58,74.37,7.992,0.0,0.35,35.0,0.2312,6.1991,20.2665,14.0674,75.416,46.646,10.8587,257.0233,0.1569,19.6428,0.1406,0.0008,32.6485,29.3454,54.445,0.0,0.0,0.0,0.0
PRF,45.996,-77.427,-4,2007,8,18,10,12.33,64.92,8.41,0.0,0.35,35.0,0.3783,6.1991,20.2665,14.0674,66.2468,51.2042,10.9548,257.3957,0.2883,19.8025,0.2597,0.0025,22.6023,25.0833,56.1894,0.0,0.0,0.0,0.0
PRF,45.996,-77.427,-4,2007,8,18,11,14.58,57.03,8.64,0.0,0.35,35.0,0.532,6.1991,20.2665,14.0674,56.729,56.369,11.0938,257.8019,0.4852,20.0326,0.4403,0.0064,15.8376,21.3398,57.5629,0.0,0.0,0.0,0.0
PRF,45.996,-77.427,-4,2007,8,18,12,15.62,51.29,13.19,0.0,0.35,35.0,0.6321,6.1991,20.2665,14.0674,47.3071,61.9794,11.2627,258.2237,0.8912,20.3108,0.8158,0.019,12.6874,18.5401,57.7985,0.6209,2.3493,0.0,0.0
PRF,45.996,-77.427,-4,2007,8,18,13,15.12,54.88,12.82,0.0,0.35,35.0,0.6334,6.1991,20.2665,14.0674,40.5268,66.3652,11.4142,258.638,1.0589,20.56,0.9768,0.0261,12.1333,17.7923,58.0572,0.685,2.5919,0.0,0.0
PRF,45.996,-77.427,-4,2007,8,18,14,16.14,55.73,6.888,0.0,0.35,35.0,0.6349,6.1991,20.2665,14.0674,35.6771,69.7016,11.5728,259.0676,0.8764,20.8205,0.8149,0.0189,11.1398,17.4128,59.0888,0.1969,0.7452,0.0,0.0
PRF,45.996,-77.427,-4,2007,8,18,15,15.76,53.72,9.0,0.0,0.35,35.0,0.5951,6.1991,20.2665,14.0674,31.4752,72.7387,11.7347,259.4915,1.0835,21.0856,1.1129,0.0329,11.1398,17.0971,58.8628,0.3199,1.2105,0.0,0.0
PRF,45.996,-77.427,-4,2007,8,18,16,16.31,56.93,5.976,0.0,0.35,35.0,0.5121,6.1991,20.2665,14.0674,28.5123,74.9676,11.8907,259.9237,1.0326,21.3407,0.9754,0.026,11.1398,17.0971,59.3198,0.1733,0.6557,0.0,0.0
PRF,45.996,-77.427,-4,2007,8,18,17,16.61,55.66,7.212,0.0,0.35,35.0,0.4178,6.1991,20.2665,14.0674,25.9058,76.9914,12.0542,260.3603,1.2505,21.6074,1.6689,0.0673,11.1398,17.0026,59.1658,0.2447,0.9261,0.0,0.0
PRF,45.996,-77.427,-4,2007,8,18,18,16.31,56.08,7.356,0.0,0.35,35.0,0.2919,6.1991,20.2665,14.0674,23.8639,78.6199,12.2132,260.7925,1.4392,21.8664,2.1432,0.1048,11.6347,17.0026,59.144,0.252,0.9534,0.0,0.0
PRF,45.996,-77.427,-4,2007,8,18,19,16.15,59.87,4.32,0.0,0.35,35.0,0.1531,6.1991,20.2665,14.0674,22.5667,79.6748,12.3571,261.2222,1.3661,22.1005,1.9961,0.0924,12.7591,17.0026,59.5859,0.098,0.3707,0.0,0.0
PRF,45.996,-77.427,-4,2007,8,18,20,13.66,75.66,4.236,0.0,0.35,35.0,0.0164,6.1991,20.2665,14.0674,22.2715,79.9171,12.4309,261.6146,1.3943,22.2221,2.0737,0.0989,16.2827,18.4284,59.1157,0.0503,0.1904,0.0,0.0
PRF,45.996,-77.427,-4,2007,8,18,21,12.4,83.0,3.828,0.0,0.35,35.0,0.0,6.1991,20.2665,14.0674,22.2715,79.9171,12.4309,261.6146,1.366,22.2221,2.0072,0.0934,19.4168,20.42,58.4401,0.0,0.0,0.0,0.0
PRF,45.996,-77.427,-4,2007,8,18,22,10.29,92.7,1.788,0.0,0.35,35.0,0.0,6.1991,20.2665,14.0674,22.8497,79.4433,12.4309,261.6146,1.175,22.2221,1.5275,0.0576,23.0483,23.5624,57.3586,0.0,0.0,0.0,0.0
PRF,45.996,-77.427,-4,2007,8,18,23,8.76,98.2,1.092,0.0,0.35,35.0,0.0,6.1991,20.2665,14.0674,24.06,78.4618,12.4309,261.6146,1.0349,22.2221,1.039,0.0291,26.4941,26.7727,55.9837,0.0,0.0,0.0,0.0
PRF,45.996,-77.427,-4,2007,8,19,0,8.52,99.5,1.98,0.0,0.35,35.8,0.0,6.2198,20.2384,14.0186,25.3492,77.4315,12.4309,261.6146,0.9933,22.2221,0.9628,0.0254,28.8796,29.0267,55.2904,0.0,0.0,0.0,0.0
PRF,45.996,-77.427,-4,2007,8,19,1,7.673,99.4,2.304,0.0,0.35,35.8,0.0,6.2198,20.2384,14.0186,26.4071,76.5975,12.4309,261.6146,0.9494,22.2221,0.9203,0.0235,30.1974,30.2759,54.6907,0.0,0.0,0.0,0.0
PRF,45.996,-77.427,-4,2007,8,19,2,6.997,99.4,2.316,0.0,0.35,35.8,0.0,6.2198,20.2384,14.0186,27.2859,75.9123,12.4309,261.6146,0.9078,22.2221,0.88,0.0217,30.972,31.0145,54.3417,0.0,0.0,0.0,0.0
PRF,45.996,-77.427,-4,2007,8,19,3,6.418,99.8,1.332,0.0,0.35,35.8,0.0,6.2198,20.2384,14.0186,28.0583,75.3157,12.4309,261.6146,0.8333,22.2221,0.8078,0.0186,31.5654,31.5894,54.1041,0.0,0.0,0.0,0.0
PRF,45.996,-77.427,-4,2007,8,19,4,5.23,99.9,1.152,0.0,0.35,35.8,0.0,6.2198,20.2384,14.0186,28.7268,74.8037,12.4309,261.6146,0.8027,22.2221,0.7781,0.0174,32.052,32.066,53.8817,0.0,0.0,0.0,0.0
PRF,45.996,-77.427,-4,2007,8,19,5,5.4,99.8,2.532,0.0,0.35,35.8,0.0,6.2198,20.2384,14.0186,29.3141,74.3571,12.4309,261.6146,0.8408,22.2221,0.815,0.0189,32.2987,32.3065,53.7208,0.0,0.0,0.0,0.0
PRF,45.996,-77.427,-4,2007,8,19,6,4.103,99.9,2.064,0.0,0.35,35.8,0.0,6.2198,20.2384,14.0186,29.83,73.9672,12.4309,261.6146,0.8058,22.2221,0.7811,0.0176,32.6079,32.6124,53.5904,0.0,0.0,0.0,0.0
PRF,45.996,-77.427,-4,2007,8,19,7,4.382,99.8,1.5,0.0,0.35,35.8,0.0004,6.2198,20.2384,14.0186,30.2372,73.661,12.4311,261.8679,0.7722,22.2246,0.7486,0.0163,32.707,32.7253,53.5541,0.0,0.0,0.0,0.0
PRF,45.996,-77.427,-4,2007,8,19,8,9.49,94.1,2.424,0.0,0.35,35.8,0.0392,6.2198,20.2384,14.0186,30.1928,73.6943,12.4435,262.1977,0.8102,22.2475,0.786,0.0178,32.0743,32.6048,53.5823,0.0,0.0,0.0,0.0
PRF,45.996,-77.427,-4,2007,8,19,9,12.74,79.32,3.744,0.0,0.35,35.8,0.209,6.2198,20.2384,14.0186,29.2879,74.3769,12.502,262.5763,0.8946,22.3443,0.8703,0.0213,26.1813,29.7554,54.8699,0.0,0.0,0.0,0.0
PRF,45.996,-77.427,-4,2007,8,19,10,15.19,65.32,8.14,0.0,0.35,35.8,0.412,6.2198,20.2384,14.0186,27.2443,75.9446,12.619,262.9917,1.2199,22.5348,1.6758,0.0678,18.7312,24.6812,56.7727,0.0,0.0,0.0,0.0
PRF,45.996,-77.427,-4,2007,8,19,11,16.1,55.31,5.556,0.0,0.35,35.8,0.5585,6.2198,20.2384,14.0186,25.029,77.686,12.7787,263.4207,1.2136,22.7931,1.6827,0.0683,13.5542,20.8267,58.5137,0.0,0.0,0.0,0.0
PRF,45.996,-77.427,-4,2007,8,19,12,16.78,55.48,7.392,0.0,0.35,35.8,0.6264,6.2198,20.2384,14.0186,23.0774,79.2575,12.9445,263.8599,1.5304,23.0608,2.4639,0.1342,11.5234,18.7172,59.0237,0.1169,0.4423,0.0,0.0
PRF,45.996,-77.427,-4,2007,8,19,13,17.02,52.38,7.812,0.0,0.35,35.8,0.6702,6.2198,20.2384,14.0186,21.3106,80.7118,13.1245,264.3027,1.8178,23.3502,3.1173,0.2035,10.4459,17.3741,59.3865,0.2593,0.9813,0.0,0.0
PRF,45.996,-77.427,-4,2007,8,19,14,16.71,55.65,4.164,0.0,0.35,35.8,0.641,6.2198,20.2384,14.0186,20.2293,81.6169,13.289,264.7408,1.6777,23.6146,2.8442,0.173,10.1404,17.1362,59.9897,0.0975,0.3691,0.0,0.0
PRF,45.996,-77.427,-4,2007,8,19,15,19.03,46.21,9.42,0.0,0.35,35.8,0.6542,6.2198,20.2384,14.0186,18.5031,83.0862,13.5162,265.2138,2.6217,23.9775,4.7887,0.4351,9.5055,15.6704,59.6089,0.5451,2.0627,0.0,0.0
PRF,45.996,-77.427,-4,2007,8,19,16,17.84,47.33,7.752,0.0,0.35,35.8,0.5577,6.2198,20.2384,14.0186,17.3937,84.0469,13.7248,265.6689,2.7338,24.31,5.0444,0.477,9.5055,15.4166,59.9614,0.4483,1.6963,0.0,0.0
PRF,45.996,-77.427,-4,2007,8,19,17,19.2,42.86,7.584,0.0,0.35,35.8,0.4625,6.2198,20.2384,14.0186,16.202,85.0933,13.9684,266.1444,3.1247,24.6964,5.8173,0.6139,9.5055,14.6438,60.1983,0.5081,1.9227,0.0,0.0
PRF,45.996,-77.427,-4,2007,8,19,18,19.3,40.75,4.98,0.0,0.35,35.8,0.3276,6.2198,20.2384,14.0186,15.2384,85.9506,14.2223,266.6214,3.0877,25.0976,5.8095,0.6125,9.5055,14.1297,60.7869,0.2376,0.8989,0.0,0.0
PRF,45.996,-77.427,-4,2007,8,19,19,18.52,47.13,4.044,0.0,0.35,35.8,0.171,6.2198,20.2384,14.0186,14.8572,86.2926,14.4396,267.0867,3.0907,25.4407,5.8652,0.6229,10.4373,14.1297,60.944,0.1946,0.7365,0.0,0.0
PRF,45.996,-77.427,-4,2007,8,19,20,12.73,82.2,2.484,0.0,0.35,35.8,0.0107,6.2198,20.2384,14.0186,15.9157,85.347,14.4899,267.4651,2.5029,25.5231,4.7612,0.4307,16.1505,18.1061,59.8719,0.0396,0.15,0.0,0.0
PRF,45.996,-77.427,-4,2007,8,19,21,9.07,91.5,2.892,0.0,0.35,35.8,0.0,6.2198,20.2384,14.0186,17.5489,83.9117,14.4899,267.4651,2.1018,25.5231,3.9499,0.3094,21.2397,22.2413,58.2285,0.0,0.0,0.0,0.0
PRF,45.996,-77.427,-4,2007,8,19,22,7.708,96.7,3.06,0.0,0.35,35.8,0.0,6.2198,20.2384,14.0186,19.5374,82.2022,14.4899,267.4651,1.7028,25.5231,3.0892,0.2003,25.3495,25.874,56.6655,0.0,0.0,0.0,0.0
PRF,45.996,-77.427,-4,2007,8,19,23,6.936,99.3,2.76,0.0,0.35,35.8,0.0,6.2198,20.2384,14.0186,21.5739,80.4931,14.4899,267.4651,1.3759,25.5231,2.3267,0.1213,28.3554,28.6367,55.4338,0.0,0.0,0.0,0.0
PRF,45.996,-77.427,-4,2007,8,20,0,5.878,99.3,2.208,0.0,0.35,36.6,0.0,6.2405,20.21,13.9694,23.2042,79.1543,14.4899,267.4651,1.1669,25.5231,1.7914,0.0763,30.0235,30.18,55.1254,0.0,0.0,0.0,0.0
PRF,45.996,-77.427,-4,2007,8,20,1,5.537,99.8,3.048,0.0,0.35,36.6,0.0,6.2405,20.21,13.9694,24.7011,77.9475,14.4899,267.4651,1.0927,25.5231,1.5831,0.0613,31.1718,31.2578,54.5804,0.0,0.0,0.0,0.0
PRF,45.996,-77.427,-4,2007,8,20,2,4.787,99.9,3.144,0.0,0.35,36.6,0.0,6.2405,20.21,13.9694,25.9665,76.9436,14.4899,267.4651,1.0152,25.5231,1.3414,0.0457,31.9142,31.9621,54.242,0.0,0.0,0.0,0.0
PRF,45.996,-77.427,-4,2007,8,20,3,4.317,99.9,2.556,0.0,0.35,36.6,0.0,6.2405,20.21,13.9694,27.0053,76.1303,14.4899,267.4651,0.9318,25.5231,0.9882,0.0266,32.3706,32.3979,54.0545,0.0,0.0,0.0,0.0
PRF,45.996,-77.427,-4,2007,8,20,4,3.777,99.9,2.736,0.0,0.35,36.6,0.0,6.2405,20.21,13.9694,27.889,75.4461,14.4899,267.4651,0.9012,25.5231,0.9558,0.0251,32.6905,32.7062,53.9007,0.0,0.0,0.0,0.0
PRF,45.996,-77.427,-4,2007,8,20,5,3.538,99.8,3.12,0.0,0.35,36.6,0.0,6.2405,20.21,13.9694,28.6315,74.8765,14.4899,267.4651,0.8898,25.5231,0.9437,0.0245,32.8709,32.8799,53.8048,0.0,0.0,0.0,0.0
PRF,45.996,-77.427,-4,2007,8,20,6,3.538,99.8,3.444,0.0,0.35,36.6,0.0,6.2405,20.21,13.9694,29.2671,74.3927,14.4899,267.4651,0.8819,25.5231,0.9353,0.0242,32.9751,32.9802,53.7461,0.0,0.0,0.0,0.0
PRF,45.996,-77.427,-4,2007,8,20,7,4.255,99.9,2.1,0.0,0.35,36.6,0.0002,6.2405,20.21,13.9694,29.7894,73.9977,14.49,267.7164,0.8084,25.5261,0.8574,0.0207,32.9751,32.9855,53.7868,0.0,0.0,0.0,0.0
PRF,45.996,-77.427,-4,2007,8,20,8,8.84,93.6,4.044,0.0,0.35,36.6,0.0401,6.2405,20.21,13.9694,29.7433,74.0325,14.5026,268.0365,0.8931,25.5492,0.9478,0.0247,32.2052,32.7869,53.8178,0.0,0.0,0.0,0.0
PRF,45.996,-77.427,-4,2007,8,20,9,11.72,83.1,3.624,0.0,0.35,36.6,0.1704,6.2405,20.21,13.9694,29.1431,74.4868,14.5466,268.3998,0.8942,25.6216,0.9508,0.0249,27.563,30.726,54.8081,0.0,0.0,0.0,0.0
PRF,45.996,-77.427,-4,2007,8,20,10,14.65,72.15,2.076,0.0,0.35,36.6,0.3585,6.2405,20.21,13.9694,27.9629,75.3892,14.6371,268.8071,0.8689,25.7666,0.9273,0.0238,20.8203,27.2776,56.4896,0.0,0.0,0.0,0.0
PRF,45.996,-77.427,-4,2007,8,20,11,17.12,56.23,5.892,0.0,0.35,36.6,0.5649,6.2405,20.21,13.9694,25.5304,77.2879,14.8035,269.2514,1.1964,26.0292,1.9118,0.0856,13.969,21.9229,58.4767,0.0,0.0,0.0,0.0
PRF,45.996,-77.427,-4,2007,8,20,12,18.31,49.31,5.124,0.0,0.35,36.6,0.667,6.2405,20.21,13.9694,23.08,79.2555,15.0095,269.7135,1.3648,26.3527,2.3705,0.1253,10.2576,18.3635,59.8697,0.079,0.2988,0.0,0.0
PRF,45.996,-77.427,-4,2007,8,20,13,19.16,47.02,5.832,0.0,0.35,36.6,0.7104,6.2405,20.21,13.9694,20.8786,81.0719,15.2349,270.1884,1.713,26.7052,3.2273,0.2164,8.7694,16.3294,60.4342,0.2434,0.9209,0.0,0.0
PRF,45.996,-77.427,-4,2007,8,20,14,19.71,40.82,6.216,0.0,0.35,36.6,0.7185,6.2405,20.21,13.9694,18.7283,82.8928,15.4938,270.6716,2.1763,27.1083,4.2847,0.3573,7.8229,14.7195,60.8464,0.3951,1.495,0.0,0.0
PRF,45.996,-77.427,-4,2007,8,20,15,19.44,43.1,5.316,0.0,0.35,36.6,0.6616,6.2405,20.21,13.9694,17.2867,84.1402,15.7394,271.1507,2.4484,27.4896,4.8954,0.4524,7.8229,14.3658,61.0989,0.3031,1.1468,0.0,0.0
PRF,45.996,-77.427,-4,2007,8,20,16,19.85,41.4,5.832,0.0,0.35,36.6,0.581,6.2405,20.21,13.9694,16.036,85.2403,15.9976,271.6359,2.9194,27.889,5.8861,0.6268,7.8229,13.9817,61.1167,0.3993,1.5108,0.0,0.0
PRF,45.996,-77.427,-4,2007,8,20,17,20.67,40.27,5.136,0.0,0.35,36.6,0.4689,6.2405,20.21,13.9694,14.9797,86.1825,16.2717,272.1335,3.2152,28.3114,6.513,0.7498,7.8229,13.5804,61.3486,0.3129,1.184,0.0,0.0
PRF,45.996,-77.427,-4,2007,8,20,18,20.22,42.32,4.404,0.0,0.35,36.6,0.3254,6.2405,20.21,13.9694,14.3308,86.7675,16.5306,272.6243,3.3661,28.7093,6.8556,0.821,8.4058,13.5804,61.4766,0.2492,0.9428,0.0,0.0
PRF,45.996,-77.427,-4,2007,8,20,19,19.54,46.48,5.688,0.0,0.35,36.6,0.1698,6.2405,20.21,13.9694,14.051,87.0211,16.7628,273.1049,3.723,29.0656,7.5703,0.9786,9.8752,13.5804,61.2506,0.4046,1.5308,0.0,0.0
PRF,45.996,-77.427,-4,2007,8,20,20,13.62,83.0,1.764,0.0,0.35,36.6,0.0088,6.2405,20.21,13.9694,15.289,85.9054,16.8142,273.4967,2.6092,29.1484,5.4283,0.5432,15.9239,17.8616,60.4768,0.0353,0.1338,0.0,0.0
PRF,45.996,-77.427,-4,2007,8,20,21,10.13,94.0,1.632,0.0,0.35,36.6,0.0,6.2405,20.21,13.9694,17.2666,84.1578,16.8142,273.4967,2.0384,29.1484,4.2062,0.3458,21.5771,22.5775,58.6103,0.0,0.0,0.0,0.0
PRF,45.996,-77.427,-4,2007,8,20,22,7.842,98.1,2.148,0.0,0.35,36.6,0.0,6.2405,20.21,13.9694,19.4643,82.2643,16.8142,273.4967,1.6388,29.1484,3.282,0.2229,25.8515,26.3857,56.8934,0.0,0.0,0.0,0.0
PRF,45.996,-77.427,-4,2007,8,20,23,7.481,98.9,2.484,0.0,0.35,36.6,0.0,6.2405,20.21,13.9694,21.4401,80.6041,16.8142,273.4967,1.3734,29.1484,2.6237,0.15,28.4405,28.7254,55.7971,0.0,0.0,0.0,0.0
PRF,45.996,-77.427,-4,2007,8,21,0,6.8,99.9,2.16,0.0,0.35,37.4,0.0,6.2612,20.1812,13.92,23.2227,79.1393,16.8142,273.4967,1.1624,29.1484,2.0609,0.0978,30.1946,30.3502,55.433,0.0,0.0,0.0,0.0
PRF,45.996,-77.427,-4,2007,8,21,1,5.059,99.8,2.004,0.0,0.35,37.4,0.0,6.2612,20.1812,13.92,24.6494,77.9889,16.8142,273.4967,1.0403,29.1484,1.7066,0.0701,31.2748,31.3633,54.9525,0.0,0.0,0.0,0.0
PRF,45.996,-77.427,-4,2007,8,21,2,4.42,99.9,2.544,0.0,0.35,37.4,0.0,6.2612,20.1812,13.92,25.8916,77.0026,16.8142,273.4967,0.9892,29.1484,1.5465,0.0588,31.9958,32.0462,54.6038,0.0,0.0,0.0,0.0
PRF,45.996,-77.427,-4,2007,8,21,3,4.118,99.9,1.992,0.0,0.35,37.4,0.0,6.2612,20.1812,13.92,26.9169,76.1992,16.8142,273.4967,0.9097,29.1484,1.2646,0.0412,32.4298,32.459,54.423,0.0,0.0,0.0,0.0
PRF,45.996,-77.427,-4,2007,8,21,4,3.503,99.8,2.22,0.0,0.35,37.4,0.0,6.2612,20.1812,13.92,27.779,75.5309,16.8142,273.4967,0.8825,29.1484,1.1431,0.0345,32.7177,32.7347,54.2819,0.0,0.0,0.0,0.0
PRF,45.996,-77.427,-4,2007,8,21,5,3.094,99.8,2.544,0.0,0.35,37.4,0.0,6.2612,20.1812,13.92,28.5239,74.9588,16.8142,273.4967,0.8682,29.1484,1.0565,0.03,32.9315,32.9415,54.1713,0.0,0.0,0.0,0.0
PRF,45.996,-77.427,-4,2007,8,21,6,2.308,99.8,3.048,0.0,0.35,37.4,0.0,6.2612,20.1812,13.92,29.1741,74.4633,16.8142,273.4967,0.8676,29.1484,1.0515,0.0297,33.1432,33.1491,54.0548,0.0,0.0,0.0,0.0
PRF,45.996,-77.427,-4,2007,8,21,7,3.094,99.8,2.484,0.0,0.35,37.4,0.0004,6.2612,20.1812,13.92,29.7119,74.0562,16.8143,273.7306,0.8265,29.1519,0.9573,0.0252,33.167,33.1837,54.0559,0.0,0.0,0.0,0.0
PRF,45.996,-77.427,-4,2007,8,21,8,8.98,95.9,3.384,0.0,0.35,37.4,0.0264,6.2612,20.1812,13.92,29.7119,74.0562,16.8225,274.0528,0.8649,29.1688,1.0301,0.0287,32.8887,33.18,54.0291,0.0,0.0,0.0,0.0
PRF,45.996,-77.427,-4,2007,8,21,9,12.78,80.6,3.336,0.0,0.35,37.4,0.1976,6.2612,20.1812,13.92,28.9459,74.6367,16.8775,274.432,0.8882,29.2569,1.1812,0.0365,27.0187,30.4449,55.3384,0.0,0.0,0.0,0.0
PRF,45.996,-77.427,-4,2007,8,21,10,16.46,67.1,6.312,0.0,0.35,37.4,0.4137,6.2612,20.1812,13.92,27.0547,76.0919,16.9978,274.8664,1.1231,29.4435,1.9717,0.0905,18.755,25.2031,57.521,0.0,0.0,0.0,0.0
PRF,45.996,-77.427,-4,2007,8,21,11,18.72,52.93,11.16,0.0,0.35,37.4,0.5929,6.2612,20.1812,13.92,24.081,78.4449,17.1934,275.3347,1.7162,29.7434,3.5218,0.2525,12.8783,19.654,59.0342,0.5172,1.9569,0.0,0.0
PRF,45.996,-77.427,-4,2007,8,21,12,19.88,46.72,11.51,0.0,0.35,37.4,0.6864,6.2612,20.1812,13.92,21.2397,80.7707,17.4285,275.8204,2.2045,30.1019,4.6765,0.4172,10.0521,16.4376,59.8992,0.9324,3.5278,0.0,0.0
PRF,45.996,-77.427,-4,2007,8,21,13,20.97,40.92,11.76,0.0,0.35,37.4,0.7349,6.2612,20.1812,13.92,18.6022,83.001,17.7036,276.3224,2.9177,30.5189,6.2323,0.6936,8.4597,14.3794,60.3548,1.2149,4.6425,0.0,0.0
PRF,45.996,-77.427,-4,2007,8,21,14,21.59,41.16,9.98,0.0,0.35,37.4,0.7266,6.2612,20.1812,13.92,16.7015,84.6528,17.9856,276.8338,3.3192,30.945,7.088,0.871,7.8733,13.6136,60.8772,1.088,3.8543,0.0,0.0
PRF,45.996,-77.427,-4,2007,8,21,15,22.4,37.41,13.88,0.0,0.35,37.4,0.683,6.2612,20.1812,13.92,14.9033,86.2511,18.2968,277.3573,5.0439,31.413,10.29,1.6848,7.8733,12.7442,60.2579,1.6977,7.0325,0.0,0.0
PRF,45.996,-77.427,-4,2007,8,21,16,22.81,36.32,8.21,0.0,0.35,37.4,0.5958,6.2612,20.1812,13.92,13.653,87.3835,18.6193,277.8869,4.4517,31.8958,9.3455,1.4208,7.5739,12.3009,61.5286,0.948,3.587,0.0,0.0
PRF,45.996,-77.427,-4,2007,8,21,17,22.95,33.42,13.64,0.0,0.35,37.4,0.4768,6.2612,20.1812,13.92,12.4682,88.4729,18.9585,278.4187,6.8414,32.4012,13.382,2.6823,7.5739,11.7606,60.488,1.8254,7.5504,0.0,0.0
PRF,45.996,-77.427,-4,2007,8,21,18,22.06,35.06,10.25,0.0,0.35,37.4,0.3305,6.2612,20.1812,13.92,11.8651,89.0337,19.2765,278.9371,6.2507,32.8736,12.5589,2.3972,7.8548,11.7606,61.2239,1.3323,5.3011,0.0,0.0
PRF,45.996,-77.427,-4,2007,8,21,19,21.21,37.61,5.688,0.0,0.35,37.4,0.1724,6.2612,20.1812,13.92,11.6598,89.2255,19.5703,279.4427,5.1058,33.3088,10.7417,1.8179,8.7194,11.7606,62.156,0.5586,2.1137,0.0,0.0
PRF,45.996,-77.427,-4,2007,8,21,20,16.44,58.08,3.228,0.0,0.35,37.4,0.0127,6.2612,20.1812,13.92,12.1507,88.7676,19.7233,279.8768,4.2234,33.538,9.1992,1.3817,12.0639,13.608,62.1114,0.1993,0.754,0.0,0.0
PRF,45.996,-77.427,-4,2007,8,21,21,11.76,81.2,2.82,0.0,0.35,37.4,0.0,6.2612,20.1812,13.92,13.6733,87.365,19.7233,279.8768,3.3839,33.538,7.5785,0.9805,16.9894,17.7479,60.8148,0.0617,0.2336,0.0,0.0
PRF,45.996,-77.427,-4,2007,8,21,22,10.5,84.3,3.204,0.0,0.35,37.4,0.0,6.2612,20.1812,13.92,15.1223,86.0546,19.7233,279.8768,2.8649,33.538,6.5063,0.7485,20.0785,20.4561,59.7481,0.0,0.0,0.0,0.0
PRF,45.996,-77.427,-4,2007,8,21,23,10.91,78.89,6.228,0.0,0.35,37.4,0.0,6.2612,20.1812,13.92,16.0291,85.2464,19.7233,279.8768,2.9807,33.538,6.7509,0.799,20.7104,20.8874,59.2489,0.0,0.0,0.0,0.0
PRF,45.996,-77.427,-4,2007,8,22,0,11.36,83.3,5.604,0.0,0.35,38.2,0.0,6.2819,20.1522,13.8703,17.0278,84.3665,19.7233,279.8768,2.561,33.538,5.848,0.6197,21.7013,21.7831,59.3923,0.0,0.0,0.0,0.0
PRF,45.996,-77.427,-4,2007,8,22,1,9.92,89.2,2.364,0.0,0.35,38.2,0.0,6.2819,20.1522,13.8703,18.2148,83.3347,19.7233,279.8768,1.8971,33.538,4.3115,0.3613,23.4465,23.4883,58.9832,0.0,0.0,0.0,0.0
PRF,45.996,-77.427,-4,2007,8,22,2,9.1,91.5,2.4,0.0,0.35,38.2,0.0,6.2819,20.1522,13.8703,19.412,82.3088,19.7233,279.8768,1.6689,33.538,3.7437,0.2814,24.9526,24.9743,58.3221,0.0,0.0,0.0,0.0
PRF,45.996,-77.427,-4,2007,8,22,3,9.1,92.1,3.744,0.0,0.35,38.2,0.0,6.2819,20.1522,13.8703,20.5094,81.3813,19.7233,279.8768,1.5978,33.538,3.5617,0.2576,25.9126,25.9235,57.8026,0.0,0.0,0.0,0.0
PRF,45.996,-77.427,-4,2007,8,22,4,9.65,90.5,5.424,0.0,0.35,38.2,0.0,6.2819,20.1522,13.8703,21.257,80.7563,19.7233,279.8768,1.6197,33.538,3.6181,0.2649,25.9276,25.9328,57.6796,0.0,0.0,0.0,0.0
PRF,45.996,-77.427,-4,2007,8,22,5,12.72,78.86,6.552,0.0,0.35,38.2,0.0,6.2819,20.1522,13.8703,21.2409,80.7698,19.7233,279.8768,1.717,33.538,3.8654,0.2978,24.9344,24.9379,58.0183,0.0,0.0,0.0,0.0
PRF,45.996,-77.427,-4,2007,8,22,6,13.36,78.26,3.936,0.0,0.35,38.2,0.0,6.2819,20.1522,13.8703,21.1967,80.8066,19.7233,279.8768,1.5111,33.538,3.336,0.2294,24.2065,24.2088,58.5438,0.0,0.0,0.0,0.0
PRF,45.996,-77.427,-4,2007,8,22,7,13.56,80.3,4.272,0.0,0.35,38.2,0.0503,6.2819,20.1522,13.8703,21.1967,80.8066,19.7826,280.2677,1.5369,33.6307,3.4112,0.2387,23.3733,23.9167,58.6417,0.0,0.0,0.0,0.0
PRF,45.996,-77.427,-4,2007,8,22,8,14.14,78.9,8.28,0.0,0.35,38.2,0.14,6.2819,20.1522,13.8703,21.1549,80.8413,19.8488,280.6673,1.8882,33.7336,4.3079,0.3608,21.7027,23.4416,58.4667,0.0,0.0,0.0,0.0
PRF,45.996,-77.427,-4,2007,8,22,9,14.51,80.2,7.704,0.0,0.35,38.2,0.2154,6.2819,20.1522,13.8703,21.1549,80.8413,19.9126,281.0725,1.8341,33.833,4.1843,0.3426,20.1812,23.2725,58.591,0.0,0.0,0.0,0.0
PRF,45.996,-77.427,-4,2007,8,22,10,15.19,80.6,10.86,0.0,0.35,38.2,0.2893,6.2819,20.1522,13.8703,21.1549,80.8413,19.978,281.4878,2.1503,33.9349,4.956,0.4623,18.9012,23.1365,58.306,0.1066,0.4032,0.0,0.0
PRF,45.996,-77.427,-4,2007,8,22,11,15.6,80.8,8.05,0.0,0.35,38.2,0.3486,6.2819,20.1522,13.8703,21.1549,80.8413,20.0445,281.9093,1.8664,34.0385,4.2828,0.3571,17.6253,23.0436,58.6453,0.0,0.0,0.0,0.0
PRF,45.996,-77.427,-4,2007,8,22,12,16.41,80.7,9.67,0.0,0.35,38.2,0.4009,6.2819,20.1522,13.8703,21.135,80.8579,20.1148,282.343,2.0289,34.1478,4.6887,0.4191,16.6772,22.881,58.5336,0.1209,0.4574,0.0,0.0
PRF,45.996,-77.427,-4,2007,8,22,13,17.7,78.1,11.9,0.0,0.35,38.2,0.4754,6.2819,20.1522,13.8703,20.9499,81.0124,20.2009,282.796,2.31,34.28,5.3638,0.5318,15.5659,22.2248,58.5063,0.2439,0.9229,0.0,0.0
PRF,45.996,-77.427,-4,2007,8,22,14,17.43,80.8,7.476,0.0,0.35,38.2,0.4271,6.2819,20.1522,13.8703,20.9378,81.0225,20.2752,283.2449,1.8505,34.3952,4.2764,0.3561,15.3147,22.2248,59.0216,0.0,0.0,0.0,0.0
PRF,45.996,-77.427,-4,2007,8,22,15,16.92,83.5,9.91,0.0,0.35,38.2,0.3509,6.2819,20.1522,13.8703,20.9378,81.0225,20.3372,283.6862,2.092,34.4925,4.8739,0.4489,15.3147,22.2248,58.7473,0.198,0.7494,0.0,0.0
PRF,45.996,-77.427,-4,2007,8,22,16,17.03,85.2,6.708,0.0,0.35,38.2,0.2836,6.2819,20.1522,13.8703,20.9378,81.0225,20.3931,284.1292,1.7803,34.5812,4.1172,0.333,15.4375,22.2248,59.1036,0.0,0.0,0.0,0.0
PRF,45.996,-77.427,-4,2007,8,22,17,17.2,83.2,11.92,0.0,0.35,38.2,0.2483,6.2819,20.1522,13.8703,20.9378,81.0225,20.4573,284.5747,2.315,34.6816,5.418,0.5413,16.0507,22.2248,58.5038,0.2444,0.9246,0.0,0.0
PRF,45.996,-77.427,-4,2007,8,22,18,17.13,83.1,9.82,0.0,0.35,38.2,0.1726,6.2819,20.1522,13.8703,20.9378,81.0225,20.5215,285.0191,2.0825,34.7822,4.8798,0.4498,16.859,22.2248,58.7579,0.1959,0.7413,0.0,0.0
PRF,45.996,-77.427,-4,2007,8,22,19,16.86,85.3,9.74,0.0,0.35,38.2,0.0804,6.2819,20.1522,13.8703,20.9378,81.0225,20.5766,285.4595,2.0742,34.8695,4.8683,0.4479,18.702,22.2248,58.7672,0.194,0.7341,0.0,0.0
PRF,45.996,-77.427,-4,2007,8,22,20,16.28,87.8,7.5,0.0,0.35,38.2,0.0043,6.2819,20.1522,13.8703,21.1517,80.844,20.6207,285.8912,1.8159,34.9408,4.2392,0.3506,21.2567,22.6749,58.8455,0.0,0.0,0.0,0.0
PRF,45.996,-77.427,-4,2007,8,22,21,16.08,91.3,8.1,0.0,0.35,38.2,0.0,6.2819,20.1522,13.8703,21.7757,80.326,20.6207,285.8912,1.7685,34.9408,4.1193,0.3333,23.3549,23.8808,58.3113,0.0,0.0,0.0,0.0
PRF,45.996,-77.427,-4,2007,8,22,22,16.11,90.7,5.028,0.0,0.35,38.2,0.0,6.2819,20.1522,13.8703,22.1308,80.0329,20.6207,285.8912,1.4687,34.9408,3.3342,0.2292,23.9204,24.1291,58.4878,0.0,0.0,0.0,0.0
PRF,45.996,-77.427,-4,2007,8,22,23,16.22,90.6,5.784,0.0,0.35,38.2,0.0,6.2819,20.1522,13.8703,22.3879,79.8215,20.6207,285.8912,1.4927,34.9408,3.399,0.2372,24.1007,24.1817,58.401,0.0,0.0,0.0,0.0
PRF,45.996,-77.427,-4,2007,8,23,0,16.05,92.1,8.32,0.0,0.35,39.0,0.0,6.3025,20.1229,13.8204,22.8196,79.4679,20.6207,285.8912,1.6369,34.9408,3.7808,0.2863,24.6682,24.6981,58.3701,0.0,0.0,0.0,0.0
PRF,45.996,-77.427,-4,2007,8,23,1,15.98,92.9,13.13,0.0,0.35,39.0,0.0,6.3025,20.1229,13.8204,23.3034,79.0738,20.6207,285.8912,2.0078,34.9408,4.7144,0.4232,25.1738,25.184,57.7069,0.0,0.0,0.0,0.0
PRF,45.996,-77.427,-4,2007,8,23,2,16.08,92.9,9.74,0.0,0.35,39.0,0.0,6.3025,20.1229,13.8204,23.6352,78.8048,20.6207,285.8912,1.6505,34.9408,3.816,0.2911,25.3237,25.3274,57.9841,0.0,0.0,0.0,0.0
PRF,45.996,-77.427,-4,2007,8,23,3,15.77,94.7,8.14,0.0,0.35,39.0,0.0,6.3025,20.1229,13.8204,24.2022,78.3474,20.6207,285.8912,1.4614,34.9408,3.3144,0.2268,26.0522,26.0536,57.8215,0.0,0.0,0.0,0.0
PRF,45.996,-77.427,-4,2007,8,23,4,15.94,95.3,3.396,0.0,0.35,39.0,0.0,6.3025,20.1229,13.8204,24.6833,77.9618,20.6207,285.8912,1.1134,34.9408,2.3239,0.121,26.484,26.4846,57.9747,0.0,0.0,0.0,0.0
PRF,45.996,-77.427,-4,2007,8,23,5,15.98,96.2,8.2,0.0,0.35,39.0,0.0,6.3025,20.1229,13.8204,25.2795,77.4868,20.6207,285.8912,1.3648,34.9408,3.0496,0.1957,27.0137,27.0139,57.4059,0.0,0.0,0.0,0.0
PRF,45.996,-77.427,-4,2007,8,23,6,16.05,95.9,6.66,0.0,0.35,39.0,0.0,6.3025,20.1229,13.8204,25.6463,77.1962,20.6207,285.8912,1.2349,34.9408,2.6823,0.156,27.0794,27.0795,57.4884,0.0,0.0,0.0,0.0
PRF,45.996,-77.427,-4,2007,8,23,7,16.11,94.8,9.07,0.0,0.35,39.0,0.0188,6.3025,20.1229,13.8204,25.7066,77.1486,20.6393,286.3204,1.3894,34.9755,3.1203,0.2038,27.0794,27.0795,57.3118,0.0,0.0,0.0,0.0
PRF,45.996,-77.427,-4,2007,8,23,8,16.45,95.0,5.268,0.0,0.35,39.0,0.0489,6.3025,20.1229,13.8204,25.7704,77.0982,20.6575,286.7546,1.1428,35.0098,2.4169,0.1297,27.0794,27.0795,57.5826,0.0,0.0,0.0,0.0
PRF,45.996,-77.427,-4,2007,8,23,9,17.2,95.4,6.396,0.1,0.35,39.0,0.0752,6.3025,20.1229,13.8204,25.8656,77.0231,20.6751,287.2001,1.203,35.0434,2.5966,0.1473,47.5567,28.7938,56.7338,0.0,0.0,0.1,0.0
PRF,45.996,-77.427,-4,2007,8,23,10,18.42,93.7,8.12,0.6,0.35,39.0,0.1406,6.3025,20.1229,13.8204,31.0382,73.0628,20.7008,287.6639,1.0503,35.089,2.1401,0.1046,141.4783,37.0586,52.7654,0.0,0.0,0.7,0.0
PRF,45.996,-77.427,-4,2007,8,23,11,21.24,85.5,10.24,0.0,0.35,39.0,0.3644,6.3025,20.1229,13.8204,29.7669,74.0147,20.7692,288.17,1.2193,35.1966,2.6549,0.1532,61.9121,31.6019,55.2414,0.0,0.0,0.7,1.0
PRF,45.996,-77.427,-4,2007,8,23,12,21.07,85.4,9.32,0.0,0.35,39.0,0.4026,6.3025,20.1229,13.8204,28.7007,74.8237,20.8375,288.6736,1.2127,35.3041,2.6429,0.1519,31.939,28.3755,56.7341,0.0,0.0,0.7,2.0
PRF,45.996,-77.427,-4,2007,8,23,13,23.6,75.7,10.18,0.0,0.35,39.0,0.5998,6.3025,20.1229,13.8204,26.6006,76.446,20.9648,289.2151,1.3973,35.4968,3.1812,0.2109,16.5055,23.4631,58.6709,0.0659,0.2493,0.7,3.0
PRF,45.996,-77.427,-4,2007,8,23,14,23.32,80.0,10.81,0.0,0.35,39.0,0.5357,6.3025,20.1229,13.8204,25.3098,77.4627,21.0684,289.7524,1.5537,35.6553,3.6194,0.2651,13.9624,22.0129,59.1303,0.2645,1.0008,0.7,4.0
PRF,45.996,-77.427,-4,2007,8,23,15,23.43,81.8,7.74,0.0,0.35,39.0,0.475,6.3025,20.1229,13.8204,24.4797,78.1247,21.163,290.2913,1.405,35.8011,3.2253,0.2161,13.5079,21.6224,59.638,0.0,0.0,0.0,0.0
PRF,45.996,-77.427,-4,2007,8,23,16,23.6,84.0,8.24,0.0,0.35,39.0,0.3858,6.3025,20.1229,13.8204,23.9338,78.5635,21.2469,290.8328,1.4971,35.9313,3.4886,0.2483,13.5079,21.6224,59.5802,0.0,0.0,0.0,0.0
PRF,45.996,-77.427,-4,2007,8,23,17,22.64,88.1,7.116,0.0,0.35,39.0,0.2451,6.3025,20.1229,13.8204,23.8013,78.6705,21.3067,291.3599,1.4284,36.0269,3.3073,0.226,14.8176,21.6224,59.7089,0.0,0.0,0.0,0.0
PRF,45.996,-77.427,-4,2007,8,23,18,23.05,87.7,5.796,0.0,0.35,39.0,0.1762,6.3025,20.1229,13.8204,23.6561,78.7878,21.3696,291.8932,1.3509,36.127,3.0979,0.2013,15.8472,21.6224,59.8538,0.0,0.0,0.0,0.0
PRF,45.996,-77.427,-4,2007,8,23,19,23.19,85.4,7.344,0.0,0.35,39.0,0.1014,6.3025,20.1229,13.8204,23.3603,79.0275,21.4448,292.4285,1.4935,36.2447,3.503,0.2502,16.997,21.6224,59.6831,0.0,0.0,0.0,0.0
PRF,45.996,-77.427,-4,2007,8,23,20,22.2,88.9,5.928,0.0,0.35,39.0,0.003,6.3025,20.1229,13.8204,23.3499,79.036,21.4995,292.949,1.3917,36.3328,3.228,0.2165,20.2539,21.7599,59.7856,0.0,0.0,0.0,0.0
PRF,45.996,-77.427,-4,2007,8,23,21,21.55,92.3,5.856,0.0,0.35,39.0,0.0,6.3025,20.1229,13.8204,23.3499,79.036,21.4995,292.949,1.3867,36.3328,3.2138,0.2148,22.5583,23.0326,59.2822,0.0,0.0,0.0,0.0
PRF,45.996,-77.427,-4,2007,8,23,22,20.46,97.7,4.332,0.0,0.35,39.0,0.0,6.3025,20.1229,13.8204,24.4933,78.1138,21.4995,292.949,1.1822,36.3328,2.6227,0.1499,25.5329,25.6948,58.2686,0.0,0.0,0.0,0.0
PRF,45.996,-77.427,-4,2007,8,23,23,20.05,99.3,5.64,0.0,0.35,39.0,0.0,6.3025,20.1229,13.8204,25.8102,77.0668,21.4995,292.949,1.1617,36.3328,2.5615,0.1437,27.3709,27.4249,57.4024,0.0,0.0,0.0,0.0
PRF,45.996,-77.427,-4,2007,8,24,0,19.61,100.0,3.24,0.0,0.35,39.8,0.0,6.3232,20.0933,13.7702,26.9158,76.2,21.4995,292.949,0.9688,36.3328,1.9561,0.0892,28.355,28.3748,57.5015,0.0,0.0,0.0,0.0
PRF,45.996,-77.427,-4,2007,8,24,1,19.82,100.0,4.836,0.0,0.35,39.8,0.0,6.3232,20.0933,13.7702,27.7658,75.541,21.4995,292.949,1.0075,36.3328,2.0824,0.0996,28.6891,28.6958,57.2633,0.0,0.0,0.0,0.0
PRF,45.996,-77.427,-4,2007,8,24,2,19.75,100.0,7.356,0.1,0.35,39.8,0.0,6.3232,20.0933,13.7702,28.4194,75.0387,21.4995,292.949,1.1113,36.3328,2.4086,0.1289,57.2605,30.4101,56.3274,0.0,0.0,0.1,0.0
PRF,45.996,-77.427,-4,2007,8,24,3,19.71,100.0,6.648,4.0,0.35,39.8,0.0,6.3232,20.0933,13.7702,111.8056,31.7372,14.5721,284.3095,0.0076,25.834,0.0081,0.0,250.0,98.9816,27.7771,0.0,0.0,4.1,0.0
PRF,45.996,-77.427,-4,2007,8,24,4,20.05,100.0,7.716,2.0,0.35,39.8,0.0,6.3232,20.0933,13.7702,151.9491,19.497,10.1883,277.7125,0.0002,18.6648,0.0001,0.0,250.0,133.2673,17.9703,0.0,0.0,6.1,0.0
PRF,45.996,-77.427,-4,2007,8,24,5,20.22,100.0,5.148,0.0,0.35,39.8,0.0,6.3232,20.0933,13.7702,151.9491,19.497,10.1883,277.7125,0.0001,18.6648,0.0001,0.0,250.0,133.2673,17.9703,0.0,0.0,6.1,1.0
PRF,45.996,-77.427,-4,2007,8,24,6,20.53,100.0,4.896,0.0,0.35,39.8,0.0,6.3232,20.0933,13.7702,151.9491,19.497,10.1883,277.7125,0.0001,18.6648,0.0001,0.0,250.0,133.2673,17.9703,0.0,0.0,6.1,2.0
PRF,45.996,-77.427,-4,2007,8,24,7,20.26,100.0,5.976,0.0,0.35,39.8,0.0,6.3232,20.0933,13.7702,151.9491,19.497,10.1883,278.2039,0.0001,18.6675,0.0001,0.0,250.0,133.2673,17.9703,0.0,0.0,6.1,3.0
PRF,45.996,-77.427,-4,2007,8,24,8,20.63,100.0,4.512,0.0,0.35,39.8,0.0,6.3232,20.0933,13.7702,151.9491,19.497,10.1883,278.7009,0.0001,18.6703,0.0001,0.0,250.0,133.2673,17.9703,0.0,0.0,6.1,4.0
PRF,45.996,-77.427,-4,2007,8,24,9,23.39,94.1,3.684,0.0,0.35,39.8,0.1291,6.3232,20.0933,13.7702,144.844,21.4185,10.2189,279.2392,0.0003,18.7248,0.0002,0.0,161.4015,114.503,23.0467,0.0,0.0,0.0,0.0
PRF,45.996,-77.427,-4,2007,8,24,10,24.11,87.4,10.22,0.0,0.35,39.8,0.3105,6.3232,20.0933,13.7702,127.7751,26.44,10.2864,279.7884,0.002,18.8411,0.0018,0.0,68.8977,78.4155,34.9449,0.0,0.0,0.0,0.0
PRF,45.996,-77.427,-4,2007,8,24,11,25.64,79.9,13.26,0.1,0.35,39.8,0.5029,6.3232,20.0933,13.7702,105.0448,34.1819,10.4008,280.3605,0.0195,19.0361,0.0171,0.0,33.2428,47.2276,48.1837,0.0,0.0,0.1,0.0
PRF,45.996,-77.427,-4,2007,8,24,12,26.43,75.7,6.828,0.0,0.35,39.8,0.6116,6.3232,20.0933,13.7702,87.4611,41.1993,10.5434,280.9444,0.061,19.2781,0.0541,0.0002,15.0659,31.9055,55.65,0.0,0.0,0.1,1.0
PRF,45.996,-77.427,-4,2007,8,24,13,26.29,70.32,11.96,0.0,0.35,39.8,0.6755,6.3232,20.0933,13.7702,69.608,49.4885,10.7166,281.5263,0.2808,19.5707,0.2511,0.0024,11.1413,22.6632,59.1738,0.2142,0.8105,0.1,2.0
PRF,45.996,-77.427,-4,2007,8,24,14,24.79,80.4,11.7,0.0,0.35,39.8,0.5513,6.3232,20.0933,13.7702,59.868,54.6132,10.8245,282.0856,0.4848,19.7539,0.4361,0.0063,11.1413,21.4252,59.6392,0.404,1.5286,0.1,3.0
PRF,45.996,-77.427,-4,2007,8,24,15,27.59,66.63,16.39,0.0,0.35,39.8,0.6438,6.3232,20.0933,13.7702,46.7302,62.3407,11.0289,282.687,1.067,20.0975,0.9702,0.0258,10.6669,17.6194,60.0046,1.4275,5.7942,0.1,4.0
PRF,45.996,-77.427,-4,2007,8,24,16,25.92,73.15,8.7,0.0,0.35,39.8,0.5147,6.3232,20.0933,13.7702,40.2308,66.5639,11.1834,283.2633,0.8665,20.3574,0.7943,0.0181,10.6669,17.6194,61.3178,0.3953,1.4957,0.0,0.0
PRF,45.996,-77.427,-4,2007,8,24,17,27.42,62.75,12.76,0.0,0.35,39.8,0.4494,6.3232,20.0933,13.7702,32.8272,71.746,11.4101,283.8621,1.2613,20.7364,1.6129,0.0634,10.6669,15.9858,61.0814,1.3849,5.5776,0.0,0.0
PRF,45.996,-77.427,-4,2007,8,24,18,26.26,70.9,7.44,0.0,0.35,39.8,0.289,6.3232,20.0933,13.7702,29.2082,74.4374,11.5798,284.4435,1.0811,21.0202,1.091,0.0317,11.1025,15.9858,62.0212,0.54,2.0431,0.0,0.0
PRF,45.996,-77.427,-4,2007,8,24,19,24.96,77.85,4.644,0.0,0.35,39.8,0.1295,6.3232,20.0933,13.7702,27.4367,75.7955,11.7025,285.0054,1.0134,21.2261,0.9539,0.025,13.5446,16.8203,62.1919,0.1753,0.6632,0.0,0.0
PRF,45.996,-77.427,-4,2007,8,24,20,23.67,82.3,5.772,0.0,0.35,39.8,0.0011,6.3232,20.0933,13.7702,26.378,76.6203,11.7955,285.5479,1.1325,21.3828,1.3232,0.0447,17.2745,18.2721,61.5305,0.1513,0.5725,0.0,0.0
PRF,45.996,-77.427,-4,2007,8,24,21,22.47,90.0,3.66,0.0,0.35,39.8,0.0,6.3232,20.0933,13.7702,26.1609,76.7906,11.7955,285.5479,1.0305,21.3828,0.9746,0.026,20.619,20.9455,60.7735,0.0,0.0,0.0,0.0
PRF,45.996,-77.427,-4,2007,8,24,22,21.18,97.1,2.076,0.0,0.35,39.8,0.0,6.3232,20.0933,13.7702,26.3402,76.6499,11.7955,285.5479,0.942,21.3828,0.8909,0.0222,24.3636,24.4817,59.3877,0.0,0.0,0.0,0.0
PRF,45.996,-77.427,-4,2007,8,24,23,21.08,97.3,1.332,0.0,0.35,39.8,0.0,6.3232,20.0933,13.7702,26.5182,76.5105,11.7955,285.5479,0.8986,21.3828,0.8499,0.0204,25.7833,25.8278,58.8155,0.0,0.0,0.0,0.0
PRF,45.996,-77.427,-4,2007,8,25,0,20.44,99.9,1.704,0.2,0.35,40.6,0.0,6.3438,20.0635,13.7197,27.3475,75.8645,11.7955,285.5479,0.8776,21.3828,0.83,0.0196,82.7929,29.2564,57.5477,0.0,0.0,0.2,0.0
PRF,45.996,-77.427,-4,2007,8,25,1,20.03,100.0,1.752,0.2,0.35,40.6,0.0,6.3438,20.0635,13.7197,28.0086,75.354,11.7955,285.5479,0.8531,21.3828,0.8068,0.0186,139.9357,32.685,55.8446,0.0,0.0,0.4,0.0
PRF,45.996,-77.427,-4,2007,8,25,2,20.37,100.0,1.716,1.0,0.35,40.6,0.0,6.3438,20.0635,13.7197,52.4247,58.8664,11.7955,285.5479,0.4138,21.3828,0.3913,0.0052,250.0,49.8278,47.3731,0.0,0.0,1.4,0.0
PRF,45.996,-77.427,-4,2007,8,25,3,19.89,100.0,4.164,4.0,0.35,40.6,0.0,6.3438,20.0635,13.7197,136.9968,23.6522,6.7389,272.8415,0.0006,12.694,0.0004,0.0,250.0,118.3993,22.1287,0.0,0.0,5.4,0.0
PRF,45.996,-77.427,-4,2007,8,25,4,19.48,99.0,4.74,2.6,0.35,40.6,0.0,6.3438,20.0635,13.7197,178.2533,13.1138,3.8223,264.5258,0.0,7.3781,0.0,0.0,242.6635,158.5807,12.1822,0.0,0.0,8.0,0.0
PRF,45.996,-77.427,-4,2007,8,25,5,19.45,99.5,5.7,4.7,0.35,40.6,0.0,6.3438,20.0635,13.7197,218.7816,5.0743,1.5316,249.9187,0.0,3.0169,0.0,0.0,246.0492,235.3996,0.0,0.0,0.0,12.7,0.0
PRF,45.996,-77.427,-4,2007,8,25,6,19.31,98.1,4.776,2.5,0.35,40.6,0.0,6.3438,20.0635,13.7197,230.6391,3.0482,0.2691,242.361,0.0,0.5367,0.0,0.0,236.5378,236.5378,0.0,0.0,0.0,15.2,0.0
PRF,45.996,-77.427,-4,2007,8,25,7,18.77,95.8,5.304,1.4,0.35,40.6,0.0169,6.3438,20.0635,13.7197,234.1491,2.4726,0.0175,238.6593,0.0,0.035,0.0,0.0,213.6077,222.1254,0.6008,0.0,0.0,16.6,0.0
PRF,45.996,-77.427,-4,2007,8,25,8,18.74,96.9,2.94,0.5,0.35,40.6,0.0352,6.3438,20.0635,13.7197,236.3356,2.1194,0.0129,237.6471,0.0,0.0258,0.0,0.0,214.848,214.1982,1.8371,0.0,0.0,17.1,0.0
PRF,45.996,-77.427,-4,2007,8,25,9,18.91,94.0,5.58,0.6,0.35,40.6,0.1031,6.3438,20.0635,13.7197,233.0399,2.6534,0.0252,236.3464,0.0,0.0504,0.0,0.0,173.9204,190.5999,5.838,0.0,0.0,17.7,0.0
PRF,45.996,-77.427,-4,2007,8,25,10,19.28,93.2,4.248,0.0,0.35,40.6,0.1555,6.3438,20.0635,13.7197,221.2021,4.6501,0.0543,236.8231,0.0,0.1085,0.0,0.0,114.2233,161.3657,11.5819,0.0,0.0,17.7,1.0
PRF,45.996,-77.427,-4,2007,8,25,11,19.34,92.8,3.828,0.0,0.35,40.6,0.1955,6.3438,20.0635,13.7197,209.7806,6.7021,0.0852,237.3007,0.0,0.1703,0.0,0.0,74.0403,136.8496,17.2393,0.0,0.0,17.7,2.0
PRF,45.996,-77.427,-4,2007,8,25,12,18.86,95.9,4.344,0.0,0.35,40.6,0.1292,6.3438,20.0635,13.7197,203.145,7.9557,0.1024,237.7711,0.0,0.2045,0.0,0.0,57.083,124.2999,20.4986,0.0,0.0,17.7,3.0
PRF,45.996,-77.427,-4,2007,8,25,13,18.59,98.9,4.128,0.3,0.35,40.6,0.0381,6.3438,20.0635,13.7197,205.2236,7.558,0.0045,237.3503,0.0,0.0091,0.0,0.0,127.8903,126.1332,20.0053,0.0,0.0,18.0,0.0
PRF,45.996,-77.427,-4,2007,8,25,14,19.1,97.8,5.916,1.1,0.35,40.6,0.0753,6.3438,20.0635,13.7197,211.039,6.4697,0.0093,234.5842,0.0,0.0187,0.0,0.0,195.9677,136.5328,17.3183,0.0,0.0,19.1,0.0
PRF,45.996,-77.427,-4,2007,8,25,15,19.24,97.1,1.968,1.5,0.35,40.6,0.0911,6.3438,20.0635,13.7197,218.8196,5.0676,0.0124,230.6789,0.0,0.0248,0.0,0.0,196.4474,152.8638,13.4469,0.0,0.0,20.6,0.0
PRF,45.996,-77.427,-4,2007,8,25,16,19.44,98.7,3.132,0.8,0.35,40.6,0.0372,6.3438,20.0635,13.7197,224.4254,4.0938,0.0056,228.8379,0.0,0.0112,0.0,0.0,221.1016,161.4328,11.5676,0.0,0.0,21.4,0.0
PRF,45.996,-77.427,-4,2007,8,25,17,19.68,96.8,4.02,0.0,0.35,40.6,0.07,6.3438,20.0635,13.7197,218.6753,5.0931,0.0196,229.3206,0.0,0.0392,0.0,0.0,174.3499,148.9525,14.3381,0.0,0.0,21.4,1.0
PRF,45.996,-77.427,-4,2007,8,25,18,19.68,97.9,2.436,0.1,0.35,40.6,0.0323,6.3438,20.0635,13.7197,217.802,5.2476,0.0092,229.5135,0.0,0.0183,0.0,0.0,179.9717,143.9,15.5222,0.0,0.0,21.5,0.0
PRF,45.996,-77.427,-4,2007,8,25,19,19.71,97.2,1.644,0.0,0.35,40.6,0.0212,6.3438,20.0635,13.7197,213.9209,5.9433,0.0214,229.9967,0.0,0.0428,0.0,0.0,162.8791,136.2827,17.3808,0.0,0.0,21.5,1.0
PRF,45.996,-77.427,-4,2007,8,25,20,19.34,99.2,0.912,0.0,0.35,40.6,0.0,6.3438,20.0635,13.7197,212.9523,6.1193,0.0249,230.4743,0.0,0.0497,0.0,0.0,160.579,134.4557,17.8404,0.0,0.0,21.5,2.0
PRF,45.996,-77.427,-4,2007,8,25,21,18.94,100.0,1.08,0.0,0.35,40.6,0.0,6.3438,20.0635,13.7197,212.9523,6.1193,0.0249,230.4743,0.0,0.0497,0.0,0.0,160.579,134.4557,17.8404,0.0,0.0,21.5,3.0
PRF,45.996,-77.427,-4,2007,8,25,22,18.46,100.0,1.26,0.0,0.35,40.6,0.0,6.3438,20.0635,13.7197,212.9523,6.1193,0.0249,230.4743,0.0,0.0497,0.0,0.0,160.579,134.4557,17.8404,0.0,0.0,21.5,4.0
PRF,45.996,-77.427,-4,2007,8,25,23,17.95,97.5,6.36,5.2,0.35,40.6,0.0,6.3438,20.0635,13.7197,232.9891,2.6617,0.0,215.6364,0.0,0.0,0.0,0.0,231.993,207.7742,2.8769,0.0,0.0,26.7,0.0
PRF,45.996,-77.427,-4,2007,8,26,0,17.72,98.2,5.688,1.5,0.35,41.4,0.0,6.3644,20.0335,13.6691,242.0617,1.2132,0.0,211.4566,0.0,0.0,0.0,0.0,237.2713,221.7281,0.7647,0.0,0.0,28.2,0.0
PRF,45.996,-77.427,-4,2007,8,26,1,17.14,98.4,5.16,0.4,0.35,41.4,0.0,6.3644,20.0335,13.6691,246.6952,0.4991,0.0,210.3493,0.0,0.0,0.0,0.0,239.1762,218.8311,1.2131,0.0,0.0,28.6,0.0
PRF,45.996,-77.427,-4,2007,8,26,2,16.52,99.4,7.572,0.1,0.35,41.4,0.0,6.3644,20.0335,13.6691,248.5963,0.211,0.0,210.073,0.0,0.0,0.0,0.0,245.3552,216.5355,1.5732,0.0,0.0,28.7,0.0
PRF,45.996,-77.427,-4,2007,8,26,3,16.46,98.8,7.968,0.0,0.35,41.4,0.0,6.3644,20.0335,13.6691,245.8065,0.6348,0.0,210.073,0.0,0.0,0.0,0.0,236.3347,208.7445,2.8278,0.0,0.0,28.7,1.0
PRF,45.996,-77.427,-4,2007,8,26,4,16.08,97.2,7.416,0.0,0.35,41.4,0.0,6.3644,20.0335,13.6691,239.8553,1.5592,0.0,210.073,0.0,0.0,0.0,0.0,217.998,192.8886,5.5474,0.0,0.0,28.7,2.0
PRF,45.996,-77.427,-4,2007,8,26,5,15.33,98.4,4.704,0.0,0.35,41.4,0.0,6.3644,20.0335,13.6691,236.9911,2.0143,0.0,210.073,0.0,0.0,0.0,0.0,209.6092,185.6434,6.8706,0.0,0.0,28.7,3.0
PRF,45.996,-77.427,-4,2007,8,26,6,15.09,98.9,5.628,0.0,0.35,41.4,0.0,6.3644,20.0335,13.6691,234.9333,2.3455,0.0,210.073,0.0,0.0,0.0,0.0,203.7535,180.5886,7.8262,0.0,0.0,28.7,4.0
PRF,45.996,-77.427,-4,2007,8,26,7,15.16,97.2,6.42,0.0,0.35,41.4,0.0091,6.3644,20.0335,13.6691,229.7176,3.2011,0.0094,210.4879,0.0,0.0188,0.0,0.0,185.7516,168.2705,10.2742,0.0,0.0,0.0,0.0
PRF,45.996,-77.427,-4,2007,8,26,8,15.53,89.4,6.648,0.0,0.35,41.4,0.0856,6.3644,20.0335,13.6691,213.1355,6.0859,0.046,210.9083,0.0,0.0919,0.0,0.0,129.5068,133.3055,18.3042,0.0,0.0,0.0,0.0
PRF,45.996,-77.427,-4,2007,8,26,9,16.08,86.3,7.236,0.0,0.35,41.4,0.173,6.3644,20.0335,13.6691,193.8503,9.7937,0.0949,211.337,0.0,0.1895,0.0,0.0,80.2271,100.553,27.7051,0.0,0.0,0.0,0.0
PRF,45.996,-77.427,-4,2007,8,26,10,17.81,73.02,6.936,0.0,0.35,41.4,0.3816,6.3644,20.0335,13.6691,165.6566,16.0367,0.2015,211.7917,0.0,0.4021,0.0,0.0,39.411,64.6316,41.0083,0.0,0.0,0.0,0.0
PRF,45.996,-77.427,-4,2007,8,26,11,18.21,58.25,8.46,0.0,0.35,41.4,0.5547,6.3644,20.0335,13.6691,134.188,24.4819,0.3703,212.2523,0.001,0.7374,0.0002,0.0,19.4261,38.5377,53.1312,0.0,0.0,0.0,0.0
PRF,45.996,-77.427,-4,2007,8,26,12,19.37,55.75,12.79,0.0,0.35,41.4,0.6398,6.3644,20.0335,13.6691,105.2962,34.0886,0.5606,212.7304,0.0186,1.1139,0.005,0.0,12.9518,24.9793,59.0436,0.0,0.0,0.0,0.0
PRF,45.996,-77.427,-4,2007,8,26,13,20.56,52.38,12.02,0.0,0.35,41.4,0.6908,6.3644,20.0335,13.6691,81.9969,43.5993,0.778,213.2263,0.1201,1.5419,0.0347,0.0001,10.4499,18.8981,61.264,0.9579,3.6247,0.0,0.0
PRF,45.996,-77.427,-4,2007,8,26,14,20.97,47.06,12.76,0.0,0.35,41.4,0.6964,6.3644,20.0335,13.6691,63.2234,52.7942,1.0244,213.7283,0.4272,2.0246,0.1328,0.0008,9.4319,15.91,61.9743,1.6214,6.704,0.0,0.0
PRF,45.996,-77.427,-4,2007,8,26,15,21.42,44.47,10.58,0.0,0.35,41.4,0.6522,6.3644,20.0335,13.6691,49.4426,60.6607,1.2885,214.2371,0.7257,2.5388,0.2417,0.0022,8.8799,14.5324,62.7411,1.5421,6.3458,0.0,0.0
PRF,45.996,-77.427,-4,2007,8,26,16,21.69,43.24,11.84,0.0,0.35,41.4,0.5664,6.3644,20.0335,13.6691,38.9462,67.4335,1.5618,214.75,1.0457,3.0678,0.3713,0.0047,8.8799,13.8635,62.6517,1.8737,7.7368,0.0,0.0
PRF,45.996,-77.427,-4,2007,8,26,17,22.4,41.71,5.256,0.0,0.35,41.4,0.4504,6.3644,20.0335,13.6691,31.9932,72.3566,1.8516,215.2735,0.8839,3.6253,0.3336,0.0039,8.8799,13.3808,64.0583,0.5413,2.0481,0.0,0.0
PRF,45.996,-77.427,-4,2007,8,26,18,21.42,43.0,8.69,0.0,0.35,41.4,0.3038,6.3644,20.0335,13.6691,26.7274,76.3469,2.1227,215.7823,1.2875,4.1435,0.5121,0.0083,9.0883,13.3808,63.4022,1.2749,4.9864,0.0,0.0
PRF,45.996,-77.427,-4,2007,8,26,19,19.75,50.13,5.184,0.0,0.35,41.4,0.1431,6.3644,20.0335,13.6691,23.8901,78.5988,2.3414,216.266,1.2875,4.5593,0.5325,0.0089,10.5565,13.3808,64.0715,0.5203,1.9687,0.0,0.0
PRF,45.996,-77.427,-4,2007,8,26,20,14.68,83.1,3.168,0.0,0.35,41.4,0.0,6.3644,20.0335,13.6691,23.7294,78.7285,2.3964,216.6737,1.1769,4.6639,0.4914,0.0077,16.6694,17.9286,62.8776,0.092,0.3481,0.0,0.0
PRF,45.996,-77.427,-4,2007,8,26,21,11.93,92.4,2.448,0.0,0.35,41.4,0.0,6.3644,20.0335,13.6691,23.977,78.5287,2.3964,216.6737,1.1147,4.6639,0.4655,0.007,21.647,22.2531,61.1882,0.0,0.0,0.0,0.0
PRF,45.996,-77.427,-4,2007,8,26,22,10.33,98.4,2.628,0.0,0.35,41.4,0.0,6.3644,20.0335,13.6691,25.1168,77.6161,2.3964,216.6737,1.0413,4.6639,0.4348,0.0062,25.9998,26.3004,59.3255,0.0,0.0,0.0,0.0
PRF,45.996,-77.427,-4,2007,8,26,23,9.75,99.9,2.784,0.0,0.35,41.4,0.0,6.3644,20.0335,13.6691,26.3475,76.6442,2.3964,216.6737,0.9758,4.6639,0.4075,0.0056,28.7493,28.8999,58.067,0.0,0.0,0.0,0.0
PRF,45.996,-77.427,-4,2007,8,27,0,8.8,99.9,3.372,0.0,0.35,42.2,0.0,6.385,20.0032,13.6182,27.369,75.8479,2.3964,216.6737,0.9535,4.6639,0.3982,0.0053,30.2407,30.3168,57.7382,0.0,0.0,0.0,0.0
PRF,45.996,-77.427,-4,2007,8,27,1,8.12,99.9,2.352,0.0,0.35,42.2,0.0,6.385,20.0032,13.6182,28.1776,75.2241,2.3964,216.6737,0.8727,4.6639,0.3644,0.0046,31.0484,31.0885,57.396,0.0,0.0,0.0,0.0
PRF,45.996,-77.427,-4,2007,8,27,2,7.38,99.9,3.072,0.0,0.35,42.2,0.0,6.385,20.0032,13.6182,28.8699,74.6946,2.3964,216.6737,0.8791,4.6639,0.3671,0.0046,31.5691,31.5903,57.1167,0.0,0.0,0.0,0.0
PRF,45.996,-77.427,-4,2007,8,27,3,6.56,99.9,2.304,0.0,0.35,42.2,0.0,6.385,20.0032,13.6182,29.4359,74.2648,2.3964,216.6737,0.8274,4.6639,0.3455,0.0041,31.9321,31.9437,56.9675,0.0,0.0,0.0,0.0
PRF,45.996,-77.427,-4,2007,8,27,4,5.912,99.9,3.492,0.0,0.35,42.2,0.0,6.385,20.0032,13.6182,29.9378,73.886,2.3964,216.6737,0.8626,4.6639,0.3602,0.0045,32.2143,32.2205,56.7855,0.0,0.0,0.0,0.0
PRF,45.996,-77.427,-4,2007,8,27,5,5.605,99.9,3.888,0.0,0.35,42.2,0.0,6.385,20.0032,13.6182,30.3655,73.5648,2.3964,216.6737,0.8672,4.6639,0.3621,0.0045,32.405,32.4083,56.6771,0.0,0.0,0.0,0.0
PRF,45.996,-77.427,-4,2007,8,27,6,5.332,99.9,4.092,0.0,0.35,42.2,0.0,6.385,20.0032,13.6182,30.7286,73.2934,2.3964,216.6737,0.8658,4.6639,0.3615,0.0045,32.5414,32.5432,56.6024,0.0,0.0,0.0,0.0
PRF,45.996,-77.427,-4,2007,8,27,7,5.23,99.9,3.324,0.0,0.35,42.2,0.0002,6.385,20.0032,13.6182,31.0262,73.0717,2.3965,216.9397,0.8251,4.6643,0.3446,0.0041,32.6194,32.627,56.5877,0.0,0.0,0.0,0.0
PRF,45.996,-77.427,-4,2007,8,27,8,8.25,99.8,4.08,0.0,0.35,42.2,0.0012,6.385,20.0032,13.6182,31.1869,72.9523,2.3969,217.2509,0.8529,4.6651,0.3562,0.0044,32.6194,32.627,56.561,0.0,0.0,0.0,0.0
PRF,45.996,-77.427,-4,2007,8,27,9,12.13,93.8,1.044,0.0,0.35,42.2,0.0712,6.385,20.0032,13.6182,31.0958,73.02,2.4136,217.6204,0.734,4.697,0.3074,0.0034,31.3573,32.4309,56.7627,0.0,0.0,0.0,0.0
PRF,45.996,-77.427,-4,2007,8,27,10,15.81,75.35,5.964,0.0,0.35,42.2,0.3366,6.385,20.0032,13.6182,29.5061,74.2117,2.5001,218.045,0.9924,4.8609,0.4217,0.0059,22.5179,27.9809,58.7279,0.0,0.0,0.0,0.0
PRF,45.996,-77.427,-4,2007,8,27,11,18.76,61.18,3.996,0.0,0.35,42.2,0.5452,6.385,20.0032,13.6182,27.0764,76.075,2.6618,218.5139,0.9983,5.1663,0.4356,0.0062,14.4922,22.7639,61.2452,0.0,0.0,0.0,0.0
PRF,45.996,-77.427,-4,2007,8,27,12,20.22,54.77,6.336,0.0,0.35,42.2,0.6496,6.385,20.0032,13.6182,24.3238,78.2497,2.8648,219.0047,1.3231,5.5482,0.5959,0.0109,10.6448,18.8195,62.5613,0.1535,0.5807,0.0,0.0
PRF,45.996,-77.427,-4,2007,8,27,13,21.59,52.51,6.756,0.0,0.35,42.2,0.6965,6.385,20.0032,13.6182,21.8472,80.2669,3.0924,219.5161,1.6423,5.9745,0.765,0.0169,9.0082,16.5707,63.2744,0.4976,1.8827,0.0,0.0
PRF,45.996,-77.427,-4,2007,8,27,14,23.26,50.06,7.716,0.0,0.35,42.2,0.7019,6.385,20.0032,13.6182,19.5683,82.1759,3.3503,220.0525,2.1462,6.455,1.2023,0.0377,8.2403,15.0639,63.5768,0.873,3.3031,0.0,0.0
